Symbol,LTP,SMMA20,SMMA120,RSI,Signal,Confidence,Reason,Historical Rows,Scan Time
SPORTKING-EQ,203.53,196.77,142.7,50.74,BUY,100.0,Close above SMMA20; SMMA20 above SMMA120; RSI bullish range,168,2026-08-12 19:45:05
MCLEODRUSS-EQ,47.93,54.24,50.81,37.27,HOLD,66.67,Partial bearish conditions,168,2026-08-12 19:45:06
BANKADD-EQ,59.17,58.58,58.48,54.78,BUY,100.0,Close above SMMA20; SMMA20 above SMMA120; RSI bullish range,168,2026-08-12 19:45:08
KRBL-EQ,373.2,363.62,355.93,56.72,BUY,100.0,Close above SMMA20; SMMA20 above SMMA120; RSI bullish range,168,2026-08-12 19:45:09
AERONEU-EQ,84.95,86.97,80.5,44.84,HOLD,66.67,Partial bearish conditions,168,2026-08-12 19:45:10
PETRONET-EQ,279.4,278.13,279.61,51.22,HOLD,66.67,Partial bullish conditions,168,2026-08-12 19:45:12
EKC-EQ,112.19,112.46,113.47,50.76,HOLD,66.67,Partial bearish conditions,168,2026-08-12 19:45:14
AMBUJACEM-EQ,422.0,432.28,467.87,43.12,SELL,100.0,Close below SMMA20; SMMA20 below SMMA120; RSI bearish range,168,2026-08-12 19:45:15
SWSOLAR-EQ,202.54,213.59,204.11,37.11,HOLD,66.67,Partial bearish conditions,168,2026-08-12 19:45:17
GREENPANEL-EQ,176.66,193.51,205.46,31.97,SELL,100.0,Close below SMMA20; SMMA20 below SMMA120; RSI bearish range,168,2026-08-12 19:45:18
KEC-EQ,441.8,487.55,566.59,29.7,HOLD,66.67,Partial bearish conditions,168,2026-08-12 19:45:20
GSEC10IETF-EQ,266.05,263.46,260.17,56.3,BUY,100.0,Close above SMMA20; SMMA20 above SMMA120; RSI bullish range,153,2026-08-12 19:45:21
FINPIPE-EQ,161.35,167.24,172.57,42.19,SELL,100.0,Close below SMMA20; SMMA20 below SMMA120; RSI bearish range,168,2026-08-12 19:45:22
NPBET-EQ,282.97,285.55,284.6,45.23,HOLD,66.67,Partial bearish conditions,168,2026-08-12 19:45:24
GREAVESCOT-EQ,193.76,216.96,182.98,34.02,HOLD,66.67,Partial bearish conditions,168,2026-08-12 19:45:25
INDORAMA-EQ,57.34,51.89,43.21,57.48,BUY,100.0,Close above SMMA20; SMMA20 above SMMA120; RSI bullish range,168,2026-08-12 19:45:27
CREST-EQ,366.0,374.45,364.89,42.14,HOLD,66.67,Partial bearish conditions,168,2026-08-12 19:45:28
NIFTYBETA-EQ,271.4,267.99,270.47,58.8,HOLD,66.67,Partial bullish conditions,168,2026-08-12 19:45:29
IGPL-EQ,464.2,458.89,410.2,49.42,HOLD,66.67,Partial bullish conditions,168,2026-08-12 19:45:31
ENIL-EQ,101.31,106.87,110.49,33.39,SELL,100.0,Close below SMMA20; SMMA20 below SMMA120; RSI bearish range,168,2026-08-12 19:45:32
COMMOIETF-EQ,100.41,100.94,99.65,47.15,HOLD,66.67,Partial bearish conditions,168,2026-08-12 19:45:34
MALUPAPER-EQ,31.56,32.22,32.61,45.66,SELL,100.0,Close below SMMA20; SMMA20 below SMMA120; RSI bearish range,168,2026-08-12 19:45:35
KUANTUM-EQ,86.0,79.15,82.21,71.97,HOLD,33.33,No complete signal,168,2026-08-12 19:45:36
EMAMILTD-EQ,397.25,408.17,445.68,44.02,SELL,100.0,Close below SMMA20; SMMA20 below SMMA120; RSI bearish range,168,2026-08-12 19:45:38
ESG-EQ,42.1,41.63,41.81,54.9,HOLD,66.67,Partial bullish conditions,168,2026-08-12 19:45:39
TARMAT-EQ,54.95,51.06,52.45,65.32,HOLD,66.67,Partial bullish conditions,168,2026-08-12 19:45:41
TARC-EQ,128.53,129.05,138.28,48.11,SELL,100.0,Close below SMMA20; SMMA20 below SMMA120; RSI bearish range,168,2026-08-12 19:45:42
ADSL-EQ,113.75,118.06,123.28,41.17,SELL,100.0,Close below SMMA20; SMMA20 below SMMA120; RSI bearish range,168,2026-08-12 19:45:43
MADHAV-EQ,34.27,35.29,36.98,45.84,SELL,100.0,Close below SMMA20; SMMA20 below SMMA120; RSI bearish range,168,2026-08-12 19:45:45
RATNAVEER-EQ,210.01,187.95,164.42,66.01,BUY,100.0,Close above SMMA20; SMMA20 above SMMA120; RSI bullish range,168,2026-08-12 19:45:46
KECL-EQ,145.3,129.42,107.95,61.58,BUY,100.0,Close above SMMA20; SMMA20 above SMMA120; RSI bullish range,168,2026-08-12 19:45:48
RACE-EQ,101.0,109.88,117.45,34.9,SELL,100.0,Close below SMMA20; SMMA20 below SMMA120; RSI bearish range,168,2026-08-12 19:45:49
ANDHRAPAP-EQ,59.4,61.66,64.07,39.52,SELL,100.0,Close below SMMA20; SMMA20 below SMMA120; RSI bearish range,168,2026-08-12 19:45:51
20MICRONS-EQ,183.52,194.98,184.4,32.2,HOLD,66.67,Partial bearish conditions,168,2026-08-12 19:45:52
JAYBARMARU-EQ,130.8,154.2,116.85,33.01,HOLD,66.67,Partial bearish conditions,168,2026-08-12 19:45:53
FSL-EQ,274.5,272.38,267.22,48.19,HOLD,66.67,Partial bullish conditions,168,2026-08-12 19:45:55
SPARC-EQ,202.21,218.51,170.72,36.33,HOLD,66.67,Partial bearish conditions,168,2026-08-12 19:45:56
ADANIPOWER-EQ,206.15,214.62,184.56,38.49,HOLD,66.67,Partial bearish conditions,168,2026-08-12 19:45:58
KOLTEPATIL-EQ,492.7,400.44,371.43,74.35,HOLD,66.67,Partial bullish conditions,168,2026-08-12 19:45:59
KAVDEFENCE-EQ,58.59,59.63,64.23,48.46,SELL,100.0,Close below SMMA20; SMMA20 below SMMA120; RSI bearish range,168,2026-08-12 19:46:00
VASCONEQ-EQ,31.26,33.23,37.2,40.25,SELL,100.0,Close below SMMA20; SMMA20 below SMMA120; RSI bearish range,168,2026-08-12 19:46:02
RBLBANK-EQ,388.8,371.18,333.02,62.21,BUY,100.0,Close above SMMA20; SMMA20 above SMMA120; RSI bullish range,168,2026-08-12 19:46:10
SANDUMA-EQ,202.89,206.87,211.39,45.09,SELL,100.0,Close below SMMA20; SMMA20 below SMMA120; RSI bearish range,168,2026-08-12 19:46:11
MVGJL-EQ,156.4,161.23,164.02,43.61,SELL,100.0,Close below SMMA20; SMMA20 below SMMA120; RSI bearish range,168,2026-08-12 19:46:13
NMDC-EQ,85.62,85.4,84.02,52.8,BUY,100.0,Close above SMMA20; SMMA20 above SMMA120; RSI bullish range,168,2026-08-12 19:46:14
PAKKA-EQ,70.75,74.86,87.45,37.08,SELL,100.0,Close below SMMA20; SMMA20 below SMMA120; RSI bearish range,168,2026-08-12 19:46:15
PURVA-EQ,210.5,215.35,218.33,44.22,SELL,100.0,Close below SMMA20; SMMA20 below SMMA120; RSI bearish range,168,2026-08-12 19:46:17
ESILVER-EQ,234.93,226.33,240.82,64.57,HOLD,66.67,Partial bullish conditions,168,2026-08-12 19:46:18
SUMIT-EQ,52.35,50.26,50.21,53.04,BUY,100.0,Close above SMMA20; SMMA20 above SMMA120; RSI bullish range,168,2026-08-12 19:46:19
TRIVENI-EQ,242.24,323.84,371.14,30.66,SELL,100.0,Close below SMMA20; SMMA20 below SMMA120; RSI bearish range,168,2026-08-12 19:46:21
IOLCP-EQ,158.42,149.8,106.34,54.32,BUY,100.0,Close above SMMA20; SMMA20 above SMMA120; RSI bullish range,168,2026-08-12 19:46:22
EVEREADY-EQ,353.7,350.74,330.44,50.73,BUY,100.0,Close above SMMA20; SMMA20 above SMMA120; RSI bullish range,168,2026-08-12 19:46:24
SATIN-EQ,223.41,240.53,191.13,35.6,HOLD,66.67,Partial bearish conditions,168,2026-08-12 19:46:25
NIFTYBEES-EQ,278.32,275.35,277.81,56.22,HOLD,66.67,Partial bullish conditions,168,2026-08-12 19:46:26
ITETF-EQ,33.24,31.51,33.42,63.44,HOLD,66.67,Partial bullish conditions,168,2026-08-12 19:46:28
HDFCSENSEX-EQ,88.25,87.69,89.16,52.86,HOLD,66.67,Partial bullish conditions,168,2026-08-12 19:46:29
LICNETFN50-EQ,274.47,271.18,273.46,56.38,HOLD,66.67,Partial bullish conditions,168,2026-08-12 19:46:31
RADHIKAJWE-EQ,72.24,65.21,64.99,65.84,BUY,100.0,Close above SMMA20; SMMA20 above SMMA120; RSI bullish range,168,2026-08-12 19:46:32
SAKSOFT-EQ,163.0,166.47,159.54,44.43,HOLD,66.67,Partial bearish conditions,168,2026-08-12 19:46:33
DCMNVL-EQ,179.26,151.7,138.26,75.26,HOLD,66.67,Partial bullish conditions,168,2026-08-12 19:46:35
HDFCGROWTH-EQ,123.75,118.33,118.92,68.78,HOLD,66.67,Partial bullish conditions,168,2026-08-12 19:46:36
TEAMGTY-EQ,220.01,228.37,254.01,45.02,SELL,100.0,Close below SMMA20; SMMA20 below SMMA120; RSI bearish range,167,2026-08-12 19:46:38
AURUM-EQ,224.97,219.28,191.32,52.09,BUY,100.0,Close above SMMA20; SMMA20 above SMMA120; RSI bullish range,168,2026-08-12 19:46:39
MNC-EQ,34.86,33.79,32.21,66.99,BUY,100.0,Close above SMMA20; SMMA20 above SMMA120; RSI bullish range,168,2026-08-12 19:46:40
GUJENERGY-EQ,274.35,296.22,361.59,40.83,SELL,100.0,Close below SMMA20; SMMA20 below SMMA120; RSI bearish range,168,2026-08-12 19:46:42
JINDWORLD-EQ,36.74,34.54,28.5,53.59,BUY,100.0,Close above SMMA20; SMMA20 above SMMA120; RSI bullish range,168,2026-08-12 19:46:43
SIRCA-EQ,435.9,417.64,437.57,61.59,HOLD,66.67,Partial bullish conditions,168,2026-08-12 19:46:45
CASTROLIND-EQ,188.38,186.25,184.94,53.73,BUY,100.0,Close above SMMA20; SMMA20 above SMMA120; RSI bullish range,168,2026-08-12 19:46:46
OAL-EQ,365.0,356.1,306.13,50.5,BUY,100.0,Close above SMMA20; SMMA20 above SMMA120; RSI bullish range,168,2026-08-12 19:46:47
AYMSYNTEX-EQ,254.2,240.47,205.07,59.58,BUY,100.0,Close above SMMA20; SMMA20 above SMMA120; RSI bullish range,168,2026-08-12 19:46:49
HDFCQUAL-EQ,60.27,58.23,57.85,73.49,HOLD,66.67,Partial bullish conditions,168,2026-08-12 19:46:50
RAMRAT-EQ,473.95,429.42,367.48,64.06,BUY,100.0,Close above SMMA20; SMMA20 above SMMA120; RSI bullish range,168,2026-08-12 19:46:52
JYOTHYLAB-EQ,200.27,203.17,229.63,46.55,SELL,100.0,Close below SMMA20; SMMA20 below SMMA120; RSI bearish range,168,2026-08-12 19:46:53
BALPHARMA-EQ,90.94,86.34,78.13,57.39,BUY,100.0,Close above SMMA20; SMMA20 above SMMA120; RSI bullish range,168,2026-08-12 19:46:54
M&MFIN-EQ,395.85,359.15,341.34,60.95,BUY,100.0,Close above SMMA20; SMMA20 above SMMA120; RSI bullish range,168,2026-08-12 19:46:56
TALBROAUTO-EQ,417.35,399.51,318.5,54.61,BUY,100.0,Close above SMMA20; SMMA20 above SMMA120; RSI bullish range,168,2026-08-12 19:46:57
HDFCNIFTY-EQ,274.52,272.14,274.83,53.79,HOLD,66.67,Partial bullish conditions,168,2026-08-12 19:46:58
RHL-EQ,169.25,174.18,182.84,44.38,SELL,100.0,Close below SMMA20; SMMA20 below SMMA120; RSI bearish range,168,2026-08-12 19:47:00
VGL-EQ,60.14,62.81,64.74,37.97,SELL,100.0,Close below SMMA20; SMMA20 below SMMA120; RSI bearish range,168,2026-08-12 19:47:01
PTL-EQ,39.3,40.0,39.5,41.5,HOLD,66.67,Partial bearish conditions,168,2026-08-12 19:47:03
LOWVOL-EQ,210.75,207.82,206.03,55.62,BUY,100.0,Close above SMMA20; SMMA20 above SMMA120; RSI bullish range,165,2026-08-12 19:47:04
SUVEN-EQ,330.55,308.0,218.76,55.86,BUY,100.0,Close above SMMA20; SMMA20 above SMMA120; RSI bullish range,168,2026-08-12 19:47:05
SALSTEEL-EQ,63.05,58.17,50.28,59.67,BUY,100.0,Close above SMMA20; SMMA20 above SMMA120; RSI bullish range,168,2026-08-12 19:47:07
NDLVENTURE-EQ,128.79,128.19,115.22,51.43,BUY,100.0,Close above SMMA20; SMMA20 above SMMA120; RSI bullish range,168,2026-08-12 19:47:11
AMDIND-EQ,51.18,46.93,45.04,64.4,BUY,100.0,Close above SMMA20; SMMA20 above SMMA120; RSI bullish range,168,2026-08-12 19:47:13
NAHARINDUS-EQ,119.1,118.35,108.73,49.57,HOLD,66.67,Partial bullish conditions,168,2026-08-12 19:47:14
NAHARSPING-EQ,304.5,284.06,234.1,58.69,BUY,100.0,Close above SMMA20; SMMA20 above SMMA120; RSI bullish range,168,2026-08-12 19:47:16
IFCI-EQ,73.51,73.99,63.65,47.68,HOLD,66.67,Partial bearish conditions,168,2026-08-12 19:47:17
RAIN-EQ,209.38,209.22,161.61,46.55,HOLD,66.67,Partial bullish conditions,168,2026-08-12 19:47:18
TIPSFILMS-EQ,362.0,361.11,366.8,49.07,HOLD,66.67,Partial bearish conditions,168,2026-08-12 19:47:20
JAIBALAJI-EQ,65.81,65.17,67.65,53.79,HOLD,66.67,Partial bullish conditions,168,2026-08-12 19:47:21
RAMKY-EQ,387.7,399.61,459.68,45.64,SELL,100.0,Close below SMMA20; SMMA20 below SMMA120; RSI bearish range,168,2026-08-12 19:47:22
DBCORP-EQ,211.5,208.25,220.2,57.1,HOLD,66.67,Partial bullish conditions,168,2026-08-12 19:47:24
MUFIN-EQ,135.4,129.68,118.49,60.17,BUY,100.0,Close above SMMA20; SMMA20 above SMMA120; RSI bullish range,168,2026-08-12 19:47:25
IVZINGOLD-EQ,132.55,126.57,128.29,69.48,HOLD,66.67,Partial bullish conditions,168,2026-08-12 19:47:27
SUPERHOUSE-EQ,158.2,158.2,152.94,48.88,HOLD,66.67,Partial bullish conditions,168,2026-08-12 19:47:28
JSWINFRA-EQ,346.6,323.34,284.74,62.63,BUY,100.0,Close above SMMA20; SMMA20 above SMMA120; RSI bullish range,168,2026-08-12 19:47:29
SSWL-EQ,312.5,277.6,223.86,67.47,BUY,100.0,Close above SMMA20; SMMA20 above SMMA120; RSI bullish range,168,2026-08-12 19:47:31
KIRIINDUS-EQ,434.45,409.05,439.09,64.75,HOLD,66.67,Partial bullish conditions,168,2026-08-12 19:47:32
LLOYDSENGG-EQ,92.41,87.08,64.37,54.87,BUY,100.0,Close above SMMA20; SMMA20 above SMMA120; RSI bullish range,168,2026-08-12 19:47:34
ASIANHOTNR-EQ,302.15,306.57,304.04,46.78,HOLD,66.67,Partial bearish conditions,168,2026-08-12 19:47:35
IRMENERGY-EQ,293.65,271.19,258.32,67.15,BUY,100.0,Close above SMMA20; SMMA20 above SMMA120; RSI bullish range,168,2026-08-12 19:47:36
APOLLOTYRE-EQ,444.3,431.02,446.16,60.2,HOLD,66.67,Partial bullish conditions,168,2026-08-12 19:47:38
PIGL-EQ,112.0,109.31,111.54,53.86,HOLD,66.67,Partial bullish conditions,168,2026-08-12 19:47:39
REDTAPE-EQ,126.63,132.46,127.16,40.58,HOLD,66.67,Partial bearish conditions,168,2026-08-12 19:47:40
GOLDADD-EQ,148.7,141.4,143.37,72.48,HOLD,33.33,No complete signal,168,2026-08-12 19:47:42
HPIL-EQ,126.95,126.54,128.53,51.02,HOLD,66.67,Partial bullish conditions,168,2026-08-12 19:47:43
HISARMETAL-EQ,149.0,151.63,155.04,46.75,SELL,100.0,Close below SMMA20; SMMA20 below SMMA120; RSI bearish range,168,2026-08-12 19:47:45
BIGBLOC-EQ,45.87,47.67,53.8,41.92,SELL,100.0,Close below SMMA20; SMMA20 below SMMA120; RSI bearish range,168,2026-08-12 19:47:46
ADFFOODS-EQ,261.1,284.73,241.29,35.84,HOLD,66.67,Partial bearish conditions,168,2026-08-12 19:47:47
KALAMANDIR-EQ,85.3,94.31,109.68,28.56,HOLD,66.67,Partial bearish conditions,168,2026-08-12 19:47:49
SIGMA-EQ,46.1,42.72,44.67,57.11,HOLD,66.67,Partial bullish conditions,168,2026-08-12 19:47:50
DBREALTY-EQ,113.45,114.37,112.63,48.05,HOLD,66.67,Partial bearish conditions,168,2026-08-12 19:47:52
SHANKARA-EQ,141.5,135.14,118.56,60.7,BUY,100.0,Close above SMMA20; SMMA20 above SMMA120; RSI bullish range,168,2026-08-12 19:47:53
SALONA-EQ,254.95,253.84,262.69,53.59,HOLD,66.67,Partial bullish conditions,168,2026-08-12 19:47:54
SETF10GILT-EQ,266.79,264.47,260.49,59.69,BUY,100.0,Close above SMMA20; SMMA20 above SMMA120; RSI bullish range,168,2026-08-12 19:47:56
ARENTERP-EQ,37.29,38.43,40.18,46.93,SELL,100.0,Close below SMMA20; SMMA20 below SMMA120; RSI bearish range,167,2026-08-12 19:47:57
SETFGOLD-EQ,130.48,124.14,125.9,72.27,HOLD,33.33,No complete signal,168,2026-08-12 19:47:59
WIPL-EQ,167.9,166.66,156.13,50.09,BUY,100.0,Close above SMMA20; SMMA20 above SMMA120; RSI bullish range,168,2026-08-12 19:48:00
MASKINVEST-EQ,151.75,151.62,147.6,49.79,HOLD,66.67,Partial bullish conditions,160,2026-08-12 19:48:01
ZAGGLE-EQ,201.71,208.0,246.89,42.92,SELL,100.0,Close below SMMA20; SMMA20 below SMMA120; RSI bearish range,168,2026-08-12 19:48:03
GOKUL-EQ,39.41,40.11,39.55,45.8,HOLD,66.67,Partial bearish conditions,168,2026-08-12 19:48:04
VBL-EQ,438.7,466.28,473.33,38.14,SELL,100.0,Close below SMMA20; SMMA20 below SMMA120; RSI bearish range,168,2026-08-12 19:48:06
RKSWAMY-EQ,101.45,101.86,100.21,47.5,HOLD,66.67,Partial bearish conditions,168,2026-08-12 19:48:07
RAMANEWS-EQ,33.5,30.47,31.1,71.2,HOLD,33.33,No complete signal,168,2026-08-12 19:48:08
JKPAPER-EQ,388.9,377.27,357.6,55.4,BUY,100.0,Close above SMMA20; SMMA20 above SMMA120; RSI bullish range,168,2026-08-12 19:48:10
PENIND-EQ,159.7,164.4,166.46,41.04,SELL,100.0,Close below SMMA20; SMMA20 below SMMA120; RSI bearish range,168,2026-08-12 19:48:11
PARKHOTELS-EQ,119.24,122.36,122.76,41.83,SELL,100.0,Close below SMMA20; SMMA20 below SMMA120; RSI bearish range,168,2026-08-12 19:48:13
PSUBNKIETF-EQ,89.43,86.0,87.14,64.44,HOLD,66.67,Partial bullish conditions,168,2026-08-12 19:48:14
KANSAINER-EQ,208.19,205.83,208.3,52.66,HOLD,66.67,Partial bullish conditions,168,2026-08-12 19:48:15
HUDCO-EQ,192.73,201.85,201.52,37.77,HOLD,66.67,Partial bearish conditions,168,2026-08-12 19:48:17
MODTHREAD-EQ,45.53,47.23,45.56,43.82,HOLD,66.67,Partial bearish conditions,166,2026-08-12 19:48:18
GILT5BETA-EQ,66.21,66.14,64.86,49.51,HOLD,66.67,Partial bullish conditions,158,2026-08-12 19:48:20
SENSEXAXIS-EQ,82.0,80.23,81.57,60.27,HOLD,66.67,Partial bullish conditions,168,2026-08-12 19:48:21
MBAPL-EQ,165.99,142.38,107.54,68.97,BUY,100.0,Close above SMMA20; SMMA20 above SMMA120; RSI bullish range,168,2026-08-12 19:48:22
VIDHIING-EQ,317.5,307.59,308.18,54.33,HOLD,66.67,Partial bullish conditions,168,2026-08-12 19:48:24
SAHYADRI-EQ,346.8,301.81,268.08,70.71,HOLD,66.67,Partial bullish conditions,168,2026-08-12 19:48:25
SULA-EQ,151.0,157.15,171.68,41.97,SELL,100.0,Close below SMMA20; SMMA20 below SMMA120; RSI bearish range,168,2026-08-12 19:48:27
RADIANTCMS-EQ,38.09,38.3,41.69,50.1,HOLD,66.67,Partial bearish conditions,168,2026-08-12 19:48:28
JKTYRE-EQ,386.0,399.53,438.53,42.05,SELL,100.0,Close below SMMA20; SMMA20 below SMMA120; RSI bearish range,168,2026-08-12 19:48:29
ARIES-EQ,397.35,345.34,340.56,81.51,HOLD,66.67,Partial bullish conditions,168,2026-08-12 19:48:31
ABSLBANETF-EQ,59.45,58.69,58.56,56.54,BUY,100.0,Close above SMMA20; SMMA20 above SMMA120; RSI bullish range,168,2026-08-12 19:48:32
COMSYN-EQ,269.25,200.61,167.6,79.0,HOLD,66.67,Partial bullish conditions,168,2026-08-12 19:48:34
MAXIND-EQ,163.23,167.06,163.41,44.13,HOLD,66.67,Partial bearish conditions,168,2026-08-12 19:48:35
NELCAST-EQ,119.7,129.03,123.39,40.05,HOLD,66.67,Partial bearish conditions,168,2026-08-12 19:48:37
IEX-EQ,125.0,125.75,127.46,47.09,SELL,100.0,Close below SMMA20; SMMA20 below SMMA120; RSI bearish range,168,2026-08-12 19:48:38
FUSION-EQ,203.78,207.67,184.28,45.14,HOLD,66.67,Partial bearish conditions,168,2026-08-12 19:48:39
ALPA-EQ,67.17,68.0,68.57,46.19,SELL,100.0,Close below SMMA20; SMMA20 below SMMA120; RSI bearish range,168,2026-08-12 19:48:41
MUNJALAU-EQ,99.83,100.4,86.55,45.4,HOLD,66.67,Partial bearish conditions,168,2026-08-12 19:48:42
SUNTECK-EQ,292.7,307.69,344.28,38.75,SELL,100.0,Close below SMMA20; SMMA20 below SMMA120; RSI bearish range,168,2026-08-12 19:48:44
REFEX-EQ,293.4,311.37,271.9,38.07,HOLD,66.67,Partial bearish conditions,168,2026-08-12 19:48:45
JKIL-EQ,491.35,492.35,515.53,49.5,SELL,100.0,Close below SMMA20; SMMA20 below SMMA120; RSI bearish range,168,2026-08-12 19:48:47
JUBLFOOD-EQ,481.4,447.93,477.13,62.65,HOLD,66.67,Partial bullish conditions,168,2026-08-12 19:48:48
IVZINNIFTY-EQ,282.0,277.47,279.37,59.7,HOLD,66.67,Partial bullish conditions,163,2026-08-12 19:48:50
ITADD-EQ,33.59,31.54,33.47,68.28,HOLD,66.67,Partial bullish conditions,168,2026-08-12 19:48:51
RECLTD-EQ,344.2,358.33,353.7,36.38,HOLD,66.67,Partial bearish conditions,168,2026-08-12 19:48:52
PARAGMILK-EQ,215.79,223.46,233.27,42.26,SELL,100.0,Close below SMMA20; SMMA20 below SMMA120; RSI bearish range,168,2026-08-12 19:48:54
UDS-EQ,209.8,197.1,173.5,59.97,BUY,100.0,Close above SMMA20; SMMA20 above SMMA120; RSI bullish range,168,2026-08-12 19:48:55
CEIGALL-EQ,319.3,344.33,312.47,35.49,HOLD,66.67,Partial bearish conditions,168,2026-08-12 19:48:57
EMULTIMQ-EQ,42.2,41.5,41.21,61.7,BUY,100.0,Close above SMMA20; SMMA20 above SMMA120; RSI bullish range,168,2026-08-12 19:48:58
AMJLAND-EQ,39.3,38.43,41.07,53.81,HOLD,66.67,Partial bullish conditions,168,2026-08-12 19:48:59
KARMAENG-EQ,40.1,40.01,43.37,52.88,HOLD,66.67,Partial bullish conditions,168,2026-08-12 19:49:01
NKIND-EQ,60.25,62.1,64.17,47.24,SELL,100.0,Close below SMMA20; SMMA20 below SMMA120; RSI bearish range,165,2026-08-12 19:49:02
ISFT-EQ,79.5,78.71,80.28,53.04,HOLD,66.67,Partial bullish conditions,168,2026-08-12 19:49:04
HINDWAREAP-EQ,205.0,225.82,230.67,31.71,SELL,100.0,Close below SMMA20; SMMA20 below SMMA120; RSI bearish range,168,2026-08-12 19:49:05
EMSLIMITED-EQ,381.25,395.94,361.47,41.33,HOLD,66.67,Partial bearish conditions,168,2026-08-12 19:49:06
OMINFRAL-EQ,88.29,88.44,88.75,49.39,SELL,100.0,Close below SMMA20; SMMA20 below SMMA120; RSI bearish range,168,2026-08-12 19:49:08
PATANJALI-EQ,350.8,376.81,460.87,36.38,SELL,100.0,Close below SMMA20; SMMA20 below SMMA120; RSI bearish range,168,2026-08-12 19:49:09
UNITEDTEA-EQ,461.0,479.38,493.83,39.85,SELL,100.0,Close below SMMA20; SMMA20 below SMMA120; RSI bearish range,168,2026-08-12 19:49:11
HDFCGOLD-EQ,130.6,124.32,126.07,72.6,HOLD,33.33,No complete signal,168,2026-08-12 19:49:12
PROZONER-EQ,41.7,44.43,49.9,39.88,SELL,100.0,Close below SMMA20; SMMA20 below SMMA120; RSI bearish range,168,2026-08-12 19:49:13
NEXT50IETF-EQ,78.61,76.59,73.35,66.85,BUY,100.0,Close above SMMA20; SMMA20 above SMMA120; RSI bullish range,168,2026-08-12 19:49:15
RCF-EQ,124.11,127.86,129.71,38.61,SELL,100.0,Close below SMMA20; SMMA20 below SMMA120; RSI bearish range,168,2026-08-12 19:49:16
MASTERTR-EQ,78.51,82.36,87.86,39.93,SELL,100.0,Close below SMMA20; SMMA20 below SMMA120; RSI bearish range,168,2026-08-12 19:49:17
KREBSBIO-EQ,54.74,56.52,59.46,46.71,SELL,100.0,Close below SMMA20; SMMA20 below SMMA120; RSI bearish range,168,2026-08-12 19:49:19
UCAL-EQ,116.25,114.66,107.78,50.28,BUY,100.0,Close above SMMA20; SMMA20 above SMMA120; RSI bullish range,168,2026-08-12 19:49:20
SHREYANIND-EQ,142.53,141.11,153.57,54.62,HOLD,66.67,Partial bullish conditions,168,2026-08-12 19:49:22
SWANCORP-EQ,307.7,313.87,358.52,44.34,SELL,100.0,Close below SMMA20; SMMA20 below SMMA120; RSI bearish range,168,2026-08-12 19:49:23
IPL-EQ,142.0,152.3,157.58,28.88,HOLD,66.67,Partial bearish conditions,168,2026-08-12 19:49:24
SERVOTECH-EQ,83.75,92.35,85.14,34.19,HOLD,66.67,Partial bearish conditions,168,2026-08-12 19:49:26
GPPL-EQ,149.79,151.59,161.99,46.23,SELL,100.0,Close below SMMA20; SMMA20 below SMMA120; RSI bearish range,168,2026-08-12 19:49:27
DOLLAR-EQ,278.9,268.27,287.83,58.1,HOLD,66.67,Partial bullish conditions,168,2026-08-12 19:49:29
MOSCHIP-EQ,205.19,215.98,201.97,41.05,HOLD,66.67,Partial bearish conditions,168,2026-08-12 19:49:30
NIBL-EQ,32.94,33.47,31.38,45.44,HOLD,66.67,Partial bearish conditions,168,2026-08-12 19:49:31
MAHLOG-EQ,410.0,395.67,370.22,55.71,BUY,100.0,Close above SMMA20; SMMA20 above SMMA120; RSI bullish range,168,2026-08-12 19:49:33
HERITGFOOD-EQ,357.65,338.24,357.51,67.27,HOLD,66.67,Partial bullish conditions,168,2026-08-12 19:49:34
ITCHOTELS-EQ,168.32,167.98,170.84,50.14,HOLD,66.67,Partial bullish conditions,168,2026-08-12 19:49:35
KOTHARIPRO-EQ,68.8,68.88,69.46,50.74,HOLD,66.67,Partial bearish conditions,168,2026-08-12 19:49:37
HONASA-EQ,467.4,448.45,355.07,58.72,BUY,100.0,Close above SMMA20; SMMA20 above SMMA120; RSI bullish range,168,2026-08-12 19:49:38
DHARMAJ-EQ,280.2,266.71,254.6,65.81,BUY,100.0,Close above SMMA20; SMMA20 above SMMA120; RSI bullish range,168,2026-08-12 19:49:40
GPIL-EQ,228.99,250.86,263.98,30.13,SELL,100.0,Close below SMMA20; SMMA20 below SMMA120; RSI bearish range,168,2026-08-12 19:49:41
SUNTV-EQ,478.2,502.28,548.74,33.48,SELL,100.0,Close below SMMA20; SMMA20 below SMMA120; RSI bearish range,168,2026-08-12 19:49:42
PLASTIBLEN-EQ,201.48,187.92,165.01,62.51,BUY,100.0,Close above SMMA20; SMMA20 above SMMA120; RSI bullish range,168,2026-08-12 19:49:44
WANBURY-EQ,262.75,288.06,259.02,37.27,HOLD,66.67,Partial bearish conditions,168,2026-08-12 19:49:45
SAGCEM-EQ,175.85,176.4,185.22,49.88,SELL,100.0,Close below SMMA20; SMMA20 below SMMA120; RSI bearish range,168,2026-08-12 19:49:47
POCL-EQ,489.6,526.81,515.59,37.54,HOLD,66.67,Partial bearish conditions,168,2026-08-12 19:49:48
TWCGOLDETF-EQ,152.51,145.14,148.73,72.65,HOLD,33.33,No complete signal,150,2026-08-12 19:49:49
MEESHO-EQ,191.89,186.22,174.53,56.46,BUY,100.0,Close above SMMA20; SMMA20 above SMMA120; RSI bullish range,166,2026-08-12 19:49:51
ROHLTD-EQ,308.0,320.36,344.54,39.69,SELL,100.0,Close below SMMA20; SMMA20 below SMMA120; RSI bearish range,168,2026-08-12 19:49:52
ELIN-EQ,99.0,102.79,124.56,45.98,SELL,100.0,Close below SMMA20; SMMA20 below SMMA120; RSI bearish range,168,2026-08-12 19:49:54
ATLANTAA-EQ,42.13,39.18,40.82,60.69,HOLD,66.67,Partial bullish conditions,168,2026-08-12 19:49:55
GOKULAGRO-EQ,236.6,220.9,200.11,66.37,BUY,100.0,Close above SMMA20; SMMA20 above SMMA120; RSI bullish range,168,2026-08-12 19:49:56
ORIENTCER-EQ,41.75,41.03,41.14,53.72,HOLD,66.67,Partial bullish conditions,168,2026-08-12 19:49:58
JMFINANCIL-EQ,129.67,125.67,130.39,58.71,HOLD,66.67,Partial bullish conditions,168,2026-08-12 19:49:59
MOM100-EQ,68.91,67.46,64.81,62.48,BUY,100.0,Close above SMMA20; SMMA20 above SMMA120; RSI bullish range,168,2026-08-12 19:50:00
RELIGARE-EQ,240.05,250.7,237.97,42.24,HOLD,66.67,Partial bearish conditions,168,2026-08-12 19:50:02
WORTHPERI-EQ,157.13,143.72,137.1,64.77,BUY,100.0,Close above SMMA20; SMMA20 above SMMA120; RSI bullish range,168,2026-08-12 19:50:03
PYRAMID-EQ,162.42,171.92,162.24,39.76,HOLD,66.67,Partial bearish conditions,168,2026-08-12 19:50:05
CAPITALSFB-EQ,291.5,291.63,271.1,47.5,HOLD,66.67,Partial bearish conditions,168,2026-08-12 19:50:06
MUNJALSHOW-EQ,132.1,134.6,128.37,43.13,HOLD,66.67,Partial bearish conditions,168,2026-08-12 19:50:07
NIFTY1-EQ,271.07,268.18,270.65,56.8,HOLD,66.67,Partial bullish conditions,168,2026-08-12 19:50:09
BHARATWIRE-EQ,187.8,202.91,193.13,36.81,HOLD,66.67,Partial bearish conditions,168,2026-08-12 19:50:10
ITIETF-EQ,34.68,33.01,35.04,61.78,HOLD,66.67,Partial bullish conditions,168,2026-08-12 19:50:12
INDTERRAIN-EQ,31.79,31.11,32.08,54.86,HOLD,66.67,Partial bullish conditions,168,2026-08-12 19:50:13
BLSE-EQ,316.65,275.99,208.12,70.91,HOLD,66.67,Partial bullish conditions,168,2026-08-12 19:50:14
WSI-EQ,58.07,62.83,71.8,34.74,SELL,100.0,Close below SMMA20; SMMA20 below SMMA120; RSI bearish range,168,2026-08-12 19:50:16
EDELWEISS-EQ,118.9,118.22,113.95,51.39,BUY,100.0,Close above SMMA20; SMMA20 above SMMA120; RSI bullish range,168,2026-08-12 19:50:17
LORDSCHLO-EQ,137.02,141.33,142.18,43.53,SELL,100.0,Close below SMMA20; SMMA20 below SMMA120; RSI bearish range,168,2026-08-12 19:50:18
DELTACORP-EQ,60.71,64.12,65.3,35.04,SELL,100.0,Close below SMMA20; SMMA20 below SMMA120; RSI bearish range,168,2026-08-12 19:50:20
GOPAL-EQ,274.35,272.87,288.83,54.5,HOLD,66.67,Partial bullish conditions,168,2026-08-12 19:50:21
AJMERA-EQ,117.48,126.25,137.8,37.19,SELL,100.0,Close below SMMA20; SMMA20 below SMMA120; RSI bearish range,168,2026-08-12 19:50:23
ATALREAL-EQ,35.34,31.61,27.5,74.52,HOLD,66.67,Partial bullish conditions,168,2026-08-12 19:50:24
QGOLDHALF-EQ,126.75,120.59,122.23,71.98,HOLD,33.33,No complete signal,168,2026-08-12 19:50:25
RBA-EQ,93.82,75.98,67.68,75.11,HOLD,66.67,Partial bullish conditions,168,2026-08-12 19:50:27
EPACK-EQ,212.22,232.64,245.13,30.05,SELL,100.0,Close below SMMA20; SMMA20 below SMMA120; RSI bearish range,168,2026-08-12 19:50:28
SENCO-EQ,345.65,372.8,336.04,37.62,HOLD,66.67,Partial bearish conditions,168,2026-08-12 19:50:30
IKIO-EQ,214.9,194.27,164.52,61.91,BUY,100.0,Close above SMMA20; SMMA20 above SMMA120; RSI bullish range,168,2026-08-12 19:50:31
V2RETAIL-EQ,219.82,222.46,214.59,46.94,HOLD,66.67,Partial bearish conditions,168,2026-08-12 19:50:32
RUBFILA-EQ,68.59,72.6,71.31,39.0,HOLD,66.67,Partial bearish conditions,168,2026-08-12 19:50:34
DYCL-EQ,454.0,389.67,335.17,70.01,HOLD,66.67,Partial bullish conditions,168,2026-08-12 19:50:35
SETFNIF50-EQ,263.32,260.26,262.61,57.22,HOLD,66.67,Partial bullish conditions,168,2026-08-12 19:50:36
AGRITECH-EQ,107.1,111.75,121.89,42.13,SELL,100.0,Close below SMMA20; SMMA20 below SMMA120; RSI bearish range,168,2026-08-12 19:50:38
PODDARMENT-EQ,261.0,253.25,248.16,54.13,BUY,100.0,Close above SMMA20; SMMA20 above SMMA120; RSI bullish range,168,2026-08-12 19:50:39
STYLEBAAZA-EQ,351.3,306.81,311.21,69.74,HOLD,66.67,Partial bullish conditions,168,2026-08-12 19:50:41
HUHTAMAKI-EQ,278.4,253.29,200.61,55.46,BUY,100.0,Close above SMMA20; SMMA20 above SMMA120; RSI bullish range,168,2026-08-12 19:50:42
HEIDELBERG-EQ,155.99,156.05,159.95,49.68,SELL,100.0,Close below SMMA20; SMMA20 below SMMA120; RSI bearish range,168,2026-08-12 19:50:43
OSWALAGRO-EQ,37.38,40.4,46.68,39.16,SELL,100.0,Close below SMMA20; SMMA20 below SMMA120; RSI bearish range,168,2026-08-12 19:50:45
MURUDCERA-EQ,32.0,31.32,32.26,61.63,HOLD,66.67,Partial bullish conditions,168,2026-08-12 19:50:46
SANSTAR-EQ,111.92,112.45,99.09,47.94,HOLD,66.67,Partial bearish conditions,168,2026-08-12 19:50:48
MOVALUE-EQ,115.21,114.88,116.32,53.04,HOLD,66.67,Partial bullish conditions,168,2026-08-12 19:50:49
STCINDIA-EQ,117.37,120.51,118.98,42.13,HOLD,66.67,Partial bearish conditions,168,2026-08-12 19:50:50
ASHOKA-EQ,113.9,123.62,135.3,26.31,HOLD,66.67,Partial bearish conditions,168,2026-08-12 19:50:52
KIOCL-EQ,395.4,381.48,370.06,59.88,BUY,100.0,Close above SMMA20; SMMA20 above SMMA120; RSI bullish range,168,2026-08-12 19:50:53
BEDMUTHA-EQ,118.67,110.79,114.44,63.77,HOLD,66.67,Partial bullish conditions,168,2026-08-12 19:50:55
CONFIPET-EQ,73.82,75.46,53.41,44.01,HOLD,66.67,Partial bearish conditions,168,2026-08-12 19:50:56
SATIA-EQ,61.5,59.98,62.04,53.99,HOLD,66.67,Partial bullish conditions,168,2026-08-12 19:50:57
KARURVYSYA-EQ,338.8,321.0,295.23,60.47,BUY,100.0,Close above SMMA20; SMMA20 above SMMA120; RSI bullish range,168,2026-08-12 19:50:59
INTENTECH-EQ,81.44,90.21,100.71,34.9,SELL,100.0,Close below SMMA20; SMMA20 below SMMA120; RSI bearish range,168,2026-08-12 19:51:00
KAYA-EQ,305.0,265.11,294.08,71.7,HOLD,33.33,No complete signal,168,2026-08-12 19:51:02
MAXESTATES-EQ,422.0,413.74,410.62,54.87,BUY,100.0,Close above SMMA20; SMMA20 above SMMA120; RSI bullish range,168,2026-08-12 19:51:03
FEDFINA-EQ,151.84,152.95,147.86,48.46,HOLD,66.67,Partial bearish conditions,168,2026-08-12 19:51:04
UGARSUGAR-EQ,44.15,41.85,40.28,56.25,BUY,100.0,Close above SMMA20; SMMA20 above SMMA120; RSI bullish range,168,2026-08-12 19:51:06
UFLEX-EQ,496.0,460.2,446.2,68.05,BUY,100.0,Close above SMMA20; SMMA20 above SMMA120; RSI bullish range,168,2026-08-12 19:51:07
CANTABIL-EQ,226.6,240.05,251.67,36.68,SELL,100.0,Close below SMMA20; SMMA20 below SMMA120; RSI bearish range,168,2026-08-12 19:51:08
NIFTY100EW-EQ,35.71,35.1,34.02,59.96,BUY,100.0,Close above SMMA20; SMMA20 above SMMA120; RSI bullish range,168,2026-08-12 19:51:10
NEXT30ADD-EQ,43.88,42.82,41.37,64.79,BUY,100.0,Close above SMMA20; SMMA20 above SMMA120; RSI bullish range,168,2026-08-12 19:51:11
NAZARA-EQ,353.0,317.45,278.08,77.65,HOLD,66.67,Partial bullish conditions,168,2026-08-12 19:51:13
DELTAMAGNT-EQ,57.5,58.92,61.3,45.84,SELL,100.0,Close below SMMA20; SMMA20 below SMMA120; RSI bearish range,168,2026-08-12 19:51:14
APOLLO-EQ,379.85,392.66,307.88,41.7,HOLD,66.67,Partial bearish conditions,168,2026-08-12 19:51:15
GENUSPOWER-EQ,304.95,312.35,292.55,42.76,HOLD,66.67,Partial bearish conditions,168,2026-08-12 19:51:17
ITAXIS-EQ,349.99,327.92,347.97,69.23,HOLD,66.67,Partial bullish conditions,168,2026-08-12 19:51:18
KRISHANA-EQ,186.25,158.77,123.94,74.21,HOLD,66.67,Partial bullish conditions,168,2026-08-12 19:51:20
RTNINDIA-EQ,30.26,32.51,34.15,36.73,SELL,100.0,Close below SMMA20; SMMA20 below SMMA120; RSI bearish range,168,2026-08-12 19:51:21
PRECAM-EQ,134.83,143.89,146.33,34.0,SELL,100.0,Close below SMMA20; SMMA20 below SMMA120; RSI bearish range,168,2026-08-12 19:51:22
DAMCAPITAL-EQ,146.15,153.92,162.86,37.8,SELL,100.0,Close below SMMA20; SMMA20 below SMMA120; RSI bearish range,168,2026-08-12 19:51:24
SETL-EQ,300.05,258.06,172.08,66.59,BUY,100.0,Close above SMMA20; SMMA20 above SMMA120; RSI bullish range,168,2026-08-12 19:51:25
ROSSELLIND-EQ,57.0,57.37,52.01,47.19,HOLD,66.67,Partial bearish conditions,168,2026-08-12 19:51:27
SAMMAANCAP-EQ,160.79,164.11,154.25,45.27,HOLD,66.67,Partial bearish conditions,168,2026-08-12 19:51:28
SUKHJITS-EQ,161.3,167.33,172.73,43.83,SELL,100.0,Close below SMMA20; SMMA20 below SMMA120; RSI bearish range,168,2026-08-12 19:51:29
POONAWALLA-EQ,483.1,461.14,438.45,57.21,BUY,100.0,Close above SMMA20; SMMA20 above SMMA120; RSI bullish range,168,2026-08-12 19:51:31
PPLPHARMA-EQ,210.24,187.82,167.96,71.88,HOLD,66.67,Partial bullish conditions,168,2026-08-12 19:51:32
AFCONS-EQ,267.95,290.31,320.37,35.47,SELL,100.0,Close below SMMA20; SMMA20 below SMMA120; RSI bearish range,168,2026-08-12 19:51:33
DJML-EQ,102.49,109.84,93.0,39.33,HOLD,66.67,Partial bearish conditions,168,2026-08-12 19:51:35
GHCL-EQ,431.35,438.92,481.36,43.56,SELL,100.0,Close below SMMA20; SMMA20 below SMMA120; RSI bearish range,168,2026-08-12 19:51:36
SPLIL-EQ,31.16,31.29,30.75,48.59,HOLD,66.67,Partial bearish conditions,168,2026-08-12 19:51:38
SHOPERSTOP-EQ,423.9,385.7,357.47,70.01,HOLD,66.67,Partial bullish conditions,168,2026-08-12 19:51:39
GSFC-EQ,160.69,161.23,167.03,49.97,SELL,100.0,Close below SMMA20; SMMA20 below SMMA120; RSI bearish range,168,2026-08-12 19:51:40
CEWATER-EQ,261.0,296.47,332.38,28.24,HOLD,66.67,Partial bearish conditions,168,2026-08-12 19:51:42
ORIENTELEC-EQ,189.0,178.68,176.88,64.48,BUY,100.0,Close above SMMA20; SMMA20 above SMMA120; RSI bullish range,168,2026-08-12 19:51:44
MOBIKWIK-EQ,207.01,205.45,205.84,50.68,HOLD,66.67,Partial bullish conditions,168,2026-08-12 19:51:45
DENTA-EQ,323.1,327.53,293.18,44.02,HOLD,66.67,Partial bearish conditions,168,2026-08-12 19:51:47
SHK-EQ,170.89,149.44,146.85,70.03,HOLD,66.67,Partial bullish conditions,168,2026-08-12 19:51:48
PRSMJOHNSN-EQ,106.04,112.32,122.62,38.15,SELL,100.0,Close below SMMA20; SMMA20 below SMMA120; RSI bearish range,168,2026-08-12 19:51:50
DCXINDIA-EQ,177.01,186.35,184.78,38.63,HOLD,66.67,Partial bearish conditions,168,2026-08-12 19:51:51
REDINGTON-EQ,339.4,296.94,258.8,67.56,BUY,100.0,Close above SMMA20; SMMA20 above SMMA120; RSI bullish range,168,2026-08-12 19:51:52
EMBDL-EQ,61.96,62.26,61.06,48.18,HOLD,66.67,Partial bearish conditions,156,2026-08-12 19:51:54
SIMPLEXINF-EQ,252.0,247.06,231.06,53.63,BUY,100.0,Close above SMMA20; SMMA20 above SMMA120; RSI bullish range,168,2026-08-12 19:51:55
SDBL-EQ,71.5,72.68,82.87,48.39,SELL,100.0,Close below SMMA20; SMMA20 below SMMA120; RSI bearish range,168,2026-08-12 19:51:56
MUTHOOTCAP-EQ,258.25,228.38,224.79,71.63,HOLD,66.67,Partial bullish conditions,168,2026-08-12 19:51:58
ATLASCYCLE-EQ,96.98,98.02,96.24,46.41,HOLD,66.67,Partial bearish conditions,168,2026-08-12 19:51:59
GOLDBETA-EQ,128.85,122.47,124.19,73.08,HOLD,33.33,No complete signal,168,2026-08-12 19:52:01
KHAITANLTD-EQ,142.0,136.62,116.55,52.81,BUY,100.0,Close above SMMA20; SMMA20 above SMMA120; RSI bullish range,168,2026-08-12 19:52:02
LTFOODS-EQ,426.7,397.26,393.51,69.29,BUY,100.0,Close above SMMA20; SMMA20 above SMMA120; RSI bullish range,168,2026-08-12 19:52:03
21STCENMGM-EQ,42.2,37.25,36.97,75.47,HOLD,66.67,Partial bullish conditions,168,2026-08-12 19:52:05
ANGELONE-EQ,288.6,313.38,287.06,32.24,HOLD,66.67,Partial bearish conditions,168,2026-08-12 19:52:06
NITIRAJ-EQ,205.02,205.62,198.44,45.98,HOLD,66.67,Partial bearish conditions,168,2026-08-12 19:52:08
INDSWFTLAB-EQ,300.0,221.99,155.55,80.42,HOLD,66.67,Partial bullish conditions,168,2026-08-12 19:52:09
CSLFINANCE-EQ,225.0,220.45,246.25,58.1,HOLD,66.67,Partial bullish conditions,168,2026-08-12 19:52:10
NAVKARCORP-EQ,100.0,103.07,98.72,42.97,HOLD,66.67,Partial bearish conditions,168,2026-08-12 19:52:12
JASH-EQ,495.65,496.94,434.51,46.9,HOLD,66.67,Partial bearish conditions,168,2026-08-12 19:52:13
SOMATEX-EQ,92.5,98.97,106.5,37.59,SELL,100.0,Close below SMMA20; SMMA20 below SMMA120; RSI bearish range,168,2026-08-12 19:52:15
PREMIERPOL-EQ,73.21,69.0,57.12,54.74,BUY,100.0,Close above SMMA20; SMMA20 above SMMA120; RSI bullish range,168,2026-08-12 19:52:16
NAHARPOLY-EQ,253.45,257.85,247.17,46.57,HOLD,66.67,Partial bearish conditions,168,2026-08-12 19:52:17
MARINE-EQ,347.0,280.54,225.66,75.51,HOLD,66.67,Partial bullish conditions,168,2026-08-12 19:52:19
AVTNPL-EQ,70.05,70.36,67.05,46.08,HOLD,66.67,Partial bearish conditions,168,2026-08-12 19:52:20
IGL-EQ,154.54,155.22,165.57,51.12,HOLD,66.67,Partial bearish conditions,168,2026-08-12 19:52:22
NDTV-EQ,76.55,78.45,81.08,42.59,SELL,100.0,Close below SMMA20; SMMA20 below SMMA120; RSI bearish range,168,2026-08-12 19:52:23
MARKSANS-EQ,312.6,261.75,210.21,75.65,HOLD,66.67,Partial bullish conditions,168,2026-08-12 19:52:24
GOLD1-EQ,127.73,121.44,123.02,72.05,HOLD,33.33,No complete signal,168,2026-08-12 19:52:26
OMAXE-EQ,81.77,85.3,79.0,40.38,HOLD,66.67,Partial bearish conditions,168,2026-08-12 19:52:27
INFOBEAN-EQ,162.88,165.01,175.88,47.04,SELL,100.0,Close below SMMA20; SMMA20 below SMMA120; RSI bearish range,168,2026-08-12 19:52:28
UJJIVANSFB-EQ,72.38,65.95,59.38,65.12,BUY,100.0,Close above SMMA20; SMMA20 above SMMA120; RSI bullish range,168,2026-08-12 19:52:30
MOQUALITY-EQ,206.0,202.66,198.11,57.7,BUY,100.0,Close above SMMA20; SMMA20 above SMMA120; RSI bullish range,168,2026-08-12 19:52:31
TIMETECHNO-EQ,208.56,197.21,184.66,59.74,BUY,100.0,Close above SMMA20; SMMA20 above SMMA120; RSI bullish range,168,2026-08-12 19:52:33
KRITINUT-EQ,85.52,81.54,77.34,56.57,BUY,100.0,Close above SMMA20; SMMA20 above SMMA120; RSI bullish range,168,2026-08-12 19:52:34
MOGSEC-EQ,65.6,65.11,63.92,54.21,BUY,100.0,Close above SMMA20; SMMA20 above SMMA120; RSI bullish range,168,2026-08-12 19:52:35
BANKIETF-EQ,59.43,58.75,58.66,56.02,BUY,100.0,Close above SMMA20; SMMA20 above SMMA120; RSI bullish range,168,2026-08-12 19:52:37
PNB-EQ,118.3,110.47,113.86,72.67,HOLD,33.33,No complete signal,168,2026-08-12 19:52:38
SUPREMEINF-EQ,83.89,83.45,80.68,49.0,HOLD,66.67,Partial bullish conditions,168,2026-08-12 19:52:40
HDFCSILVER-EQ,225.88,216.87,230.77,65.82,HOLD,66.67,Partial bullish conditions,168,2026-08-12 19:52:41
GUFICBIO-EQ,426.0,387.46,333.73,67.02,BUY,100.0,Close above SMMA20; SMMA20 above SMMA120; RSI bullish range,168,2026-08-12 19:52:42
CONSUMIETF-EQ,125.4,122.54,119.86,61.44,BUY,100.0,Close above SMMA20; SMMA20 above SMMA120; RSI bullish range,168,2026-08-12 19:52:44
INDIACEM-EQ,383.5,391.42,405.55,43.33,SELL,100.0,Close below SMMA20; SMMA20 below SMMA120; RSI bearish range,168,2026-08-12 19:52:45
DEVYANI-EQ,140.21,119.25,119.58,73.57,HOLD,33.33,No complete signal,168,2026-08-12 19:52:47
BIOCON-EQ,427.4,424.26,396.19,50.57,BUY,100.0,Close above SMMA20; SMMA20 above SMMA120; RSI bullish range,168,2026-08-12 19:52:48
INFRAIETF-EQ,96.4,96.5,95.88,48.29,HOLD,66.67,Partial bearish conditions,168,2026-08-12 19:52:50
OMAXAUTO-EQ,207.8,210.17,157.66,49.59,HOLD,66.67,Partial bearish conditions,168,2026-08-12 19:52:51
SILVERADD-EQ,228.54,218.47,232.13,66.97,HOLD,66.67,Partial bullish conditions,168,2026-08-12 19:52:52
MAHABANK-EQ,81.87,81.08,73.47,54.05,BUY,100.0,Close above SMMA20; SMMA20 above SMMA120; RSI bullish range,168,2026-08-12 19:52:54
EMIL-EQ,193.61,138.37,112.5,87.08,HOLD,66.67,Partial bullish conditions,168,2026-08-12 19:52:55
MMP-EQ,346.5,294.94,262.25,76.51,HOLD,66.67,Partial bullish conditions,168,2026-08-12 19:52:56
SBC-EQ,40.19,40.95,34.68,33.93,HOLD,66.67,Partial bearish conditions,168,2026-08-12 19:52:58
SHARIABEES-EQ,472.5,464.19,476.49,59.33,HOLD,66.67,Partial bullish conditions,168,2026-08-12 19:52:59
RSSOFTWARE-EQ,33.13,32.38,36.67,57.64,HOLD,66.67,Partial bullish conditions,168,2026-08-12 19:53:01
ARTEMISMED-EQ,316.3,286.56,258.57,67.49,BUY,100.0,Close above SMMA20; SMMA20 above SMMA120; RSI bullish range,168,2026-08-12 19:53:02
PRIMESECU-EQ,287.35,283.92,281.4,52.29,BUY,100.0,Close above SMMA20; SMMA20 above SMMA120; RSI bullish range,168,2026-08-12 19:53:03
CROMPTON-EQ,247.6,260.63,258.5,40.2,HOLD,66.67,Partial bearish conditions,168,2026-08-12 19:53:05
LOTUSEYE-EQ,117.6,119.48,117.28,46.63,HOLD,66.67,Partial bearish conditions,168,2026-08-12 19:53:06
ZODIAC-EQ,244.65,261.22,274.47,35.13,SELL,100.0,Close below SMMA20; SMMA20 below SMMA120; RSI bearish range,168,2026-08-12 19:53:08
KNRCON-EQ,133.57,129.23,133.39,55.63,HOLD,66.67,Partial bullish conditions,168,2026-08-12 19:53:09
MSPL-EQ,34.87,37.44,35.89,40.78,HOLD,66.67,Partial bearish conditions,168,2026-08-12 19:53:10
RUSTOMJEE-EQ,374.3,399.57,431.4,35.34,SELL,100.0,Close below SMMA20; SMMA20 below SMMA120; RSI bearish range,168,2026-08-12 19:53:12
ITI-EQ,283.0,286.2,288.8,48.01,SELL,100.0,Close below SMMA20; SMMA20 below SMMA120; RSI bearish range,168,2026-08-12 19:53:13
ANDHRSUGAR-EQ,98.1,86.88,80.69,70.38,HOLD,66.67,Partial bullish conditions,168,2026-08-12 19:53:15
NIITMTS-EQ,242.01,241.42,303.26,51.1,HOLD,66.67,Partial bullish conditions,168,2026-08-12 19:53:16
SILVERAG-EQ,229.95,220.72,234.67,66.31,HOLD,66.67,Partial bullish conditions,168,2026-08-12 19:53:17
SBIETFQLTY-EQ,225.72,222.18,220.8,55.93,BUY,100.0,Close above SMMA20; SMMA20 above SMMA120; RSI bullish range,168,2026-08-12 19:53:19
STEELCAS-EQ,333.2,312.1,262.78,60.79,BUY,100.0,Close above SMMA20; SMMA20 above SMMA120; RSI bullish range,168,2026-08-12 19:53:20
AAATECH-EQ,94.14,93.44,97.23,52.12,HOLD,66.67,Partial bullish conditions,168,2026-08-12 19:53:22
AMRUTANJAN-EQ,488.35,529.52,570.85,31.99,SELL,100.0,Close below SMMA20; SMMA20 below SMMA120; RSI bearish range,168,2026-08-12 19:53:23
SUZLON-EQ,47.07,51.2,50.24,27.52,HOLD,33.33,No complete signal,168,2026-08-12 19:53:24
INDBANK-EQ,33.2,33.05,34.02,52.83,HOLD,66.67,Partial bullish conditions,168,2026-08-12 19:53:26
IIFLCAPS-EQ,338.0,336.96,327.78,52.58,BUY,100.0,Close above SMMA20; SMMA20 above SMMA120; RSI bullish range,168,2026-08-12 19:53:27
ASPINWALL-EQ,237.0,243.82,231.69,45.05,HOLD,66.67,Partial bearish conditions,168,2026-08-12 19:53:28
HINDCOMPOS-EQ,420.7,427.93,423.92,44.99,HOLD,66.67,Partial bearish conditions,168,2026-08-12 19:53:30
SHAHALLOYS-EQ,71.88,69.27,67.45,59.07,BUY,100.0,Close above SMMA20; SMMA20 above SMMA120; RSI bullish range,168,2026-08-12 19:53:31
JAYSREETEA-EQ,91.0,85.2,85.0,65.07,BUY,100.0,Close above SMMA20; SMMA20 above SMMA120; RSI bullish range,168,2026-08-12 19:53:33
SARDAEN-EQ,490.0,508.89,521.27,39.09,SELL,100.0,Close below SMMA20; SMMA20 below SMMA120; RSI bearish range,168,2026-08-12 19:53:34
NCLIND-EQ,173.0,181.91,184.27,35.37,SELL,100.0,Close below SMMA20; SMMA20 below SMMA120; RSI bearish range,168,2026-08-12 19:53:35
MOLOWVOL-EQ,37.34,37.15,37.25,50.76,HOLD,66.67,Partial bullish conditions,168,2026-08-12 19:53:37
DCBBANK-EQ,188.24,187.79,183.04,49.49,HOLD,66.67,Partial bullish conditions,168,2026-08-12 19:53:38
SAMHI-EQ,164.51,171.68,167.09,41.1,HOLD,66.67,Partial bearish conditions,168,2026-08-12 19:53:39
SOFTTECH-EQ,411.0,418.66,355.05,43.8,HOLD,66.67,Partial bearish conditions,166,2026-08-12 19:53:41
DLINKINDIA-EQ,425.95,463.39,441.95,29.08,HOLD,33.33,No complete signal,168,2026-08-12 19:53:42
MANINFRA-EQ,108.55,105.7,109.77,55.37,HOLD,66.67,Partial bullish conditions,168,2026-08-12 19:53:44
AARVI-EQ,153.31,149.85,134.54,51.73,BUY,100.0,Close above SMMA20; SMMA20 above SMMA120; RSI bullish range,168,2026-08-12 19:53:45
AHLEAST-EQ,142.37,146.23,149.18,43.57,SELL,100.0,Close below SMMA20; SMMA20 below SMMA120; RSI bearish range,168,2026-08-12 19:53:46
ADVENZYMES-EQ,301.65,324.57,316.8,38.69,HOLD,66.67,Partial bearish conditions,168,2026-08-12 19:53:48
DABUR-EQ,407.95,425.9,460.7,37.27,SELL,100.0,Close below SMMA20; SMMA20 below SMMA120; RSI bearish range,168,2026-08-12 19:53:49
KHAICHEM-EQ,51.99,51.45,58.57,54.7,HOLD,66.67,Partial bullish conditions,168,2026-08-12 19:53:51
MAKEINDIA-EQ,169.08,164.16,157.95,68.6,BUY,100.0,Close above SMMA20; SMMA20 above SMMA120; RSI bullish range,168,2026-08-12 19:53:52
TRF-EQ,232.0,235.39,254.56,47.22,SELL,100.0,Close below SMMA20; SMMA20 below SMMA120; RSI bearish range,168,2026-08-12 19:53:53
GOLDETF-EQ,148.56,141.43,143.39,73.27,HOLD,33.33,No complete signal,168,2026-08-12 19:53:55
SPENCERS-EQ,31.95,34.03,35.28,38.04,SELL,100.0,Close below SMMA20; SMMA20 below SMMA120; RSI bearish range,168,2026-08-12 19:53:56
HINDOILEXP-EQ,162.4,160.31,153.87,53.24,BUY,100.0,Close above SMMA20; SMMA20 above SMMA120; RSI bullish range,168,2026-08-12 19:53:57
DONEAR-EQ,85.0,85.94,89.32,48.42,SELL,100.0,Close below SMMA20; SMMA20 below SMMA120; RSI bearish range,168,2026-08-12 19:53:59
MANALIPETC-EQ,67.39,64.24,58.66,59.29,BUY,100.0,Close above SMMA20; SMMA20 above SMMA120; RSI bullish range,168,2026-08-12 19:54:00
SMSPHARMA-EQ,369.55,382.67,370.53,44.52,HOLD,66.67,Partial bearish conditions,168,2026-08-12 19:54:02
SIS-EQ,438.8,426.96,365.18,57.42,BUY,100.0,Close above SMMA20; SMMA20 above SMMA120; RSI bullish range,168,2026-08-12 19:54:03
NHPC-EQ,76.5,78.43,78.07,39.71,HOLD,66.67,Partial bearish conditions,168,2026-08-12 19:54:05
MEDIASSIST-EQ,351.0,357.73,378.38,45.52,SELL,100.0,Close below SMMA20; SMMA20 below SMMA120; RSI bearish range,168,2026-08-12 19:54:07
JAMNAAUTO-EQ,123.76,132.56,127.95,37.88,HOLD,66.67,Partial bearish conditions,168,2026-08-12 19:54:08
KAKATCEM-EQ,106.51,118.5,118.96,31.41,SELL,100.0,Close below SMMA20; SMMA20 below SMMA120; RSI bearish range,168,2026-08-12 19:54:10
POWERGRID-EQ,269.0,283.25,286.88,31.86,SELL,100.0,Close below SMMA20; SMMA20 below SMMA120; RSI bearish range,168,2026-08-12 19:54:11
SBFC-EQ,94.01,92.45,94.27,57.02,HOLD,66.67,Partial bullish conditions,168,2026-08-12 19:54:12
MIDCAPBETA-EQ,239.9,232.59,223.42,67.8,BUY,100.0,Close above SMMA20; SMMA20 above SMMA120; RSI bullish range,168,2026-08-12 19:54:14
IOC-EQ,140.6,141.41,150.89,48.08,SELL,100.0,Close below SMMA20; SMMA20 below SMMA120; RSI bearish range,168,2026-08-12 19:54:15
KAMATHOTEL-EQ,177.76,173.98,187.07,55.95,HOLD,66.67,Partial bullish conditions,168,2026-08-12 19:54:17
SILVERBETA-EQ,227.36,218.9,232.58,65.31,HOLD,66.67,Partial bullish conditions,168,2026-08-12 19:54:18
NAHARCAP-EQ,254.5,254.26,246.01,48.74,HOLD,66.67,Partial bullish conditions,168,2026-08-12 19:54:19
MAWANASUG-EQ,112.0,110.23,96.17,51.03,BUY,100.0,Close above SMMA20; SMMA20 above SMMA120; RSI bullish range,168,2026-08-12 19:54:21
AWHCL-EQ,391.0,439.66,473.27,22.55,HOLD,66.67,Partial bearish conditions,168,2026-08-12 19:54:22
LIBERTSHOE-EQ,241.0,258.88,255.92,35.13,HOLD,66.67,Partial bearish conditions,168,2026-08-12 19:54:23
QUESS-EQ,334.2,293.25,229.75,66.99,BUY,100.0,Close above SMMA20; SMMA20 above SMMA120; RSI bullish range,168,2026-08-12 19:54:25
SRGHFL-EQ,278.0,294.33,280.63,37.29,HOLD,66.67,Partial bearish conditions,167,2026-08-12 19:54:26
SOMICONVEY-EQ,87.59,97.34,105.9,31.9,SELL,100.0,Close below SMMA20; SMMA20 below SMMA120; RSI bearish range,168,2026-08-12 19:54:28
MINDTECK-EQ,179.89,198.26,202.49,28.2,HOLD,66.67,Partial bearish conditions,168,2026-08-12 19:54:29
RPPINFRA-EQ,58.78,62.48,75.29,39.88,SELL,100.0,Close below SMMA20; SMMA20 below SMMA120; RSI bearish range,168,2026-08-12 19:54:30
HNGSNGBEES-EQ,480.05,489.01,509.19,41.92,SELL,100.0,Close below SMMA20; SMMA20 below SMMA120; RSI bearish range,168,2026-08-12 19:54:32
ABCAPITAL-EQ,405.3,396.96,360.09,51.72,BUY,100.0,Close above SMMA20; SMMA20 above SMMA120; RSI bullish range,168,2026-08-12 19:54:33
TOUCHWOOD-EQ,68.06,68.31,78.83,51.79,HOLD,66.67,Partial bearish conditions,168,2026-08-12 19:54:35
DVL-EQ,272.0,249.89,248.25,62.88,BUY,100.0,Close above SMMA20; SMMA20 above SMMA120; RSI bullish range,168,2026-08-12 19:54:36
OIL-EQ,471.9,447.67,454.93,64.93,HOLD,66.67,Partial bullish conditions,168,2026-08-12 19:54:37
BAJEL-EQ,192.77,185.55,174.7,59.58,BUY,100.0,Close above SMMA20; SMMA20 above SMMA120; RSI bullish range,168,2026-08-12 19:54:39
APCL-EQ,103.68,105.67,117.44,47.98,SELL,100.0,Close below SMMA20; SMMA20 below SMMA120; RSI bearish range,168,2026-08-12 19:54:40
HDFCPSUBK-EQ,88.8,85.7,86.9,63.06,HOLD,66.67,Partial bullish conditions,168,2026-08-12 19:54:41
BOROSCI-EQ,134.01,149.76,128.88,28.7,HOLD,33.33,No complete signal,168,2026-08-12 19:54:43
OLAELEC-EQ,39.86,39.8,35.72,50.55,BUY,100.0,Close above SMMA20; SMMA20 above SMMA120; RSI bullish range,168,2026-08-12 19:54:44
SSDL-EQ,65.77,55.53,62.53,81.08,HOLD,33.33,No complete signal,168,2026-08-12 19:54:46
CELLO-EQ,374.9,367.14,426.96,54.69,HOLD,66.67,Partial bullish conditions,168,2026-08-12 19:54:47
RELAXO-EQ,417.0,394.98,356.45,56.34,BUY,100.0,Close above SMMA20; SMMA20 above SMMA120; RSI bullish range,168,2026-08-12 19:54:48
ITBETA-EQ,329.1,312.54,331.85,61.29,HOLD,66.67,Partial bullish conditions,168,2026-08-12 19:54:50
BBNPPGOLD-EQ,148.0,140.83,142.93,71.76,HOLD,33.33,No complete signal,168,2026-08-12 19:54:51
SURAJEST-EQ,209.2,201.63,216.92,62.8,HOLD,66.67,Partial bullish conditions,168,2026-08-12 19:54:53
CONSUMBEES-EQ,134.58,131.66,128.8,59.25,BUY,100.0,Close above SMMA20; SMMA20 above SMMA120; RSI bullish range,168,2026-08-12 19:54:54
GTPL-EQ,54.55,60.69,70.3,33.17,SELL,100.0,Close below SMMA20; SMMA20 below SMMA120; RSI bearish range,168,2026-08-12 19:54:55
MON100-EQ,331.16,324.04,279.15,56.0,BUY,100.0,Close above SMMA20; SMMA20 above SMMA120; RSI bullish range,168,2026-08-12 19:54:57
VSTL-EQ,108.0,112.11,118.5,38.35,SELL,100.0,Close below SMMA20; SMMA20 below SMMA120; RSI bearish range,168,2026-08-12 19:54:58
ASHOKLEY-EQ,175.95,163.33,171.76,67.0,HOLD,66.67,Partial bullish conditions,168,2026-08-12 19:54:59
EUREKAFORB-EQ,452.0,457.02,498.22,48.2,SELL,100.0,Close below SMMA20; SMMA20 below SMMA120; RSI bearish range,168,2026-08-12 19:55:01
HPL-EQ,322.25,344.14,348.77,36.39,SELL,100.0,Close below SMMA20; SMMA20 below SMMA120; RSI bearish range,168,2026-08-12 19:55:02
PLAZACABLE-EQ,51.15,45.36,42.12,72.35,HOLD,66.67,Partial bullish conditions,168,2026-08-12 19:55:04
DIAMINESQ-EQ,240.72,251.66,251.1,42.51,HOLD,66.67,Partial bearish conditions,168,2026-08-12 19:55:05
EXICOM-EQ,141.73,157.99,125.69,35.91,HOLD,66.67,Partial bearish conditions,168,2026-08-12 19:55:06
YATRA-EQ,118.99,109.04,123.55,64.42,HOLD,66.67,Partial bullish conditions,168,2026-08-12 19:55:08
CPCAP-EQ,134.0,110.53,101.61,77.89,HOLD,66.67,Partial bullish conditions,168,2026-08-12 19:55:09
VALIANTLAB-EQ,74.76,65.35,65.47,76.79,HOLD,33.33,No complete signal,168,2026-08-12 19:55:11
KOTAKBANK-EQ,392.65,389.54,397.67,52.94,HOLD,66.67,Partial bullish conditions,168,2026-08-12 19:55:12
PAISALO-EQ,68.75,67.4,48.29,48.17,HOLD,66.67,Partial bullish conditions,168,2026-08-12 19:55:13
FILATEX-EQ,83.31,68.9,51.84,72.87,HOLD,66.67,Partial bullish conditions,168,2026-08-12 19:55:15
HDFCNIFBAN-EQ,59.25,58.89,58.8,52.31,BUY,100.0,Close above SMMA20; SMMA20 above SMMA120; RSI bullish range,168,2026-08-12 19:55:16
CURAA-EQ,75.5,77.07,92.21,50.22,HOLD,66.67,Partial bearish conditions,161,2026-08-12 19:55:18
ABFRL-EQ,57.16,59.92,64.51,41.52,SELL,100.0,Close below SMMA20; SMMA20 below SMMA120; RSI bearish range,168,2026-08-12 19:55:19
SMCGLOBAL-EQ,79.45,76.31,73.77,56.68,BUY,100.0,Close above SMMA20; SMMA20 above SMMA120; RSI bullish range,168,2026-08-12 19:55:20
SUPREME-EQ,42.51,46.02,54.45,36.8,SELL,100.0,Close below SMMA20; SMMA20 below SMMA120; RSI bearish range,168,2026-08-12 19:55:22
SPIC-EQ,67.2,67.55,70.07,49.08,SELL,100.0,Close below SMMA20; SMMA20 below SMMA120; RSI bearish range,168,2026-08-12 19:55:23
GILT5YBEES-EQ,66.34,65.9,64.64,62.39,BUY,100.0,Close above SMMA20; SMMA20 above SMMA120; RSI bullish range,168,2026-08-12 19:55:25
SURAKSHA-EQ,270.35,261.57,271.26,60.85,HOLD,66.67,Partial bullish conditions,168,2026-08-12 19:55:26
LOVABLE-EQ,73.0,73.61,73.81,47.86,SELL,100.0,Close below SMMA20; SMMA20 below SMMA120; RSI bearish range,168,2026-08-12 19:55:27
RELTD-EQ,167.3,165.36,148.14,48.21,HOLD,66.67,Partial bullish conditions,168,2026-08-12 19:55:29
SESHAPAPER-EQ,231.96,230.57,241.82,51.77,HOLD,66.67,Partial bullish conditions,168,2026-08-12 19:55:30
GARUDA-EQ,183.49,177.24,176.63,55.47,BUY,100.0,Close above SMMA20; SMMA20 above SMMA120; RSI bullish range,168,2026-08-12 19:55:32
WCIL-EQ,85.35,92.68,102.83,27.91,HOLD,66.67,Partial bearish conditions,168,2026-08-12 19:55:33
BANKPSU-EQ,88.94,85.58,86.57,63.81,HOLD,66.67,Partial bullish conditions,168,2026-08-12 19:55:34
RUPA-EQ,155.59,162.07,152.15,37.98,HOLD,66.67,Partial bearish conditions,168,2026-08-12 19:55:36
SAURASHCEM-EQ,61.05,59.76,64.76,52.04,HOLD,66.67,Partial bullish conditions,168,2026-08-12 19:55:37
NBCC-EQ,92.51,97.17,98.57,36.49,SELL,100.0,Close below SMMA20; SMMA20 below SMMA120; RSI bearish range,168,2026-08-12 19:55:38
GENCON-EQ,39.89,40.25,43.22,48.48,SELL,100.0,Close below SMMA20; SMMA20 below SMMA120; RSI bearish range,168,2026-08-12 19:55:40
SANATHAN-EQ,470.05,461.32,433.37,50.79,BUY,100.0,Close above SMMA20; SMMA20 above SMMA120; RSI bullish range,168,2026-08-12 19:55:41
TARACHAND-EQ,48.07,54.95,61.99,29.24,HOLD,66.67,Partial bearish conditions,168,2026-08-12 19:55:43
VALUEAXIS-EQ,33.3,33.12,32.8,54.33,BUY,100.0,Close above SMMA20; SMMA20 above SMMA120; RSI bullish range,168,2026-08-12 19:55:44
TATAPOWER-EQ,378.05,383.99,389.31,45.82,SELL,100.0,Close below SMMA20; SMMA20 below SMMA120; RSI bearish range,168,2026-08-12 19:55:45
SUNFLAG-EQ,359.6,358.06,300.59,48.6,HOLD,66.67,Partial bullish conditions,168,2026-08-12 19:55:47
GUJTHEM-EQ,353.0,366.22,354.32,42.46,HOLD,66.67,Partial bearish conditions,168,2026-08-12 19:55:48
KPEL-EQ,259.6,315.55,322.67,21.36,HOLD,66.67,Partial bearish conditions,168,2026-08-12 19:55:50
FIRSTCRY-EQ,214.8,215.59,238.31,51.19,HOLD,66.67,Partial bearish conditions,168,2026-08-12 19:55:51
JAICORPLTD-EQ,104.15,106.96,112.68,45.44,SELL,100.0,Close below SMMA20; SMMA20 below SMMA120; RSI bearish range,168,2026-08-12 19:55:52
JAGSNPHARM-EQ,225.5,226.4,201.08,46.4,HOLD,66.67,Partial bearish conditions,168,2026-08-12 19:55:54
NORTHARC-EQ,284.2,291.74,268.97,43.54,HOLD,66.67,Partial bearish conditions,168,2026-08-12 19:55:55
SIGIND-EQ,69.0,53.7,49.94,76.31,HOLD,66.67,Partial bullish conditions,168,2026-08-12 19:55:57
BAJAJHFL-EQ,84.76,86.24,87.59,41.99,SELL,100.0,Close below SMMA20; SMMA20 below SMMA120; RSI bearish range,168,2026-08-12 19:55:58
ICICIB22-EQ,116.35,117.16,119.43,46.72,SELL,100.0,Close below SMMA20; SMMA20 below SMMA120; RSI bearish range,168,2026-08-12 19:55:59
ONGC-EQ,239.45,246.25,259.63,40.71,SELL,100.0,Close below SMMA20; SMMA20 below SMMA120; RSI bearish range,168,2026-08-12 19:56:01
FMCGIETF-EQ,52.12,52.84,53.93,40.83,SELL,100.0,Close below SMMA20; SMMA20 below SMMA120; RSI bearish range,168,2026-08-12 19:56:02
MANAKALUCO-EQ,39.2,37.01,34.08,55.06,BUY,100.0,Close above SMMA20; SMMA20 above SMMA120; RSI bullish range,168,2026-08-12 19:56:04
LLOYDSENT-EQ,77.89,77.62,65.29,47.5,HOLD,66.67,Partial bullish conditions,168,2026-08-12 19:56:05
GROWWEV-EQ,34.02,32.16,30.58,71.69,HOLD,66.67,Partial bullish conditions,168,2026-08-12 19:56:06
GROWWLIQID-EQ,110.31,109.93,108.7,100.0,HOLD,66.67,Partial bullish conditions,168,2026-08-12 19:56:08
ENGINERSIN-EQ,239.2,234.46,217.96,54.49,BUY,100.0,Close above SMMA20; SMMA20 above SMMA120; RSI bullish range,168,2026-08-12 19:56:09
INDIANCARD-EQ,210.5,220.7,217.63,35.98,HOLD,66.67,Partial bearish conditions,168,2026-08-12 19:56:11
APTUS-EQ,254.75,272.02,261.85,34.8,HOLD,66.67,Partial bearish conditions,168,2026-08-12 19:56:12
ARIHANTCAP-EQ,74.93,74.52,75.83,48.54,HOLD,66.67,Partial bearish conditions,168,2026-08-12 19:56:13
AARTIDRUGS-EQ,431.5,405.16,382.72,62.3,BUY,100.0,Close above SMMA20; SMMA20 above SMMA120; RSI bullish range,168,2026-08-12 19:56:15
HEALTHIETF-EQ,171.69,167.59,155.84,62.39,BUY,100.0,Close above SMMA20; SMMA20 above SMMA120; RSI bullish range,168,2026-08-12 19:56:16
GAIL-EQ,174.51,172.9,165.35,51.21,BUY,100.0,Close above SMMA20; SMMA20 above SMMA120; RSI bullish range,168,2026-08-12 19:56:17
SBIETFIT-EQ,344.65,329.87,350.25,60.04,HOLD,66.67,Partial bullish conditions,168,2026-08-12 19:56:19
HECPROJECT-EQ,136.15,131.86,123.64,53.9,BUY,100.0,Close above SMMA20; SMMA20 above SMMA120; RSI bullish range,168,2026-08-12 19:56:20
HBSL-EQ,56.53,52.87,58.3,59.85,HOLD,66.67,Partial bullish conditions,168,2026-08-12 19:56:22
TNPETRO-EQ,106.77,96.26,93.53,72.23,HOLD,66.67,Partial bullish conditions,168,2026-08-12 19:56:23
CHEMPLASTS-EQ,182.35,199.32,235.52,39.68,SELL,100.0,Close below SMMA20; SMMA20 below SMMA120; RSI bearish range,168,2026-08-12 19:56:24
ALLTIME-EQ,218.6,229.32,236.23,39.76,SELL,100.0,Close below SMMA20; SMMA20 below SMMA120; RSI bearish range,168,2026-08-12 19:56:26
NIFTYETF-EQ,266.2,263.07,265.23,56.78,HOLD,66.67,Partial bullish conditions,168,2026-08-12 19:56:27
MEDICAMEQ-EQ,235.35,242.34,287.46,45.24,SELL,100.0,Close below SMMA20; SMMA20 below SMMA120; RSI bearish range,168,2026-08-12 19:56:29
ELLEN-EQ,323.8,280.4,270.37,70.8,HOLD,66.67,Partial bullish conditions,168,2026-08-12 19:56:30
3PLAND-EQ,32.0,32.11,33.66,49.78,SELL,100.0,Close below SMMA20; SMMA20 below SMMA120; RSI bearish range,168,2026-08-12 19:56:31
SHALBY-EQ,157.28,164.79,167.05,35.74,SELL,100.0,Close below SMMA20; SMMA20 below SMMA120; RSI bearish range,168,2026-08-12 19:56:33
SUDARCOLOR-EQ,407.9,375.28,372.71,63.8,BUY,100.0,Close above SMMA20; SMMA20 above SMMA120; RSI bullish range,168,2026-08-12 19:56:34
TREJHARA-EQ,161.0,146.88,172.25,60.83,HOLD,66.67,Partial bullish conditions,168,2026-08-12 19:56:36
HITECH-EQ,77.75,85.98,86.01,28.99,HOLD,66.67,Partial bearish conditions,168,2026-08-12 19:56:37
SAMBHV-EQ,118.43,116.74,105.68,50.92,BUY,100.0,Close above SMMA20; SMMA20 above SMMA120; RSI bullish range,168,2026-08-12 19:56:39
MOTOUR-EQ,80.15,78.88,77.32,54.09,BUY,100.0,Close above SMMA20; SMMA20 above SMMA120; RSI bullish range,168,2026-08-12 19:56:40
SAGILITY-EQ,43.31,42.38,43.98,53.58,HOLD,66.67,Partial bullish conditions,168,2026-08-12 19:56:41
NIVABUPA-EQ,84.09,85.58,79.73,40.61,HOLD,66.67,Partial bearish conditions,168,2026-08-12 19:56:43
S&SPOWER-EQ,320.4,341.98,333.38,41.84,HOLD,66.67,Partial bearish conditions,168,2026-08-12 19:56:44
REPCOHOME-EQ,367.2,392.19,393.67,32.6,SELL,100.0,Close below SMMA20; SMMA20 below SMMA120; RSI bearish range,168,2026-08-12 19:56:46
BORANA-EQ,332.6,324.59,332.89,54.23,HOLD,66.67,Partial bullish conditions,168,2026-08-12 19:56:47
ABLBL-EQ,90.29,95.53,104.21,34.39,SELL,100.0,Close below SMMA20; SMMA20 below SMMA120; RSI bearish range,168,2026-08-12 19:56:49
SNXT30BEES-EQ,43.77,42.66,41.25,68.13,BUY,100.0,Close above SMMA20; SMMA20 above SMMA120; RSI bullish range,168,2026-08-12 19:56:50
SWIGGY-EQ,278.85,271.55,296.51,53.15,HOLD,66.67,Partial bullish conditions,168,2026-08-12 19:56:51
LIKHITHA-EQ,227.33,230.8,200.94,47.63,HOLD,66.67,Partial bearish conditions,168,2026-08-12 19:56:53
EQUAL50ADD-EQ,349.21,344.34,338.89,57.56,BUY,100.0,Close above SMMA20; SMMA20 above SMMA120; RSI bullish range,168,2026-08-12 19:56:54
DDEVPLSTIK-EQ,290.95,278.04,267.76,55.6,BUY,100.0,Close above SMMA20; SMMA20 above SMMA120; RSI bullish range,168,2026-08-12 19:56:56
MAMATA-EQ,425.2,401.11,399.35,66.11,BUY,100.0,Close above SMMA20; SMMA20 above SMMA120; RSI bullish range,168,2026-08-12 19:56:57
CAMLINFINE-EQ,107.94,126.63,133.52,28.18,HOLD,66.67,Partial bearish conditions,168,2026-08-12 19:56:58
JMA-EQ,88.99,88.7,84.97,51.66,BUY,100.0,Close above SMMA20; SMMA20 above SMMA120; RSI bullish range,168,2026-08-12 19:57:00
OSWALPUMPS-EQ,301.15,361.09,392.49,23.13,HOLD,66.67,Partial bearish conditions,168,2026-08-12 19:57:01
ARIS-EQ,135.55,123.36,118.11,70.01,HOLD,66.67,Partial bullish conditions,168,2026-08-12 19:57:03
EUROBOND-EQ,162.1,165.44,170.45,46.75,SELL,100.0,Close below SMMA20; SMMA20 below SMMA120; RSI bearish range,168,2026-08-12 19:57:04
REGENCERAM-EQ,38.86,36.42,42.13,60.97,HOLD,66.67,Partial bullish conditions,168,2026-08-12 19:57:05
PANACEABIO-EQ,399.85,460.85,408.29,27.82,HOLD,33.33,No complete signal,168,2026-08-12 19:57:07
SPMLINFRA-EQ,191.34,195.67,188.7,45.48,HOLD,66.67,Partial bearish conditions,168,2026-08-12 19:57:08
MOGOLD-EQ,151.0,143.93,145.95,72.13,HOLD,33.33,No complete signal,168,2026-08-12 19:57:10
FABTECH-EQ,145.5,152.12,162.85,34.02,SELL,100.0,Close below SMMA20; SMMA20 below SMMA120; RSI bearish range,168,2026-08-12 19:57:11
GOLDBND-EQ,152.53,145.49,148.07,72.38,HOLD,33.33,No complete signal,164,2026-08-12 19:57:12
PACEDIGITK-EQ,183.21,195.33,184.32,38.81,HOLD,66.67,Partial bearish conditions,168,2026-08-12 19:57:14
CUBEXTUB-EQ,79.34,80.87,93.59,48.53,SELL,100.0,Close below SMMA20; SMMA20 below SMMA120; RSI bearish range,168,2026-08-12 19:57:15
SOLARWORLD-EQ,161.45,188.12,208.37,24.34,HOLD,66.67,Partial bearish conditions,168,2026-08-12 19:57:16
GROWWNXT50-EQ,75.18,73.09,69.85,61.63,BUY,100.0,Close above SMMA20; SMMA20 above SMMA120; RSI bullish range,168,2026-08-12 19:57:18
REMSONSIND-EQ,88.36,84.97,99.26,58.9,HOLD,66.67,Partial bullish conditions,168,2026-08-12 19:57:19
CPEDU-EQ,214.5,200.59,204.91,63.5,HOLD,66.67,Partial bullish conditions,168,2026-08-12 19:57:21
TNPL-EQ,154.5,149.64,143.27,58.2,BUY,100.0,Close above SMMA20; SMMA20 above SMMA120; RSI bullish range,168,2026-08-12 19:57:22
ORIENTCEM-EQ,134.0,136.81,146.16,43.75,SELL,100.0,Close below SMMA20; SMMA20 below SMMA120; RSI bearish range,168,2026-08-12 19:57:23
TATASTEEL-EQ,185.0,190.54,194.72,42.28,SELL,100.0,Close below SMMA20; SMMA20 below SMMA120; RSI bearish range,168,2026-08-12 19:57:25
RAMCOIND-EQ,359.1,335.7,304.91,58.51,BUY,100.0,Close above SMMA20; SMMA20 above SMMA120; RSI bullish range,168,2026-08-12 19:57:26
BEPL-EQ,120.54,112.64,95.61,56.53,BUY,100.0,Close above SMMA20; SMMA20 above SMMA120; RSI bullish range,168,2026-08-12 19:57:28
GUJRAFFIA-EQ,41.98,40.06,41.76,59.43,HOLD,66.67,Partial bullish conditions,168,2026-08-12 19:57:29
BEL-EQ,404.3,405.45,419.51,51.78,HOLD,66.67,Partial bearish conditions,168,2026-08-12 19:57:30
ZUARIIND-EQ,265.0,260.26,266.05,55.2,HOLD,66.67,Partial bullish conditions,168,2026-08-12 19:57:32
VMSTMT-EQ,49.88,45.72,46.89,73.56,HOLD,33.33,No complete signal,168,2026-08-12 19:57:33
MOMIDMTM-EQ,65.06,63.8,62.57,61.03,BUY,100.0,Close above SMMA20; SMMA20 above SMMA120; RSI bullish range,168,2026-08-12 19:57:35
VIPIND-EQ,311.0,306.22,331.11,54.2,HOLD,66.67,Partial bullish conditions,168,2026-08-12 19:57:36
MASPTOP50-EQ,80.96,78.91,74.87,60.45,BUY,100.0,Close above SMMA20; SMMA20 above SMMA120; RSI bullish range,168,2026-08-12 19:57:37
FOODSIN-EQ,51.29,55.84,59.74,34.79,SELL,100.0,Close below SMMA20; SMMA20 below SMMA120; RSI bearish range,168,2026-08-12 19:57:39
TARSONS-EQ,312.8,292.57,233.51,54.77,BUY,100.0,Close above SMMA20; SMMA20 above SMMA120; RSI bullish range,168,2026-08-12 19:57:40
NEXT50BETA-EQ,80.12,78.27,74.98,65.82,BUY,100.0,Close above SMMA20; SMMA20 above SMMA120; RSI bullish range,168,2026-08-12 19:57:42
GULPOLY-EQ,191.0,194.19,170.22,45.97,HOLD,66.67,Partial bearish conditions,168,2026-08-12 19:57:43
NEXT50ADD-EQ,74.8,72.99,69.97,62.08,BUY,100.0,Close above SMMA20; SMMA20 above SMMA120; RSI bullish range,145,2026-08-12 19:57:45
BPCL-EQ,314.35,314.03,327.22,48.17,HOLD,66.67,Partial bearish conditions,168,2026-08-12 19:57:46
CHOICEGOLD-EQ,151.64,144.36,146.36,71.98,HOLD,33.33,No complete signal,168,2026-08-12 19:57:47
STYL-EQ,411.5,356.54,286.03,66.99,BUY,100.0,Close above SMMA20; SMMA20 above SMMA120; RSI bullish range,168,2026-08-12 19:57:49
SBIETFCON-EQ,124.02,122.05,119.38,54.88,BUY,100.0,Close above SMMA20; SMMA20 above SMMA120; RSI bullish range,168,2026-08-12 19:57:50
MUFTI-EQ,80.07,84.45,86.2,40.79,SELL,100.0,Close below SMMA20; SMMA20 below SMMA120; RSI bearish range,168,2026-08-12 19:57:52
PARKHOSPS-EQ,283.2,281.24,225.26,49.39,HOLD,66.67,Partial bullish conditions,161,2026-08-12 19:57:53
ASIANENE-EQ,405.8,373.35,316.15,62.58,BUY,100.0,Close above SMMA20; SMMA20 above SMMA120; RSI bullish range,168,2026-08-12 19:57:54
HEMIPROP-EQ,134.7,137.29,135.94,43.52,HOLD,66.67,Partial bearish conditions,168,2026-08-12 19:57:56
INTLCONV-EQ,72.75,76.77,79.07,33.53,SELL,100.0,Close below SMMA20; SMMA20 below SMMA120; RSI bearish range,168,2026-08-12 19:57:57
TEXRAIL-EQ,107.76,110.46,111.68,43.94,SELL,100.0,Close below SMMA20; SMMA20 below SMMA120; RSI bearish range,168,2026-08-12 19:57:58
GMRP&UI-EQ,96.73,99.3,105.04,44.51,SELL,100.0,Close below SMMA20; SMMA20 below SMMA120; RSI bearish range,168,2026-08-12 19:58:00
BANKBETA-EQ,59.89,59.22,59.12,55.18,BUY,100.0,Close above SMMA20; SMMA20 above SMMA120; RSI bullish range,168,2026-08-12 19:58:01
RAILTEL-EQ,285.8,297.96,314.9,39.91,SELL,100.0,Close below SMMA20; SMMA20 below SMMA120; RSI bearish range,168,2026-08-12 19:58:03
SNXT50BETA-EQ,95.65,94.01,91.6,58.14,BUY,100.0,Close above SMMA20; SMMA20 above SMMA120; RSI bullish range,168,2026-08-12 19:58:04
GATEWAY-EQ,54.9,57.91,57.95,39.32,SELL,100.0,Close below SMMA20; SMMA20 below SMMA120; RSI bearish range,168,2026-08-12 19:58:05
SIGNPOST-EQ,268.7,286.47,255.13,37.61,HOLD,66.67,Partial bearish conditions,168,2026-08-12 19:58:08
MOREALTY-EQ,88.83,87.8,82.01,49.45,HOLD,66.67,Partial bullish conditions,168,2026-08-12 19:58:10
ONIDA-EQ,37.5,38.95,33.99,42.68,HOLD,66.67,Partial bearish conditions,168,2026-08-12 19:58:11
PVSL-EQ,120.55,103.99,103.57,78.96,HOLD,66.67,Partial bullish conditions,168,2026-08-12 19:58:12
HLEGLAS-EQ,326.45,405.83,372.97,31.3,HOLD,66.67,Partial bearish conditions,168,2026-08-12 19:58:14
ALEMBICLTD-EQ,84.2,88.62,90.81,37.54,SELL,100.0,Close below SMMA20; SMMA20 below SMMA120; RSI bearish range,168,2026-08-12 19:58:19
JUNIPER-EQ,199.4,197.26,214.0,54.21,HOLD,66.67,Partial bullish conditions,168,2026-08-12 19:58:20
STARCEMENT-EQ,199.98,205.72,213.69,39.0,SELL,100.0,Close below SMMA20; SMMA20 below SMMA120; RSI bearish range,168,2026-08-12 19:58:23
HEXATRADEX-EQ,157.0,159.67,161.45,44.69,SELL,100.0,Close below SMMA20; SMMA20 below SMMA120; RSI bearish range,168,2026-08-12 19:58:24
RELIABLE-EQ,140.2,143.83,141.54,42.95,HOLD,66.67,Partial bearish conditions,168,2026-08-12 19:58:25
TOLINS-EQ,101.01,103.49,111.22,41.33,SELL,100.0,Close below SMMA20; SMMA20 below SMMA120; RSI bearish range,168,2026-08-12 19:58:30
GICRE-EQ,355.85,362.59,374.52,42.2,SELL,100.0,Close below SMMA20; SMMA20 below SMMA120; RSI bearish range,168,2026-08-12 19:58:32
SINCLAIR-EQ,77.0,75.6,77.4,57.57,HOLD,66.67,Partial bullish conditions,168,2026-08-12 19:58:33
VASWANI-EQ,51.55,53.47,55.71,41.03,SELL,100.0,Close below SMMA20; SMMA20 below SMMA120; RSI bearish range,168,2026-08-12 19:58:34
PRAKASH-EQ,121.16,129.7,133.43,36.02,SELL,100.0,Close below SMMA20; SMMA20 below SMMA120; RSI bearish range,168,2026-08-12 19:58:36
LTF-EQ,314.55,307.42,292.04,54.19,BUY,100.0,Close above SMMA20; SMMA20 above SMMA120; RSI bullish range,168,2026-08-12 19:58:37
XTGLOBAL-EQ,31.91,30.56,31.09,55.5,HOLD,66.67,Partial bullish conditions,168,2026-08-12 19:58:38
STANLEY-EQ,141.6,152.25,163.32,30.47,SELL,100.0,Close below SMMA20; SMMA20 below SMMA120; RSI bearish range,168,2026-08-12 19:58:40
ONWARDTEC-EQ,289.25,282.41,274.4,53.11,BUY,100.0,Close above SMMA20; SMMA20 above SMMA120; RSI bullish range,168,2026-08-12 19:58:41
MODEFENCE-EQ,105.32,102.98,94.33,58.35,BUY,100.0,Close above SMMA20; SMMA20 above SMMA120; RSI bullish range,168,2026-08-12 19:58:43
EVINDIA-EQ,34.2,32.26,30.67,82.26,HOLD,66.67,Partial bullish conditions,168,2026-08-12 19:58:44
EIEL-EQ,203.13,216.17,194.13,37.22,HOLD,66.67,Partial bearish conditions,168,2026-08-12 19:58:45
ARKADE-EQ,129.66,132.33,123.1,40.92,HOLD,66.67,Partial bearish conditions,168,2026-08-12 19:58:47
BANSALWIRE-EQ,323.2,320.13,298.23,51.06,BUY,100.0,Close above SMMA20; SMMA20 above SMMA120; RSI bullish range,168,2026-08-12 19:58:49
SPECIALITY-EQ,159.0,132.93,113.06,77.28,HOLD,66.67,Partial bullish conditions,168,2026-08-12 19:58:51
ORIENTHOT-EQ,126.53,128.47,110.06,45.0,HOLD,66.67,Partial bearish conditions,168,2026-08-12 19:58:52
AWFIS-EQ,274.0,288.3,341.8,41.89,SELL,100.0,Close below SMMA20; SMMA20 below SMMA120; RSI bearish range,168,2026-08-12 19:58:54
BBNPNBETF-EQ,58.08,57.74,57.7,51.77,BUY,100.0,Close above SMMA20; SMMA20 above SMMA120; RSI bullish range,168,2026-08-12 19:58:55
NOCIL-EQ,163.44,168.27,159.75,44.51,HOLD,66.67,Partial bearish conditions,168,2026-08-12 19:58:56
SRD-EQ,40.5,38.92,47.48,60.72,HOLD,66.67,Partial bullish conditions,168,2026-08-12 19:58:59
UNIECOM-EQ,92.08,86.78,96.92,68.81,HOLD,66.67,Partial bullish conditions,168,2026-08-12 19:59:01
MIDHANI-EQ,408.45,412.97,374.71,47.02,HOLD,66.67,Partial bearish conditions,168,2026-08-12 19:59:02
AGIIL-EQ,300.6,326.72,317.59,32.5,HOLD,66.67,Partial bearish conditions,168,2026-08-12 19:59:03
ORIENTTECH-EQ,260.0,262.91,288.72,47.63,SELL,100.0,Close below SMMA20; SMMA20 below SMMA120; RSI bearish range,168,2026-08-12 19:59:05
EBANKNIFTY-EQ,58.32,57.76,57.67,53.88,BUY,100.0,Close above SMMA20; SMMA20 above SMMA120; RSI bullish range,168,2026-08-12 19:59:06
ASHIANA-EQ,377.0,379.07,337.96,46.14,HOLD,66.67,Partial bearish conditions,168,2026-08-12 19:59:07
SBINEQWETF-EQ,34.11,33.53,32.99,57.26,BUY,100.0,Close above SMMA20; SMMA20 above SMMA120; RSI bullish range,168,2026-08-12 19:59:09
SURAJLTD-EQ,218.38,225.21,234.08,42.9,SELL,100.0,Close below SMMA20; SMMA20 below SMMA120; RSI bearish range,168,2026-08-12 19:59:10
ABGSEC-EQ,115.15,113.87,112.27,57.17,BUY,100.0,Close above SMMA20; SMMA20 above SMMA120; RSI bullish range,151,2026-08-12 19:59:12
TOP10ADD-EQ,88.99,88.11,91.36,56.06,HOLD,66.67,Partial bullish conditions,168,2026-08-12 19:59:13
INDOUS-EQ,80.05,86.56,106.08,34.06,SELL,100.0,Close below SMMA20; SMMA20 below SMMA120; RSI bearish range,168,2026-08-12 19:59:14
PNCINFRA-EQ,223.26,232.85,222.13,42.55,HOLD,66.67,Partial bearish conditions,168,2026-08-12 19:59:16
THOMASCOOK-EQ,107.08,103.93,109.82,55.42,HOLD,66.67,Partial bullish conditions,168,2026-08-12 19:59:17
ROML-EQ,44.96,45.02,45.42,50.36,HOLD,66.67,Partial bearish conditions,168,2026-08-12 19:59:19
MOMOMENTUM-EQ,63.06,62.0,61.75,60.66,BUY,100.0,Close above SMMA20; SMMA20 above SMMA120; RSI bullish range,168,2026-08-12 19:59:20
VSTIND-EQ,218.2,235.13,241.99,28.87,HOLD,66.67,Partial bearish conditions,168,2026-08-12 19:59:21
XELPMOC-EQ,81.14,84.22,105.92,44.69,SELL,100.0,Close below SMMA20; SMMA20 below SMMA120; RSI bearish range,168,2026-08-12 19:59:23
OBCL-EQ,53.0,53.77,55.03,45.82,SELL,100.0,Close below SMMA20; SMMA20 below SMMA120; RSI bearish range,168,2026-08-12 19:59:24
MEGASTAR-EQ,319.95,333.49,282.24,40.6,HOLD,66.67,Partial bearish conditions,168,2026-08-12 19:59:25
SAIL-EQ,172.79,171.56,164.73,53.7,BUY,100.0,Close above SMMA20; SMMA20 above SMMA120; RSI bullish range,168,2026-08-12 19:59:27
LXCHEM-EQ,172.85,171.67,152.49,47.76,HOLD,66.67,Partial bullish conditions,168,2026-08-12 19:59:28
LICMFGOLD-EQ,137.9,131.12,132.99,73.53,HOLD,33.33,No complete signal,168,2026-08-12 19:59:30
THOMASCOTT-EQ,336.0,309.79,300.31,59.98,BUY,100.0,Close above SMMA20; SMMA20 above SMMA120; RSI bullish range,168,2026-08-12 19:59:31
RHIM-EQ,385.9,399.27,408.97,42.46,SELL,100.0,Close below SMMA20; SMMA20 below SMMA120; RSI bearish range,168,2026-08-12 19:59:32
TTML-EQ,38.17,40.6,42.81,30.76,SELL,100.0,Close below SMMA20; SMMA20 below SMMA120; RSI bearish range,168,2026-08-12 19:59:34
ARVEE-EQ,177.24,160.88,168.1,69.04,HOLD,66.67,Partial bullish conditions,167,2026-08-12 19:59:35
JTLIND-EQ,75.25,75.68,68.36,47.62,HOLD,66.67,Partial bearish conditions,168,2026-08-12 19:59:37
LINC-EQ,98.44,103.33,105.42,39.23,SELL,100.0,Close below SMMA20; SMMA20 below SMMA120; RSI bearish range,168,2026-08-12 19:59:38
QMSMEDI-EQ,129.99,108.49,93.15,72.24,HOLD,66.67,Partial bullish conditions,148,2026-08-12 19:59:39
CORALFINAC-EQ,33.15,32.88,34.02,51.53,HOLD,66.67,Partial bullish conditions,168,2026-08-12 19:59:41
PAR-EQ,103.7,96.33,93.5,60.19,BUY,100.0,Close above SMMA20; SMMA20 above SMMA120; RSI bullish range,168,2026-08-12 19:59:42
SILVER360-EQ,232.0,222.99,237.06,64.33,HOLD,66.67,Partial bullish conditions,168,2026-08-12 19:59:44
SAPPHIRE-EQ,231.74,193.63,194.32,72.38,HOLD,33.33,No complete signal,168,2026-08-12 19:59:45
SBIETFPB-EQ,278.62,281.54,280.67,42.42,HOLD,66.67,Partial bearish conditions,168,2026-08-12 19:59:46
MIRZAINT-EQ,32.16,34.29,34.09,35.75,HOLD,66.67,Partial bearish conditions,168,2026-08-12 19:59:48
MANUFGBEES-EQ,167.51,161.95,155.94,64.96,BUY,100.0,Close above SMMA20; SMMA20 above SMMA120; RSI bullish range,168,2026-08-12 19:59:49
MONQ50-EQ,148.2,142.26,120.31,61.5,BUY,100.0,Close above SMMA20; SMMA20 above SMMA120; RSI bullish range,168,2026-08-12 19:59:51
MOMGF-EQ,165.5,161.25,155.11,61.78,BUY,100.0,Close above SMMA20; SMMA20 above SMMA120; RSI bullish range,168,2026-08-12 19:59:52
BPL-EQ,52.68,54.34,55.0,41.83,SELL,100.0,Close below SMMA20; SMMA20 below SMMA120; RSI bearish range,168,2026-08-12 19:59:53
BANKINDIA-EQ,145.41,142.27,147.94,56.32,HOLD,66.67,Partial bullish conditions,168,2026-08-12 19:59:55
ZEEL-EQ,97.52,101.49,92.75,45.28,HOLD,66.67,Partial bearish conditions,168,2026-08-12 19:59:56
JAYAGROGN-EQ,211.1,219.02,201.45,41.1,HOLD,66.67,Partial bearish conditions,168,2026-08-12 19:59:57
ETERNAL-EQ,314.5,291.43,268.48,62.87,BUY,100.0,Close above SMMA20; SMMA20 above SMMA120; RSI bullish range,168,2026-08-12 19:59:59
EVIETF-EQ,34.34,32.3,30.72,77.53,HOLD,66.67,Partial bullish conditions,168,2026-08-12 20:00:00
NRBBEARING-EQ,461.65,422.53,329.72,60.54,BUY,100.0,Close above SMMA20; SMMA20 above SMMA120; RSI bullish range,168,2026-08-12 20:00:02
EFCIL-EQ,179.4,190.15,217.03,37.64,SELL,100.0,Close below SMMA20; SMMA20 below SMMA120; RSI bearish range,168,2026-08-12 20:00:03
BANKNIFTY1-EQ,60.02,59.43,59.3,54.4,BUY,100.0,Close above SMMA20; SMMA20 above SMMA120; RSI bullish range,168,2026-08-12 20:00:04
FINOPB-EQ,160.46,155.54,174.79,52.45,HOLD,66.67,Partial bullish conditions,168,2026-08-12 20:00:06
BELLACASA-EQ,240.28,245.27,280.68,45.97,SELL,100.0,Close below SMMA20; SMMA20 below SMMA120; RSI bearish range,168,2026-08-12 20:00:07
CESC-EQ,162.43,165.91,165.05,43.72,HOLD,66.67,Partial bearish conditions,168,2026-08-12 20:00:09
FISCHER-EQ,37.76,37.87,38.45,48.54,SELL,100.0,Close below SMMA20; SMMA20 below SMMA120; RSI bearish range,168,2026-08-12 20:00:10
KTKBANK-EQ,313.7,283.28,240.52,69.3,BUY,100.0,Close above SMMA20; SMMA20 above SMMA120; RSI bullish range,168,2026-08-12 20:00:11
SONAMLTD-EQ,54.51,54.51,50.24,49.45,HOLD,66.67,Partial bearish conditions,168,2026-08-12 20:00:13
GROWWCHEM-EQ,30.58,30.06,28.6,54.89,BUY,100.0,Close above SMMA20; SMMA20 above SMMA120; RSI bullish range,141,2026-08-12 20:00:14
GROWWDEFNC-EQ,96.2,93.92,85.99,57.97,BUY,100.0,Close above SMMA20; SMMA20 above SMMA120; RSI bullish range,168,2026-08-12 20:00:16
VINCOFE-EQ,146.42,152.94,147.88,40.76,HOLD,66.67,Partial bearish conditions,168,2026-08-12 20:00:17
ABCOTS-EQ,199.0,210.8,315.57,38.38,SELL,100.0,Close below SMMA20; SMMA20 below SMMA120; RSI bearish range,168,2026-08-12 20:00:20
EPACKPEB-EQ,236.4,246.26,220.65,42.73,HOLD,66.67,Partial bearish conditions,168,2026-08-12 20:00:21
BMWVENTLTD-EQ,58.01,58.48,58.53,48.48,SELL,100.0,Close below SMMA20; SMMA20 below SMMA120; RSI bearish range,168,2026-08-12 20:00:22
CMSINFO-EQ,255.6,276.85,302.13,37.58,SELL,100.0,Close below SMMA20; SMMA20 below SMMA120; RSI bearish range,168,2026-08-12 20:00:24
NEXT50ETF-EQ,75.1,73.24,70.07,59.92,BUY,100.0,Close above SMMA20; SMMA20 above SMMA120; RSI bullish range,142,2026-08-12 20:00:25
ROTO-EQ,67.04,66.98,62.34,48.71,HOLD,66.67,Partial bullish conditions,168,2026-08-12 20:00:27
LICI-EQ,416.1,416.82,414.75,50.46,HOLD,66.67,Partial bullish conditions,168,2026-08-12 20:00:38
DHAMPURSUG-EQ,159.23,145.47,134.36,69.43,BUY,100.0,Close above SMMA20; SMMA20 above SMMA120; RSI bullish range,168,2026-08-12 20:00:39
GAEL-EQ,165.36,161.83,147.51,51.64,BUY,100.0,Close above SMMA20; SMMA20 above SMMA120; RSI bullish range,168,2026-08-12 20:00:41
TNIDETF-EQ,90.2,86.01,86.33,64.71,HOLD,66.67,Partial bullish conditions,168,2026-08-12 20:00:42
SHADOWFAX-EQ,247.39,224.05,170.29,63.52,BUY,100.0,Close above SMMA20; SMMA20 above SMMA120; RSI bullish range,134,2026-08-12 20:00:43
ALGOQUANT-EQ,67.2,63.8,59.47,58.5,BUY,100.0,Close above SMMA20; SMMA20 above SMMA120; RSI bullish range,148,2026-08-12 20:00:45
TBZ-EQ,236.9,241.98,177.36,42.67,HOLD,66.67,Partial bearish conditions,168,2026-08-12 20:00:46
DEVX-EQ,35.0,35.04,38.15,53.67,HOLD,66.67,Partial bearish conditions,168,2026-08-12 20:00:48
BANKA-EQ,84.64,87.92,73.97,44.17,HOLD,66.67,Partial bearish conditions,168,2026-08-12 20:00:49
CANHLIFE-EQ,147.9,146.5,143.39,50.61,BUY,100.0,Close above SMMA20; SMMA20 above SMMA120; RSI bullish range,168,2026-08-12 20:00:50
JARO-EQ,444.4,483.86,481.96,32.94,HOLD,66.67,Partial bearish conditions,168,2026-08-12 20:00:55
UTLSOLAR-EQ,389.0,363.63,270.55,57.73,BUY,100.0,Close above SMMA20; SMMA20 above SMMA120; RSI bullish range,168,2026-08-12 20:00:57
PATELRMART-EQ,220.0,219.12,201.15,48.58,HOLD,66.67,Partial bullish conditions,168,2026-08-12 20:00:58
HAPPSTMNDS-EQ,390.0,379.11,391.29,54.2,HOLD,66.67,Partial bullish conditions,168,2026-08-12 20:00:59
CLSEL-EQ,283.5,282.89,269.29,50.18,BUY,100.0,Close above SMMA20; SMMA20 above SMMA120; RSI bullish range,168,2026-08-12 20:01:01
INDOFARM-EQ,148.9,152.61,152.12,44.25,HOLD,66.67,Partial bearish conditions,168,2026-08-12 20:01:05
VESUVIUS-EQ,453.5,459.44,475.76,47.6,SELL,100.0,Close below SMMA20; SMMA20 below SMMA120; RSI bearish range,168,2026-08-12 20:01:07
SNOWMAN-EQ,39.25,37.99,38.58,57.49,HOLD,66.67,Partial bullish conditions,168,2026-08-12 20:01:08
ONEPOINT-EQ,59.99,56.95,53.86,64.3,BUY,100.0,Close above SMMA20; SMMA20 above SMMA120; RSI bullish range,168,2026-08-12 20:01:10
GOLD360-EQ,149.5,142.1,143.96,73.42,HOLD,33.33,No complete signal,168,2026-08-12 20:01:11
BHAGCHEM-EQ,280.35,275.44,240.49,51.38,BUY,100.0,Close above SMMA20; SMMA20 above SMMA120; RSI bullish range,168,2026-08-12 20:01:12
TIRUMALCHM-EQ,160.72,172.02,191.07,39.57,SELL,100.0,Close below SMMA20; SMMA20 below SMMA120; RSI bearish range,168,2026-08-12 20:01:14
PRABHA-EQ,159.0,152.24,159.67,64.9,HOLD,66.67,Partial bullish conditions,168,2026-08-12 20:01:15
5PAISA-EQ,387.05,360.23,335.53,61.96,BUY,100.0,Close above SMMA20; SMMA20 above SMMA120; RSI bullish range,168,2026-08-12 20:01:17
NIFTYIETF-EQ,277.5,273.99,276.43,57.97,HOLD,66.67,Partial bullish conditions,168,2026-08-12 20:01:18
GOCLCORP-EQ,432.6,402.34,327.41,64.04,BUY,100.0,Close above SMMA20; SMMA20 above SMMA120; RSI bullish range,168,2026-08-12 20:01:19
FDC-EQ,353.75,397.11,385.99,24.19,HOLD,33.33,No complete signal,168,2026-08-12 20:01:21
TRIGYN-EQ,55.92,54.46,56.64,56.1,HOLD,66.67,Partial bullish conditions,168,2026-08-12 20:01:22
TRANSRAILL-EQ,467.05,495.1,522.31,37.02,SELL,100.0,Close below SMMA20; SMMA20 below SMMA120; RSI bearish range,168,2026-08-12 20:01:23
UNIONGOLD-EQ,149.6,142.43,144.43,70.81,HOLD,33.33,No complete signal,168,2026-08-12 20:01:25
COASTCORP-EQ,42.25,49.03,49.12,27.26,HOLD,66.67,Partial bearish conditions,168,2026-08-12 20:01:26
SINTERCOM-EQ,82.35,80.84,84.17,50.97,HOLD,66.67,Partial bullish conditions,168,2026-08-12 20:01:28
WEIZMANIND-EQ,78.39,79.55,84.25,47.43,SELL,100.0,Close below SMMA20; SMMA20 below SMMA120; RSI bearish range,168,2026-08-12 20:01:29
NIF100BEES-EQ,271.05,267.96,268.07,55.72,HOLD,66.67,Partial bullish conditions,168,2026-08-12 20:01:30
INDUSTOWER-EQ,380.5,394.29,419.09,43.09,SELL,100.0,Close below SMMA20; SMMA20 below SMMA120; RSI bearish range,168,2026-08-12 20:01:32
AUSOMENT-EQ,141.4,131.42,120.3,65.86,BUY,100.0,Close above SMMA20; SMMA20 above SMMA120; RSI bullish range,168,2026-08-12 20:01:33
ZODIACLOTH-EQ,77.69,77.36,78.42,51.33,HOLD,66.67,Partial bullish conditions,168,2026-08-12 20:01:35
DCMSRIND-EQ,42.98,41.03,49.65,57.16,HOLD,66.67,Partial bullish conditions,168,2026-08-12 20:01:36
MOPSE-EQ,100.2,101.4,102.2,43.19,SELL,100.0,Close below SMMA20; SMMA20 below SMMA120; RSI bearish range,168,2026-08-12 20:01:37
BRIGHOTEL-EQ,59.41,61.61,63.11,38.6,SELL,100.0,Close below SMMA20; SMMA20 below SMMA120; RSI bearish range,168,2026-08-12 20:01:39
BSOFT-EQ,313.3,307.46,359.43,54.92,HOLD,66.67,Partial bullish conditions,168,2026-08-12 20:01:40
PINELABS-EQ,169.93,153.92,181.93,65.26,HOLD,66.67,Partial bullish conditions,168,2026-08-12 20:01:42
HALDER-EQ,273.0,244.26,247.48,75.97,HOLD,33.33,No complete signal,139,2026-08-12 20:01:43
EMMVEE-EQ,317.2,323.6,260.48,45.14,HOLD,66.67,Partial bearish conditions,168,2026-08-12 20:01:44
MOENERGY-EQ,38.95,39.18,37.81,47.55,HOLD,66.67,Partial bearish conditions,168,2026-08-12 20:01:46
PASHUPATI-EQ,84.1,86.68,88.6,34.27,SELL,100.0,Close below SMMA20; SMMA20 below SMMA120; RSI bearish range,168,2026-08-12 20:01:47
AEGISVOPAK-EQ,273.55,270.64,229.1,47.09,HOLD,66.67,Partial bullish conditions,168,2026-08-12 20:01:48
ARFIN-EQ,84.4,88.26,83.07,41.77,HOLD,66.67,Partial bearish conditions,168,2026-08-12 20:01:50
MANAKSTEEL-EQ,82.75,75.3,66.27,58.78,BUY,100.0,Close above SMMA20; SMMA20 above SMMA120; RSI bullish range,168,2026-08-12 20:01:51
URBANCO-EQ,139.05,134.42,127.75,55.45,BUY,100.0,Close above SMMA20; SMMA20 above SMMA120; RSI bullish range,168,2026-08-12 20:01:53
GOCOLORS-EQ,323.25,335.26,346.52,44.92,SELL,100.0,Close below SMMA20; SMMA20 below SMMA120; RSI bearish range,168,2026-08-12 20:01:54
ADVANCE-EQ,117.7,115.77,114.24,49.54,HOLD,66.67,Partial bullish conditions,168,2026-08-12 20:01:55
LAMBODHARA-EQ,113.5,112.42,109.55,50.82,BUY,100.0,Close above SMMA20; SMMA20 above SMMA120; RSI bullish range,168,2026-08-12 20:01:57
GREENLAM-EQ,248.5,251.71,241.11,46.89,HOLD,66.67,Partial bearish conditions,168,2026-08-12 20:01:58
TECH-EQ,34.0,32.53,34.44,59.42,HOLD,66.67,Partial bullish conditions,168,2026-08-12 20:02:00
ICDSLTD-EQ,39.52,41.29,42.99,44.75,SELL,100.0,Close below SMMA20; SMMA20 below SMMA120; RSI bearish range,165,2026-08-12 20:02:01
ESENSEX-EQ,79.0,77.97,79.18,56.06,HOLD,66.67,Partial bullish conditions,167,2026-08-12 20:02:02
KRITI-EQ,67.2,69.51,76.25,44.54,SELL,100.0,Close below SMMA20; SMMA20 below SMMA120; RSI bearish range,168,2026-08-12 20:02:04
BHARATCOAL-EQ,33.78,35.86,35.89,33.85,SELL,100.0,Close below SMMA20; SMMA20 below SMMA120; RSI bearish range,140,2026-08-12 20:02:05
VRLLOG-EQ,300.15,258.13,256.92,76.34,HOLD,66.67,Partial bullish conditions,168,2026-08-12 20:02:07
SCODATUBES-EQ,134.0,143.56,142.07,33.93,HOLD,66.67,Partial bearish conditions,168,2026-08-12 20:02:08
IOB-EQ,33.84,34.11,34.46,46.72,SELL,100.0,Close below SMMA20; SMMA20 below SMMA120; RSI bearish range,168,2026-08-12 20:02:10
MOINFRA-EQ,59.91,61.18,60.59,38.26,HOLD,66.67,Partial bearish conditions,168,2026-08-12 20:02:11
MONEYBOXX-EQ,60.0,62.34,64.7,45.45,SELL,100.0,Close below SMMA20; SMMA20 below SMMA120; RSI bearish range,168,2026-08-12 20:02:12
HILINFRA-EQ,45.2,46.08,50.77,46.53,SELL,100.0,Close below SMMA20; SMMA20 below SMMA120; RSI bearish range,168,2026-08-12 20:02:14
STUDDS-EQ,420.2,450.54,484.9,31.6,SELL,100.0,Close below SMMA20; SMMA20 below SMMA120; RSI bearish range,168,2026-08-12 20:02:15
TPLPLASTEH-EQ,77.5,76.71,68.87,49.3,HOLD,66.67,Partial bullish conditions,168,2026-08-12 20:02:16
NETF-EQ,266.99,262.88,265.43,61.0,HOLD,66.67,Partial bullish conditions,168,2026-08-12 20:02:18
EIHOTEL-EQ,298.5,321.85,326.82,31.43,SELL,100.0,Close below SMMA20; SMMA20 below SMMA120; RSI bearish range,168,2026-08-12 20:02:19
ARVINDFASN-EQ,444.15,460.06,459.87,38.58,HOLD,66.67,Partial bearish conditions,168,2026-08-12 20:02:21
RVNL-EQ,229.8,233.67,278.71,48.74,SELL,100.0,Close below SMMA20; SMMA20 below SMMA120; RSI bearish range,168,2026-08-12 20:02:22
BLUSPRING-EQ,121.51,108.27,77.75,62.45,BUY,100.0,Close above SMMA20; SMMA20 above SMMA120; RSI bullish range,168,2026-08-12 20:02:23
GLOBECIVIL-EQ,43.5,41.41,46.94,60.71,HOLD,66.67,Partial bullish conditions,168,2026-08-12 20:02:25
SAATVIKGL-EQ,435.35,442.23,422.27,47.83,HOLD,66.67,Partial bearish conditions,168,2026-08-12 20:02:26
VIKRAMSOLR-EQ,159.58,183.23,203.5,30.45,SELL,100.0,Close below SMMA20; SMMA20 below SMMA120; RSI bearish range,168,2026-08-12 20:02:28
SHIVATEX-EQ,161.06,156.58,159.85,55.3,HOLD,66.67,Partial bullish conditions,168,2026-08-12 20:02:32
AWL-EQ,194.24,190.72,199.26,55.95,HOLD,66.67,Partial bullish conditions,168,2026-08-12 20:02:34
THELEELA-EQ,499.75,483.32,441.91,54.96,BUY,100.0,Close above SMMA20; SMMA20 above SMMA120; RSI bullish range,168,2026-08-12 20:02:35
JAYKAY-EQ,149.1,165.2,166.97,35.32,SELL,100.0,Close below SMMA20; SMMA20 below SMMA120; RSI bearish range,168,2026-08-12 20:02:36
IVALUE-EQ,283.45,277.54,256.69,53.42,BUY,100.0,Close above SMMA20; SMMA20 above SMMA120; RSI bullish range,168,2026-08-12 20:02:38
MOMENTUM30-EQ,31.14,30.62,30.53,58.16,BUY,100.0,Close above SMMA20; SMMA20 above SMMA120; RSI bullish range,168,2026-08-12 20:02:39
PWL-EQ,123.9,126.64,115.53,44.1,HOLD,66.67,Partial bearish conditions,168,2026-08-12 20:02:41
DIVIDEND-EQ,36.2,35.74,35.91,58.23,HOLD,66.67,Partial bullish conditions,159,2026-08-12 20:02:42
GKSL-EQ,133.16,130.15,119.19,58.95,BUY,100.0,Close above SMMA20; SMMA20 above SMMA120; RSI bullish range,153,2026-08-12 20:02:43
NV20BEES-EQ,141.15,141.29,146.13,49.4,SELL,100.0,Close below SMMA20; SMMA20 below SMMA120; RSI bearish range,168,2026-08-12 20:02:45
AUTOBEES-EQ,304.0,287.34,277.67,70.93,HOLD,66.67,Partial bullish conditions,168,2026-08-12 20:02:49
SILVERTUC-EQ,205.88,192.19,151.93,60.25,BUY,100.0,Close above SMMA20; SMMA20 above SMMA120; RSI bullish range,168,2026-08-12 20:02:51
KSOLVES-EQ,273.3,284.94,288.65,39.21,SELL,100.0,Close below SMMA20; SMMA20 below SMMA120; RSI bearish range,168,2026-08-12 20:02:52
STARTECK-EQ,259.75,265.56,265.33,42.27,HOLD,66.67,Partial bearish conditions,168,2026-08-12 20:02:54
HIKAL-EQ,212.84,219.13,205.51,43.51,HOLD,66.67,Partial bearish conditions,168,2026-08-12 20:02:55
VERANDA-EQ,251.35,239.87,205.56,56.67,BUY,100.0,Close above SMMA20; SMMA20 above SMMA120; RSI bullish range,168,2026-08-12 20:02:56
DREAMFOLKS-EQ,69.15,69.58,81.2,50.54,HOLD,66.67,Partial bearish conditions,168,2026-08-12 20:02:58
EQUITASBNK-EQ,74.53,75.86,68.52,44.12,HOLD,66.67,Partial bearish conditions,168,2026-08-12 20:02:59
SOUTHWEST-EQ,219.13,232.68,217.77,39.15,HOLD,66.67,Partial bearish conditions,168,2026-08-12 20:03:00
UFO-EQ,68.82,69.2,72.49,50.74,HOLD,66.67,Partial bearish conditions,168,2026-08-12 20:03:02
GIPCL-EQ,174.05,161.52,151.25,68.6,BUY,100.0,Close above SMMA20; SMMA20 above SMMA120; RSI bullish range,168,2026-08-12 20:03:03
INDOBORAX-EQ,449.05,402.02,309.05,59.68,BUY,100.0,Close above SMMA20; SMMA20 above SMMA120; RSI bullish range,168,2026-08-12 20:03:05
PONNIERODE-EQ,328.3,318.61,293.01,56.21,BUY,100.0,Close above SMMA20; SMMA20 above SMMA120; RSI bullish range,168,2026-08-12 20:03:06
DHANBANK-EQ,32.5,33.06,28.56,45.36,HOLD,66.67,Partial bearish conditions,168,2026-08-12 20:03:07
ANNAPURNA-EQ,146.0,138.47,164.34,56.47,HOLD,66.67,Partial bullish conditions,168,2026-08-12 20:03:09
SILVERBEES-EQ,225.76,216.76,230.38,66.26,HOLD,66.67,Partial bullish conditions,168,2026-08-12 20:03:10
RAMAPHO-EQ,123.1,125.7,135.51,45.35,SELL,100.0,Close below SMMA20; SMMA20 below SMMA120; RSI bearish range,168,2026-08-12 20:03:12
WELSPUNLIV-EQ,165.23,159.55,139.62,55.1,BUY,100.0,Close above SMMA20; SMMA20 above SMMA120; RSI bullish range,168,2026-08-12 20:03:13
SYNGENE-EQ,408.65,417.14,469.19,47.57,SELL,100.0,Close below SMMA20; SMMA20 below SMMA120; RSI bearish range,168,2026-08-12 20:03:14
LFIC-EQ,141.8,142.47,143.64,49.13,SELL,100.0,Close below SMMA20; SMMA20 below SMMA120; RSI bearish range,167,2026-08-12 20:03:16
NFL-EQ,71.92,72.94,76.85,45.72,SELL,100.0,Close below SMMA20; SMMA20 below SMMA120; RSI bearish range,168,2026-08-12 20:03:17
GLOBAL-EQ,103.0,102.62,98.2,51.29,BUY,100.0,Close above SMMA20; SMMA20 above SMMA120; RSI bullish range,168,2026-08-12 20:03:19
ICIL-EQ,404.35,398.38,315.03,48.25,HOLD,66.67,Partial bullish conditions,168,2026-08-12 20:03:20
TEXINFRA-EQ,111.0,111.01,101.75,43.62,HOLD,66.67,Partial bearish conditions,168,2026-08-12 20:03:21
ELECON-EQ,441.45,463.38,460.72,43.79,HOLD,66.67,Partial bearish conditions,168,2026-08-12 20:03:23
AFSL-EQ,213.82,202.34,201.85,89.59,HOLD,66.67,Partial bullish conditions,168,2026-08-12 20:03:24
CTE-EQ,37.0,33.66,32.72,62.45,BUY,100.0,Close above SMMA20; SMMA20 above SMMA120; RSI bullish range,168,2026-08-12 20:03:26
PFOCUS-EQ,268.0,273.9,263.69,44.17,HOLD,66.67,Partial bearish conditions,168,2026-08-12 20:03:27
BLKASHYAP-EQ,52.61,54.93,52.5,39.76,HOLD,66.67,Partial bearish conditions,168,2026-08-12 20:03:28
DOLATALGO-EQ,69.79,70.73,76.46,48.99,SELL,100.0,Close below SMMA20; SMMA20 below SMMA120; RSI bearish range,168,2026-08-12 20:03:30
GLOBALVECT-EQ,156.5,160.95,171.48,44.32,SELL,100.0,Close below SMMA20; SMMA20 below SMMA120; RSI bearish range,168,2026-08-12 20:03:31
INDOCO-EQ,220.0,229.75,219.32,41.24,HOLD,66.67,Partial bearish conditions,168,2026-08-12 20:03:32
RSYSTEMS-EQ,240.1,252.61,297.09,41.21,SELL,100.0,Close below SMMA20; SMMA20 below SMMA120; RSI bearish range,168,2026-08-12 20:03:34
HDFCSML250-EQ,184.44,180.15,167.86,59.85,BUY,100.0,Close above SMMA20; SMMA20 above SMMA120; RSI bullish range,168,2026-08-12 20:03:35
BANSWRAS-EQ,122.0,126.06,118.36,42.59,HOLD,66.67,Partial bearish conditions,168,2026-08-12 20:03:37
ALPHAGEO-EQ,306.39,222.79,213.61,78.51,HOLD,66.67,Partial bullish conditions,168,2026-08-12 20:03:38
SARLAPOLY-EQ,101.25,100.09,91.22,51.77,BUY,100.0,Close above SMMA20; SMMA20 above SMMA120; RSI bullish range,168,2026-08-12 20:03:39
HDFCMOMENT-EQ,31.43,30.89,30.78,60.72,BUY,100.0,Close above SMMA20; SMMA20 above SMMA120; RSI bullish range,168,2026-08-12 20:03:42
HUBTOWN-EQ,178.19,194.35,209.85,34.22,SELL,100.0,Close below SMMA20; SMMA20 below SMMA120; RSI bearish range,168,2026-08-12 20:03:44
GOACARBON-EQ,369.5,383.25,377.14,40.95,HOLD,66.67,Partial bearish conditions,168,2026-08-12 20:03:45
PARACABLES-EQ,68.22,64.93,48.69,56.79,BUY,100.0,Close above SMMA20; SMMA20 above SMMA120; RSI bullish range,168,2026-08-12 20:03:46
GEOJITFSL-EQ,78.05,77.29,71.41,51.14,BUY,100.0,Close above SMMA20; SMMA20 above SMMA120; RSI bullish range,168,2026-08-12 20:03:48
WEBELSOLAR-EQ,85.29,98.24,89.54,27.9,HOLD,33.33,No complete signal,168,2026-08-12 20:03:49
TEXMOPIPES-EQ,42.77,43.67,45.05,44.09,SELL,100.0,Close below SMMA20; SMMA20 below SMMA120; RSI bearish range,168,2026-08-12 20:03:50
ACL-EQ,45.5,49.44,55.52,26.22,HOLD,66.67,Partial bearish conditions,168,2026-08-12 20:03:52
ARCHIDPLY-EQ,92.2,83.19,82.55,66.76,BUY,100.0,Close above SMMA20; SMMA20 above SMMA120; RSI bullish range,168,2026-08-12 20:03:53
BLAL-EQ,170.9,178.38,186.71,33.41,SELL,100.0,Close below SMMA20; SMMA20 below SMMA120; RSI bearish range,168,2026-08-12 20:03:55
MANAPPURAM-EQ,354.5,344.71,306.79,52.26,BUY,100.0,Close above SMMA20; SMMA20 above SMMA120; RSI bullish range,168,2026-08-12 20:03:56
SHIVAMILLS-EQ,59.59,61.7,59.12,44.72,HOLD,66.67,Partial bearish conditions,167,2026-08-12 20:03:57
INDIANHUME-EQ,374.4,371.79,356.68,47.74,HOLD,66.67,Partial bullish conditions,168,2026-08-12 20:03:59
DOLPHIN-EQ,494.35,398.54,407.74,83.62,HOLD,33.33,No complete signal,168,2026-08-12 20:04:00
AMNPLST-EQ,200.0,195.79,180.35,54.45,BUY,100.0,Close above SMMA20; SMMA20 above SMMA120; RSI bullish range,168,2026-08-12 20:04:02
MAHEPC-EQ,107.52,111.43,117.33,42.03,SELL,100.0,Close below SMMA20; SMMA20 below SMMA120; RSI bearish range,168,2026-08-12 20:04:03
MHRIL-EQ,226.52,227.63,258.2,50.17,HOLD,66.67,Partial bearish conditions,168,2026-08-12 20:04:04
AEROFLEX-EQ,446.55,428.96,313.53,54.31,BUY,100.0,Close above SMMA20; SMMA20 above SMMA120; RSI bullish range,168,2026-08-12 20:04:06
JWL-EQ,259.05,260.75,279.27,50.21,HOLD,66.67,Partial bearish conditions,168,2026-08-12 20:04:07
LGHL-EQ,201.98,211.45,250.86,42.38,SELL,100.0,Close below SMMA20; SMMA20 below SMMA120; RSI bearish range,168,2026-08-12 20:04:09
MANAKSIA-EQ,59.15,57.5,59.09,63.15,HOLD,66.67,Partial bullish conditions,168,2026-08-12 20:04:10
HEALTHX-EQ,293.0,309.82,297.86,35.43,HOLD,66.67,Partial bearish conditions,168,2026-08-12 20:04:11
SENSEXADD-EQ,80.98,79.79,81.06,61.1,HOLD,66.67,Partial bullish conditions,168,2026-08-12 20:04:13
BOROLTD-EQ,244.45,237.7,246.94,56.1,HOLD,66.67,Partial bullish conditions,168,2026-08-12 20:04:14
ARIHANTSUP-EQ,257.7,260.83,267.73,45.09,SELL,100.0,Close below SMMA20; SMMA20 below SMMA120; RSI bearish range,168,2026-08-12 20:04:17
GHCLTEXTIL-EQ,116.45,110.38,88.86,55.62,BUY,100.0,Close above SMMA20; SMMA20 above SMMA120; RSI bullish range,168,2026-08-12 20:04:18
INCREDIBLE-EQ,32.25,33.34,35.14,43.74,SELL,100.0,Close below SMMA20; SMMA20 below SMMA120; RSI bearish range,168,2026-08-12 20:04:19
ATAM-EQ,65.29,67.11,70.2,45.11,SELL,100.0,Close below SMMA20; SMMA20 below SMMA120; RSI bearish range,168,2026-08-12 20:04:21
CUPID-EQ,289.87,217.48,132.53,84.93,HOLD,66.67,Partial bullish conditions,168,2026-08-12 20:04:22
NIRAJISPAT-EQ,211.0,206.6,220.04,53.71,HOLD,66.67,Partial bullish conditions,155,2026-08-12 20:04:24
BLS-EQ,262.88,249.77,270.76,66.3,HOLD,66.67,Partial bullish conditions,168,2026-08-12 20:04:26
PDMJEPAPER-EQ,90.46,89.98,85.56,47.55,HOLD,66.67,Partial bullish conditions,168,2026-08-12 20:04:28
JITFINFRA-EQ,349.0,337.37,312.9,53.14,BUY,100.0,Close above SMMA20; SMMA20 above SMMA120; RSI bullish range,168,2026-08-12 20:04:29
VINYLINDIA-EQ,244.0,247.84,237.35,46.76,HOLD,66.67,Partial bearish conditions,168,2026-08-12 20:04:31
EGOLD-EQ,153.0,145.5,147.54,72.12,HOLD,33.33,No complete signal,168,2026-08-12 20:04:32
SCHAND-EQ,138.3,147.3,154.77,30.8,SELL,100.0,Close below SMMA20; SMMA20 below SMMA120; RSI bearish range,168,2026-08-12 20:04:33
GOLDAXIS-EQ,127.5,121.3,122.98,70.96,HOLD,33.33,No complete signal,168,2026-08-12 20:04:35
NATHBIOGEN-EQ,155.9,162.27,157.67,41.45,HOLD,66.67,Partial bearish conditions,168,2026-08-12 20:04:36
BBTCL-EQ,224.2,218.28,198.62,53.64,BUY,100.0,Close above SMMA20; SMMA20 above SMMA120; RSI bullish range,168,2026-08-12 20:04:37
IRFC-EQ,88.26,90.53,102.2,43.03,SELL,100.0,Close below SMMA20; SMMA20 below SMMA120; RSI bearish range,168,2026-08-12 20:04:39
XCHANGING-EQ,67.4,65.73,67.46,56.3,HOLD,66.67,Partial bullish conditions,168,2026-08-12 20:04:41
TVSELECT-EQ,454.1,488.27,446.72,34.31,HOLD,66.67,Partial bearish conditions,168,2026-08-12 20:04:43
REPRO-EQ,316.95,366.37,388.58,27.33,HOLD,66.67,Partial bearish conditions,168,2026-08-12 20:04:44
SILVERAXIS-EQ,234.77,225.32,239.38,66.46,HOLD,66.67,Partial bullish conditions,168,2026-08-12 20:04:46
TVTODAY-EQ,114.07,116.85,119.42,42.09,SELL,100.0,Close below SMMA20; SMMA20 below SMMA120; RSI bearish range,168,2026-08-12 20:04:47
PTC-EQ,165.41,178.79,175.73,40.59,HOLD,66.67,Partial bearish conditions,168,2026-08-12 20:04:48
NTPC-EQ,338.5,350.69,361.41,38.85,SELL,100.0,Close below SMMA20; SMMA20 below SMMA120; RSI bearish range,168,2026-08-12 20:04:50
JAGRAN-EQ,63.75,63.89,65.89,52.03,HOLD,66.67,Partial bearish conditions,168,2026-08-12 20:04:51
LOYALTEX-EQ,228.2,209.66,212.06,66.29,HOLD,66.67,Partial bullish conditions,154,2026-08-12 20:04:53
HARSHA-EQ,401.9,413.43,390.32,42.9,HOLD,66.67,Partial bearish conditions,168,2026-08-12 20:04:54
HARRMALAYA-EQ,222.5,214.43,192.57,56.89,BUY,100.0,Close above SMMA20; SMMA20 above SMMA120; RSI bullish range,168,2026-08-12 20:04:59
VAIBHAVGBL-EQ,232.85,247.54,231.32,36.67,HOLD,66.67,Partial bearish conditions,168,2026-08-12 20:05:00
NIITLTD-EQ,93.7,94.9,82.08,45.18,HOLD,66.67,Partial bearish conditions,168,2026-08-12 20:05:01
ORICONENT-EQ,52.66,55.79,61.18,37.61,SELL,100.0,Close below SMMA20; SMMA20 below SMMA120; RSI bearish range,168,2026-08-12 20:05:03
FINIETF-EQ,33.39,32.76,31.91,56.26,BUY,100.0,Close above SMMA20; SMMA20 above SMMA120; RSI bullish range,168,2026-08-12 20:05:04
RESPONIND-EQ,167.19,179.41,176.81,38.52,HOLD,66.67,Partial bearish conditions,168,2026-08-12 20:05:06
STEELCITY-EQ,79.5,78.88,82.46,50.91,HOLD,66.67,Partial bullish conditions,168,2026-08-12 20:05:07
GFLLIMITED-EQ,48.0,47.17,48.24,52.27,HOLD,66.67,Partial bullish conditions,168,2026-08-12 20:05:08
HDFCNIFIT-EQ,33.6,31.77,33.73,65.93,HOLD,66.67,Partial bullish conditions,168,2026-08-12 20:05:10
SURYALAXMI-EQ,58.01,58.84,57.49,46.41,HOLD,66.67,Partial bearish conditions,168,2026-08-12 20:05:11
VIYASH-EQ,262.75,263.28,229.03,48.02,HOLD,66.67,Partial bearish conditions,168,2026-08-12 20:05:13
ITC-EQ,276.5,285.33,311.48,37.06,SELL,100.0,Close below SMMA20; SMMA20 below SMMA120; RSI bearish range,168,2026-08-12 20:05:14
CIEINDIA-EQ,411.7,436.38,444.53,37.54,SELL,100.0,Close below SMMA20; SMMA20 below SMMA120; RSI bearish range,168,2026-08-12 20:05:15
CENTRALBK-EQ,31.28,31.77,34.58,46.65,SELL,100.0,Close below SMMA20; SMMA20 below SMMA120; RSI bearish range,168,2026-08-12 20:05:17
PSUBNKBEES-EQ,98.27,94.77,95.94,63.53,HOLD,66.67,Partial bullish conditions,168,2026-08-12 20:05:18
JIOFIN-EQ,254.8,246.13,252.77,57.12,HOLD,66.67,Partial bullish conditions,168,2026-08-12 20:05:20
BAJAJELEC-EQ,363.95,341.38,375.85,62.51,HOLD,66.67,Partial bullish conditions,168,2026-08-12 20:05:21
PRINCEPIPE-EQ,268.1,269.06,257.9,48.77,HOLD,66.67,Partial bearish conditions,168,2026-08-12 20:05:22
PSUBANKADD-EQ,88.53,85.7,86.78,62.49,HOLD,66.67,Partial bullish conditions,168,2026-08-12 20:05:24
UTTAMSUGAR-EQ,253.53,239.35,233.82,61.61,BUY,100.0,Close above SMMA20; SMMA20 above SMMA120; RSI bullish range,168,2026-08-12 20:05:30
GOLDBEES-EQ,126.45,120.31,122.05,72.53,HOLD,33.33,No complete signal,168,2026-08-12 20:05:34
ADVANIHOTR-EQ,50.15,51.77,53.83,39.46,SELL,100.0,Close below SMMA20; SMMA20 below SMMA120; RSI bearish range,168,2026-08-12 20:05:36
BIRLAMONEY-EQ,133.75,136.39,134.97,45.69,HOLD,66.67,Partial bearish conditions,168,2026-08-12 20:05:37
VGUARD-EQ,331.75,309.93,317.89,69.69,HOLD,66.67,Partial bullish conditions,168,2026-08-12 20:05:38
TVSSCS-EQ,129.03,132.61,117.79,42.02,HOLD,66.67,Partial bearish conditions,168,2026-08-12 20:05:40
QNIFTY-EQ,268.8,266.25,268.6,55.2,HOLD,66.67,Partial bullish conditions,168,2026-08-12 20:05:41
IDBI-EQ,82.46,83.17,87.86,44.13,SELL,100.0,Close below SMMA20; SMMA20 below SMMA120; RSI bearish range,168,2026-08-12 20:05:43
GUJAPOLLO-EQ,350.0,361.63,391.59,43.91,SELL,100.0,Close below SMMA20; SMMA20 below SMMA120; RSI bearish range,168,2026-08-12 20:05:44
ORIENTBELL-EQ,361.95,322.59,301.55,75.29,HOLD,66.67,Partial bullish conditions,168,2026-08-12 20:05:45
TARIL-EQ,292.45,311.13,298.99,37.12,HOLD,66.67,Partial bearish conditions,168,2026-08-12 20:05:47
HGM-EQ,49.19,50.74,56.05,46.58,SELL,100.0,Close below SMMA20; SMMA20 below SMMA120; RSI bearish range,168,2026-08-12 20:05:48
DBL-EQ,414.0,432.44,442.16,42.8,SELL,100.0,Close below SMMA20; SMMA20 below SMMA120; RSI bearish range,168,2026-08-12 20:05:50
GILLANDERS-EQ,90.21,89.82,92.16,51.58,HOLD,66.67,Partial bullish conditions,168,2026-08-12 20:05:51
MMTC-EQ,64.43,64.41,63.34,52.11,BUY,100.0,Close above SMMA20; SMMA20 above SMMA120; RSI bullish range,168,2026-08-12 20:05:52
ASIANTILES-EQ,53.12,54.04,62.94,49.05,SELL,100.0,Close below SMMA20; SMMA20 below SMMA120; RSI bearish range,168,2026-08-12 20:05:54
HINDPETRO-EQ,390.15,392.77,405.92,47.3,SELL,100.0,Close below SMMA20; SMMA20 below SMMA120; RSI bearish range,168,2026-08-12 20:05:58
FLAIR-EQ,249.45,261.35,293.48,40.66,SELL,100.0,Close below SMMA20; SMMA20 below SMMA120; RSI bearish range,168,2026-08-12 20:06:00
GICHSGFIN-EQ,149.31,150.94,155.6,46.33,SELL,100.0,Close below SMMA20; SMMA20 below SMMA120; RSI bearish range,168,2026-08-12 20:06:01
HDFCNEXT50-EQ,76.0,74.06,71.02,65.34,BUY,100.0,Close above SMMA20; SMMA20 above SMMA120; RSI bullish range,168,2026-08-12 20:06:03
DBOL-EQ,113.81,109.28,102.93,57.56,BUY,100.0,Close above SMMA20; SMMA20 above SMMA120; RSI bullish range,168,2026-08-12 20:06:04
IDFNIFTYET-EQ,274.59,267.54,270.74,61.91,HOLD,66.67,Partial bullish conditions,168,2026-08-12 20:06:05
EMAMIREAL-EQ,76.82,79.77,77.8,44.65,HOLD,66.67,Partial bearish conditions,168,2026-08-12 20:06:07
GANDHAR-EQ,236.28,215.42,164.79,55.54,BUY,100.0,Close above SMMA20; SMMA20 above SMMA120; RSI bullish range,168,2026-08-12 20:06:08
GENESYS-EQ,208.0,211.35,212.22,47.15,SELL,100.0,Close below SMMA20; SMMA20 below SMMA120; RSI bearish range,168,2026-08-12 20:06:10
WAAREEINDO-EQ,299.0,354.24,402.55,33.54,SELL,100.0,Close below SMMA20; SMMA20 below SMMA120; RSI bearish range,166,2026-08-12 20:06:11
GOLDIETF-EQ,131.15,124.66,126.44,72.17,HOLD,33.33,No complete signal,168,2026-08-12 20:06:12
SHREEPUSHK-EQ,403.0,399.7,364.83,49.66,HOLD,66.67,Partial bullish conditions,168,2026-08-12 20:06:14
SPANDANA-EQ,245.5,267.37,252.83,35.47,HOLD,66.67,Partial bearish conditions,168,2026-08-12 20:06:15
MOM50-EQ,255.4,253.0,255.31,54.74,HOLD,66.67,Partial bullish conditions,168,2026-08-12 20:06:17
CANBK-EQ,131.72,128.59,138.09,58.57,HOLD,66.67,Partial bullish conditions,168,2026-08-12 20:06:18
GRMOVER-EQ,91.38,98.22,139.04,44.37,SELL,100.0,Close below SMMA20; SMMA20 below SMMA120; RSI bearish range,168,2026-08-12 20:06:19
IITL-EQ,147.61,138.04,144.27,59.13,HOLD,66.67,Partial bullish conditions,168,2026-08-12 20:06:21
UNIONBANK-EQ,187.0,173.35,172.16,68.82,BUY,100.0,Close above SMMA20; SMMA20 above SMMA120; RSI bullish range,168,2026-08-12 20:06:22
SJVN-EQ,67.11,69.84,72.89,33.91,SELL,100.0,Close below SMMA20; SMMA20 below SMMA120; RSI bearish range,168,2026-08-12 20:06:24
SECMARK-EQ,124.6,125.51,119.09,47.85,HOLD,66.67,Partial bearish conditions,167,2026-08-12 20:06:25
UNIENTER-EQ,97.17,101.09,111.34,37.26,SELL,100.0,Close below SMMA20; SMMA20 below SMMA120; RSI bearish range,168,2026-08-12 20:06:26
CGCL-EQ,228.75,230.78,196.16,46.05,HOLD,66.67,Partial bearish conditions,168,2026-08-12 20:06:28
TERASOFT-EQ,370.65,397.39,387.59,39.64,HOLD,66.67,Partial bearish conditions,168,2026-08-12 20:06:29
KCP-EQ,152.99,161.91,165.5,37.45,SELL,100.0,Close below SMMA20; SMMA20 below SMMA120; RSI bearish range,168,2026-08-12 20:06:30
PFC-EQ,376.5,414.52,409.11,24.97,HOLD,33.33,No complete signal,168,2026-08-12 20:06:32
PSUBANK-EQ,87.65,84.89,86.05,62.72,HOLD,66.67,Partial bullish conditions,168,2026-08-12 20:06:33
GSEC10YEAR-EQ,30.65,30.37,29.9,56.14,BUY,100.0,Close above SMMA20; SMMA20 above SMMA120; RSI bullish range,167,2026-08-12 20:06:35
GMRAIRPORT-EQ,104.02,107.04,100.85,38.22,HOLD,66.67,Partial bearish conditions,168,2026-08-12 20:06:36
DWARKESH-EQ,41.6,42.05,40.87,49.89,HOLD,66.67,Partial bearish conditions,168,2026-08-12 20:06:37
FMGOETZE-EQ,489.0,471.57,445.39,60.38,BUY,100.0,Close above SMMA20; SMMA20 above SMMA120; RSI bullish range,168,2026-08-12 20:06:39
BVCL-EQ,40.81,41.69,42.27,45.05,SELL,100.0,Close below SMMA20; SMMA20 below SMMA120; RSI bearish range,168,2026-08-12 20:06:40
NSLNISP-EQ,44.0,43.78,42.26,52.22,BUY,100.0,Close above SMMA20; SMMA20 above SMMA120; RSI bullish range,168,2026-08-12 20:06:42
LAOPALA-EQ,189.0,185.78,187.88,52.67,HOLD,66.67,Partial bullish conditions,168,2026-08-12 20:06:43
HDFCBSE500-EQ,38.3,37.55,36.94,59.36,BUY,100.0,Close above SMMA20; SMMA20 above SMMA120; RSI bullish range,168,2026-08-12 20:06:44
HIMATSEIDE-EQ,76.16,81.85,91.71,34.42,SELL,100.0,Close below SMMA20; SMMA20 below SMMA120; RSI bearish range,168,2026-08-12 20:06:46
AEROENTER-EQ,129.29,122.37,97.2,56.43,BUY,100.0,Close above SMMA20; SMMA20 above SMMA120; RSI bullish range,168,2026-08-12 20:06:47
NITCO-EQ,96.81,103.41,92.81,38.51,HOLD,66.67,Partial bearish conditions,168,2026-08-12 20:06:48
EMKAY-EQ,246.85,249.0,247.21,49.74,HOLD,66.67,Partial bearish conditions,168,2026-08-12 20:06:50
RUCHIRA-EQ,105.33,108.96,112.66,41.2,SELL,100.0,Close below SMMA20; SMMA20 below SMMA120; RSI bearish range,168,2026-08-12 20:06:51
HGS-EQ,406.75,420.74,412.43,38.74,HOLD,66.67,Partial bearish conditions,168,2026-08-12 20:06:53
THEMISMED-EQ,108.64,109.73,97.61,47.48,HOLD,66.67,Partial bearish conditions,168,2026-08-12 20:06:54
MANOMAY-EQ,215.45,200.28,205.78,67.65,HOLD,66.67,Partial bullish conditions,168,2026-08-12 20:06:55
MAANALU-EQ,124.36,123.36,137.31,53.41,HOLD,66.67,Partial bullish conditions,168,2026-08-12 20:06:57
GOLDIAM-EQ,372.85,352.37,295.96,56.61,BUY,100.0,Close above SMMA20; SMMA20 above SMMA120; RSI bullish range,168,2026-08-12 20:06:58
CSBBANK-EQ,319.0,342.48,383.67,36.28,SELL,100.0,Close below SMMA20; SMMA20 below SMMA120; RSI bearish range,168,2026-08-12 20:07:00
GPTINFRA-EQ,117.0,119.04,114.32,46.79,HOLD,66.67,Partial bearish conditions,168,2026-08-12 20:07:01
SENSEXETF-EQ,80.52,79.83,81.08,54.17,HOLD,66.67,Partial bullish conditions,168,2026-08-12 20:07:02
COALINDIA-EQ,408.75,427.05,434.76,31.49,SELL,100.0,Close below SMMA20; SMMA20 below SMMA120; RSI bearish range,168,2026-08-12 20:07:04
BHAGYANGR-EQ,378.0,374.12,253.19,48.43,HOLD,66.67,Partial bullish conditions,168,2026-08-12 20:07:05
MASFIN-EQ,305.0,313.11,315.62,43.36,SELL,100.0,Close below SMMA20; SMMA20 below SMMA120; RSI bearish range,168,2026-08-12 20:07:06
LICNFNHGP-EQ,280.85,276.68,276.7,57.64,HOLD,66.67,Partial bullish conditions,166,2026-08-12 20:07:08
MARATHON-EQ,373.3,398.71,450.65,37.18,SELL,100.0,Close below SMMA20; SMMA20 below SMMA120; RSI bearish range,168,2026-08-12 20:07:09
EIHAHOTELS-EQ,292.85,312.47,323.87,33.97,SELL,100.0,Close below SMMA20; SMMA20 below SMMA120; RSI bearish range,168,2026-08-12 20:07:11
VPRPL-EQ,37.25,30.37,40.31,68.76,HOLD,66.67,Partial bullish conditions,168,2026-08-12 20:07:12
NACLIND-EQ,171.27,190.55,167.58,35.05,HOLD,66.67,Partial bearish conditions,168,2026-08-12 20:07:13
KANPRPLA-EQ,234.1,205.98,192.94,69.23,BUY,100.0,Close above SMMA20; SMMA20 above SMMA120; RSI bullish range,168,2026-08-12 20:07:15
IREDA-EQ,117.8,122.23,126.72,37.63,SELL,100.0,Close below SMMA20; SMMA20 below SMMA120; RSI bearish range,168,2026-08-12 20:07:16
BECTORFOOD-EQ,242.35,202.83,204.01,74.56,HOLD,33.33,No complete signal,168,2026-08-12 20:07:18
JLHL-EQ,306.8,304.38,272.67,45.57,HOLD,66.67,Partial bullish conditions,168,2026-08-12 20:07:19
ITBEES-EQ,34.65,33.02,35.06,61.87,HOLD,66.67,Partial bullish conditions,168,2026-08-12 20:07:20
IONEXCHANG-EQ,376.85,405.63,381.84,37.84,HOLD,66.67,Partial bearish conditions,168,2026-08-12 20:07:22
AHLADA-EQ,41.19,38.7,43.51,67.93,HOLD,66.67,Partial bullish conditions,168,2026-08-12 20:07:23
ANIKINDS-EQ,40.09,43.1,45.11,38.58,SELL,100.0,Close below SMMA20; SMMA20 below SMMA120; RSI bearish range,168,2026-08-12 20:07:25
COHANCE-EQ,444.35,435.9,412.96,53.44,BUY,100.0,Close above SMMA20; SMMA20 above SMMA120; RSI bullish range,168,2026-08-12 20:07:26
LTGILTBEES-EQ,30.05,29.86,29.4,59.4,BUY,100.0,Close above SMMA20; SMMA20 above SMMA120; RSI bullish range,168,2026-08-12 20:07:27
RGL-EQ,110.14,116.36,112.85,38.57,HOLD,66.67,Partial bearish conditions,168,2026-08-12 20:07:29
KOKUYOCMLN-EQ,81.51,85.75,85.89,39.17,SELL,100.0,Close below SMMA20; SMMA20 below SMMA120; RSI bearish range,168,2026-08-12 20:07:30
RVHL-EQ,42.41,44.43,44.09,38.73,HOLD,66.67,Partial bearish conditions,168,2026-08-12 20:07:32
KABRAEXTRU-EQ,494.9,365.24,262.43,71.23,HOLD,66.67,Partial bullish conditions,168,2026-08-12 20:07:33
BSLGOLDETF-EQ,134.38,127.97,129.83,73.47,HOLD,33.33,No complete signal,168,2026-08-12 20:07:34
BALUFORGE-EQ,463.0,453.49,479.04,56.39,HOLD,66.67,Partial bullish conditions,168,2026-08-12 20:07:36
CAPACITE-EQ,209.05,224.27,234.45,38.7,SELL,100.0,Close below SMMA20; SMMA20 below SMMA120; RSI bearish range,168,2026-08-12 20:07:37
DCAL-EQ,191.15,187.98,194.06,52.69,HOLD,66.67,Partial bullish conditions,168,2026-08-12 20:07:38
SCILAL-EQ,40.6,42.41,44.42,35.49,SELL,100.0,Close below SMMA20; SMMA20 below SMMA120; RSI bearish range,168,2026-08-12 20:07:40
APEX-EQ,366.95,392.41,380.06,37.34,HOLD,66.67,Partial bearish conditions,168,2026-08-12 20:07:41
SMALLCAP-EQ,48.55,46.99,44.05,64.52,BUY,100.0,Close above SMMA20; SMMA20 above SMMA120; RSI bullish range,168,2026-08-12 20:07:43
MODIRUBBER-EQ,122.06,125.7,124.28,44.77,HOLD,66.67,Partial bearish conditions,168,2026-08-12 20:07:44
PALASHSECU-EQ,89.0,90.84,95.37,47.38,SELL,100.0,Close below SMMA20; SMMA20 below SMMA120; RSI bearish range,168,2026-08-12 20:07:45
DYNPRO-EQ,263.5,246.24,236.9,63.34,BUY,100.0,Close above SMMA20; SMMA20 above SMMA120; RSI bullish range,168,2026-08-12 20:07:47
HFCL-EQ,221.52,200.74,126.83,60.44,BUY,100.0,Close above SMMA20; SMMA20 above SMMA120; RSI bullish range,168,2026-08-12 20:07:48
BFINVEST-EQ,457.0,459.31,419.11,47.07,HOLD,66.67,Partial bearish conditions,168,2026-08-12 20:07:50
GANGESSECU-EQ,119.0,118.49,123.64,52.75,HOLD,66.67,Partial bullish conditions,168,2026-08-12 20:07:51
NIFTYBETF-EQ,252.0,248.68,251.03,58.22,HOLD,66.67,Partial bullish conditions,168,2026-08-12 20:07:52
KRONOX-EQ,173.93,154.29,136.38,69.7,BUY,100.0,Close above SMMA20; SMMA20 above SMMA120; RSI bullish range,168,2026-08-12 20:07:54
MANCREDIT-EQ,243.44,229.41,190.0,55.02,BUY,100.0,Close above SMMA20; SMMA20 above SMMA120; RSI bullish range,168,2026-08-12 20:07:55
LICNMID100-EQ,64.52,62.91,60.44,64.21,BUY,100.0,Close above SMMA20; SMMA20 above SMMA120; RSI bullish range,168,2026-08-12 20:07:57
MIDSMALL-EQ,52.55,51.08,48.8,67.2,BUY,100.0,Close above SMMA20; SMMA20 above SMMA120; RSI bullish range,168,2026-08-12 20:07:58
PANAMAPET-EQ,480.55,445.98,337.62,53.72,BUY,100.0,Close above SMMA20; SMMA20 above SMMA120; RSI bullish range,168,2026-08-12 20:07:59
BCLIND-EQ,37.48,35.87,32.59,58.75,BUY,100.0,Close above SMMA20; SMMA20 above SMMA120; RSI bullish range,168,2026-08-12 20:08:01
ADL-EQ,70.21,71.41,72.21,47.86,SELL,100.0,Close below SMMA20; SMMA20 below SMMA120; RSI bearish range,167,2026-08-12 20:08:02
IXIGO-EQ,178.37,191.33,194.3,40.22,SELL,100.0,Close below SMMA20; SMMA20 below SMMA120; RSI bearish range,168,2026-08-12 20:08:03
NCC-EQ,143.41,144.87,150.24,48.99,SELL,100.0,Close below SMMA20; SMMA20 below SMMA120; RSI bearish range,168,2026-08-12 20:08:05
UEL-EQ,259.47,169.05,154.44,83.84,HOLD,66.67,Partial bullish conditions,139,2026-08-12 20:08:06
MUTHOOTMF-EQ,213.06,224.86,191.84,39.28,HOLD,66.67,Partial bearish conditions,168,2026-08-12 20:08:08
CPSEETF-EQ,93.86,96.27,98.56,32.64,SELL,100.0,Close below SMMA20; SMMA20 below SMMA120; RSI bearish range,168,2026-08-12 20:08:09
ELGIRUBCO-EQ,58.62,56.58,48.1,51.39,BUY,100.0,Close above SMMA20; SMMA20 above SMMA120; RSI bullish range,168,2026-08-12 20:08:10
NIFTYAXIS-EQ,272.0,267.44,269.97,59.42,HOLD,66.67,Partial bullish conditions,168,2026-08-12 20:08:12
SBISILVER-EQ,231.46,222.12,235.94,66.24,HOLD,66.67,Partial bullish conditions,168,2026-08-12 20:08:13
NAVNETEDUL-EQ,134.15,139.5,142.65,42.74,SELL,100.0,Close below SMMA20; SMMA20 below SMMA120; RSI bearish range,168,2026-08-12 20:08:15
BANDHANBNK-EQ,176.45,186.8,176.33,42.52,HOLD,66.67,Partial bearish conditions,168,2026-08-12 20:08:16
TSFINV-EQ,421.25,440.01,421.41,38.3,HOLD,66.67,Partial bearish conditions,168,2026-08-12 20:08:17
KITEX-EQ,135.0,148.91,165.37,26.42,HOLD,66.67,Partial bearish conditions,168,2026-08-12 20:08:19
WONDERLA-EQ,470.05,481.72,500.98,43.95,SELL,100.0,Close below SMMA20; SMMA20 below SMMA120; RSI bearish range,168,2026-08-12 20:08:20
GODAVARIB-EQ,261.6,269.96,283.19,47.64,SELL,100.0,Close below SMMA20; SMMA20 below SMMA120; RSI bearish range,168,2026-08-12 20:08:22
JTEKTINDIA-EQ,139.49,137.69,136.67,52.3,BUY,100.0,Close above SMMA20; SMMA20 above SMMA120; RSI bullish range,168,2026-08-12 20:08:23
MOCAPITAL-EQ,53.69,53.66,50.48,51.2,BUY,100.0,Close above SMMA20; SMMA20 above SMMA120; RSI bullish range,168,2026-08-12 20:08:25
SELECTIPO-EQ,48.6,46.39,44.07,73.14,HOLD,66.67,Partial bullish conditions,168,2026-08-12 20:08:26
SREEL-EQ,239.12,214.69,204.48,71.19,HOLD,66.67,Partial bullish conditions,168,2026-08-12 20:08:27
IT-EQ,34.66,33.0,35.01,62.05,HOLD,66.67,Partial bullish conditions,168,2026-08-12 20:08:29
STARPAPER-EQ,153.0,145.94,144.67,63.56,BUY,100.0,Close above SMMA20; SMMA20 above SMMA120; RSI bullish range,168,2026-08-12 20:08:30
MANBA-EQ,130.63,132.7,125.6,43.01,HOLD,66.67,Partial bearish conditions,168,2026-08-12 20:08:32
SCI-EQ,298.8,292.75,268.19,55.11,BUY,100.0,Close above SMMA20; SMMA20 above SMMA120; RSI bullish range,168,2026-08-12 20:08:33
ESTER-EQ,96.27,90.98,94.12,58.14,HOLD,66.67,Partial bullish conditions,168,2026-08-12 20:08:34
DIFFNKG-EQ,362.6,388.83,322.86,39.56,HOLD,66.67,Partial bearish conditions,168,2026-08-12 20:08:36
MOMENTUM50-EQ,54.77,52.96,51.73,67.83,BUY,100.0,Close above SMMA20; SMMA20 above SMMA120; RSI bullish range,168,2026-08-12 20:08:37
INDOTHAI-EQ,85.4,188.64,254.38,8.53,HOLD,66.67,Partial bearish conditions,168,2026-08-12 20:08:39
JINDALSAW-EQ,269.55,259.75,216.44,55.86,BUY,100.0,Close above SMMA20; SMMA20 above SMMA120; RSI bullish range,168,2026-08-12 20:08:40
SILGO-EQ,68.02,72.78,74.17,29.58,HOLD,66.67,Partial bearish conditions,168,2026-08-12 20:08:41
VEDL-EQ,274.55,276.47,269.64,50.9,HOLD,66.67,Partial bullish conditions,168,2026-08-12 20:08:43
WINDMACHIN-EQ,306.45,296.29,276.76,58.25,BUY,100.0,Close above SMMA20; SMMA20 above SMMA120; RSI bullish range,168,2026-08-12 20:08:44
ZUARI-EQ,219.45,228.86,242.0,37.46,SELL,100.0,Close below SMMA20; SMMA20 below SMMA120; RSI bearish range,168,2026-08-12 20:08:45
ZENITHEXPO-EQ,238.52,207.31,205.98,67.02,BUY,100.0,Close above SMMA20; SMMA20 above SMMA120; RSI bullish range,165,2026-08-12 20:08:47
ARTNIRMAN-EQ,41.16,40.41,41.67,53.61,HOLD,66.67,Partial bullish conditions,161,2026-08-12 20:08:48
RITES-EQ,223.5,219.61,216.84,52.11,BUY,100.0,Close above SMMA20; SMMA20 above SMMA120; RSI bullish range,168,2026-08-12 20:08:50
KRISHIVAL-EQ,405.0,393.64,365.41,62.0,BUY,100.0,Close above SMMA20; SMMA20 above SMMA120; RSI bullish range,168,2026-08-12 20:08:51
VLSFINANCE-EQ,271.0,254.08,254.49,68.47,HOLD,66.67,Partial bullish conditions,168,2026-08-12 20:08:52
TOKYOPLAST-EQ,79.99,82.05,89.01,46.41,SELL,100.0,Close below SMMA20; SMMA20 below SMMA120; RSI bearish range,168,2026-08-12 20:08:54
EXIDEIND-EQ,490.65,434.95,368.75,73.05,HOLD,66.67,Partial bullish conditions,168,2026-08-12 20:08:55
TMCV-EQ,457.05,425.91,424.49,66.0,BUY,100.0,Close above SMMA20; SMMA20 above SMMA120; RSI bullish range,168,2026-08-12 20:08:57
BOMDYEING-EQ,116.23,122.85,120.67,32.88,HOLD,66.67,Partial bearish conditions,168,2026-08-12 20:08:58
BHEL-EQ,420.0,404.02,333.7,57.76,BUY,100.0,Close above SMMA20; SMMA20 above SMMA120; RSI bullish range,168,2026-08-12 20:08:59
CHAMBLFERT-EQ,442.3,453.05,450.73,43.38,HOLD,66.67,Partial bearish conditions,168,2026-08-12 20:09:01
MOALPHA50-EQ,56.4,54.01,51.12,66.91,BUY,100.0,Close above SMMA20; SMMA20 above SMMA120; RSI bullish range,168,2026-08-12 20:09:05
MOL-EQ,57.45,52.44,52.86,63.46,HOLD,66.67,Partial bullish conditions,168,2026-08-12 20:09:07
NATIONALUM-EQ,418.8,367.34,368.42,77.79,HOLD,33.33,No complete signal,168,2026-08-12 20:09:08
GROWW-EQ,197.28,196.96,181.92,50.89,BUY,100.0,Close above SMMA20; SMMA20 above SMMA120; RSI bullish range,168,2026-08-12 20:09:09
VISAKAIND-EQ,98.76,84.25,70.94,70.71,HOLD,66.67,Partial bullish conditions,168,2026-08-12 20:09:11
GANESHCP-EQ,162.0,178.76,193.45,32.8,SELL,100.0,Close below SMMA20; SMMA20 below SMMA120; RSI bearish range,168,2026-08-12 20:09:12
TRUALT-EQ,459.9,452.1,431.69,54.47,BUY,100.0,Close above SMMA20; SMMA20 above SMMA120; RSI bullish range,168,2026-08-12 20:09:14
SKMEGGPROD-EQ,257.38,269.55,214.39,44.52,HOLD,66.67,Partial bearish conditions,168,2026-08-12 20:09:15
NUVOCO-EQ,333.9,337.29,328.42,45.58,HOLD,66.67,Partial bearish conditions,168,2026-08-12 20:09:17
HEALTHAXIS-EQ,169.42,166.17,154.61,59.19,BUY,100.0,Close above SMMA20; SMMA20 above SMMA120; RSI bullish range,168,2026-08-12 20:09:18
MON50EQUAL-EQ,34.65,33.53,32.93,68.16,BUY,100.0,Close above SMMA20; SMMA20 above SMMA120; RSI bullish range,168,2026-08-12 20:09:20
INDRAMEDCO-EQ,376.95,376.59,398.32,51.45,HOLD,66.67,Partial bullish conditions,168,2026-08-12 20:09:21
JSWCEMENT-EQ,130.55,133.16,125.39,41.5,HOLD,66.67,Partial bearish conditions,168,2026-08-12 20:09:22
J&KBANK-EQ,157.48,162.08,132.2,43.73,HOLD,66.67,Partial bearish conditions,168,2026-08-12 20:09:24
NORBTEAEXP-EQ,62.0,69.19,79.08,35.36,SELL,100.0,Close below SMMA20; SMMA20 below SMMA120; RSI bearish range,166,2026-08-12 20:09:25
TFCILTD-EQ,115.13,93.29,75.18,81.65,HOLD,66.67,Partial bullish conditions,168,2026-08-12 20:09:27
MADRASFERT-EQ,65.16,67.37,69.36,38.22,SELL,100.0,Close below SMMA20; SMMA20 below SMMA120; RSI bearish range,168,2026-08-12 20:09:28
MAFANG-EQ,208.88,196.08,178.3,67.47,BUY,100.0,Close above SMMA20; SMMA20 above SMMA120; RSI bullish range,168,2026-08-12 20:09:29
SHRADHA-EQ,34.0,34.45,36.19,48.05,SELL,100.0,Close below SMMA20; SMMA20 below SMMA120; RSI bearish range,168,2026-08-12 20:09:31
SILVERBND-EQ,236.0,227.39,243.74,65.69,HOLD,66.67,Partial bullish conditions,164,2026-08-12 20:09:32
KNAGRI-EQ,202.5,205.64,193.59,45.25,HOLD,66.67,Partial bearish conditions,168,2026-08-12 20:09:33
PDSL-EQ,379.4,353.67,327.08,61.99,BUY,100.0,Close above SMMA20; SMMA20 above SMMA120; RSI bullish range,168,2026-08-12 20:09:35
RICOAUTO-EQ,127.99,137.4,125.26,39.96,HOLD,66.67,Partial bearish conditions,168,2026-08-12 20:09:36
MSCIINDIA-EQ,30.35,29.9,29.77,59.0,BUY,100.0,Close above SMMA20; SMMA20 above SMMA120; RSI bullish range,168,2026-08-12 20:09:38
SBIBPB-EQ,50.71,49.08,49.85,62.66,HOLD,66.67,Partial bullish conditions,168,2026-08-12 20:09:39
BAJAJINDEF-EQ,234.9,239.98,271.03,48.24,SELL,100.0,Close below SMMA20; SMMA20 below SMMA120; RSI bearish range,168,2026-08-12 20:09:40
BIOFILCHEM-EQ,32.45,33.27,33.29,44.13,SELL,100.0,Close below SMMA20; SMMA20 below SMMA120; RSI bearish range,168,2026-08-12 20:09:42
PRECWIRE-EQ,422.3,392.46,337.25,60.8,BUY,100.0,Close above SMMA20; SMMA20 above SMMA120; RSI bullish range,168,2026-08-12 20:09:43
KOTHARIPET-EQ,151.0,135.7,125.45,66.45,BUY,100.0,Close above SMMA20; SMMA20 above SMMA120; RSI bullish range,168,2026-08-12 20:09:45
KEYFINSERV-EQ,262.15,259.19,274.56,54.05,HOLD,66.67,Partial bullish conditions,168,2026-08-12 20:09:46
ANUHPHR-EQ,77.18,79.12,78.19,39.71,HOLD,66.67,Partial bearish conditions,168,2026-08-12 20:09:47
BHARATSE-EQ,235.29,218.99,187.35,57.99,BUY,100.0,Close above SMMA20; SMMA20 above SMMA120; RSI bullish range,168,2026-08-12 20:09:49
TMPV-EQ,342.0,344.55,351.6,49.42,SELL,100.0,Close below SMMA20; SMMA20 below SMMA120; RSI bearish range,168,2026-08-12 20:09:51
RAJSREESUG-EQ,31.23,31.24,31.61,51.73,HOLD,66.67,Partial bearish conditions,168,2026-08-12 20:09:53
BALMLAWRIE-EQ,174.43,177.14,177.17,45.55,SELL,100.0,Close below SMMA20; SMMA20 below SMMA120; RSI bearish range,168,2026-08-12 20:09:54
MAHAPEXLTD-EQ,56.84,46.74,50.31,78.12,HOLD,33.33,No complete signal,168,2026-08-12 20:09:56
ACMESOLAR-EQ,372.6,363.19,290.57,52.91,BUY,100.0,Close above SMMA20; SMMA20 above SMMA120; RSI bullish range,168,2026-08-12 20:09:57
ISHANCH-EQ,50.44,53.7,58.62,40.88,SELL,100.0,Close below SMMA20; SMMA20 below SMMA120; RSI bearish range,168,2026-08-12 20:09:59
TEMBO-EQ,61.0,57.71,57.84,58.05,HOLD,66.67,Partial bullish conditions,168,2026-08-12 20:10:00
WIPRO-EQ,183.17,182.66,207.08,51.77,HOLD,66.67,Partial bullish conditions,168,2026-08-12 20:10:01
GREENPLY-EQ,275.55,292.67,257.11,34.38,HOLD,66.67,Partial bearish conditions,168,2026-08-12 20:10:03
LAXMIDENTL-EQ,200.3,217.47,215.4,30.0,HOLD,33.33,No complete signal,168,2026-08-12 20:10:04
FCL-EQ,42.65,39.27,29.91,60.23,BUY,100.0,Close above SMMA20; SMMA20 above SMMA120; RSI bullish range,168,2026-08-12 20:10:06
SHANTIGOLD-EQ,230.2,218.5,207.31,65.66,BUY,100.0,Close above SMMA20; SMMA20 above SMMA120; RSI bullish range,168,2026-08-12 20:10:07
MARKOLINES-EQ,175.0,173.92,161.1,49.43,HOLD,66.67,Partial bullish conditions,168,2026-08-12 20:10:09
ENERGY-EQ,38.99,39.23,37.78,46.97,HOLD,66.67,Partial bearish conditions,168,2026-08-12 20:10:10
MOMNC-EQ,33.8,32.78,31.23,67.4,BUY,100.0,Close above SMMA20; SMMA20 above SMMA120; RSI bullish range,167,2026-08-12 20:10:11
TATACAP-EQ,367.05,354.84,338.03,56.31,BUY,100.0,Close above SMMA20; SMMA20 above SMMA120; RSI bullish range,168,2026-08-12 20:10:13
IGARASHI-EQ,447.85,449.5,401.7,46.93,HOLD,66.67,Partial bearish conditions,168,2026-08-12 20:10:14
SHIVAUM-EQ,448.3,407.55,344.19,62.16,BUY,100.0,Close above SMMA20; SMMA20 above SMMA120; RSI bullish range,150,2026-08-12 20:10:16
MOSILVER-EQ,233.99,224.14,238.33,67.08,HOLD,66.67,Partial bullish conditions,168,2026-08-12 20:10:17
VIKRAN-EQ,66.12,72.02,75.7,34.53,SELL,100.0,Close below SMMA20; SMMA20 below SMMA120; RSI bearish range,168,2026-08-12 20:10:18
IRIS-EQ,252.0,250.58,257.85,50.77,HOLD,66.67,Partial bullish conditions,168,2026-08-12 20:10:21
ALPHA-EQ,54.5,51.91,49.13,72.52,HOLD,66.67,Partial bullish conditions,168,2026-08-12 20:10:25
AEQUS-EQ,236.76,229.31,177.83,52.37,BUY,100.0,Close above SMMA20; SMMA20 above SMMA120; RSI bullish range,166,2026-08-12 20:10:27
SHRINGARMS-EQ,229.71,223.69,216.76,57.65,BUY,100.0,Close above SMMA20; SMMA20 above SMMA120; RSI bullish range,168,2026-08-12 20:10:28
SOUTHBANK-EQ,46.22,45.94,42.0,49.11,HOLD,66.67,Partial bullish conditions,168,2026-08-12 20:10:30
MOIPO-EQ,48.49,46.52,44.19,68.18,BUY,100.0,Close above SMMA20; SMMA20 above SMMA120; RSI bullish range,167,2026-08-12 20:10:31
ABMINTLLTD-EQ,63.07,44.05,43.07,81.28,HOLD,66.67,Partial bullish conditions,152,2026-08-12 20:10:32
DIGITIDE-EQ,103.83,98.87,101.76,57.12,HOLD,66.67,Partial bullish conditions,168,2026-08-12 20:10:34
VIDYAWIRES-EQ,92.81,93.73,73.25,47.52,HOLD,66.67,Partial bearish conditions,166,2026-08-12 20:10:37
UGROCAP-EQ,93.27,96.43,115.82,41.75,SELL,100.0,Close below SMMA20; SMMA20 below SMMA120; RSI bearish range,168,2026-08-12 20:10:38
DIGJAMLMTD-EQ,49.29,46.16,46.39,62.04,HOLD,66.67,Partial bullish conditions,168,2026-08-12 20:10:39
ABSLNN50ET-EQ,78.4,76.36,73.07,65.45,BUY,100.0,Close above SMMA20; SMMA20 above SMMA120; RSI bullish range,168,2026-08-12 20:10:41
JKIPL-EQ,100.0,98.06,85.83,52.79,BUY,100.0,Close above SMMA20; SMMA20 above SMMA120; RSI bullish range,168,2026-08-12 20:10:42
ADVENTHTL-EQ,143.66,145.89,170.21,45.54,SELL,100.0,Close below SMMA20; SMMA20 below SMMA120; RSI bearish range,168,2026-08-12 20:10:44
PANSARI-EQ,323.65,327.54,303.13,45.52,HOLD,66.67,Partial bearish conditions,165,2026-08-12 20:10:45
MANORG-EQ,450.0,506.31,482.99,30.87,HOLD,66.67,Partial bearish conditions,168,2026-08-12 20:10:46
WAKEFIT-EQ,122.87,127.84,152.47,43.18,SELL,100.0,Close below SMMA20; SMMA20 below SMMA120; RSI bearish range,163,2026-08-12 20:10:48
LATENTVIEW-EQ,290.05,300.53,341.3,42.39,SELL,100.0,Close below SMMA20; SMMA20 below SMMA120; RSI bearish range,168,2026-08-12 20:10:49
CRAMC-EQ,257.8,257.95,259.89,47.89,SELL,100.0,Close below SMMA20; SMMA20 below SMMA120; RSI bearish range,168,2026-08-12 20:10:51
LTGILTCASE-EQ,30.64,30.42,29.96,63.32,BUY,100.0,Close above SMMA20; SMMA20 above SMMA120; RSI bullish range,168,2026-08-12 20:10:52
MEDICO-EQ,47.25,43.61,44.26,61.99,HOLD,66.67,Partial bullish conditions,168,2026-08-12 20:10:53
MHLXMIRU-EQ,171.42,150.26,174.38,69.25,HOLD,66.67,Partial bullish conditions,168,2026-08-12 20:10:55
MONARCH-EQ,377.75,365.97,316.0,52.96,BUY,100.0,Close above SMMA20; SMMA20 above SMMA120; RSI bullish range,168,2026-08-12 20:10:56
WEL-EQ,135.04,111.9,120.33,83.38,HOLD,33.33,No complete signal,168,2026-08-12 20:11:01
INOXWIND-EQ,74.0,80.86,95.07,34.97,SELL,100.0,Close below SMMA20; SMMA20 below SMMA120; RSI bearish range,168,2026-08-12 20:11:02
PNBGILTS-EQ,80.41,84.51,79.95,37.38,HOLD,66.67,Partial bearish conditions,168,2026-08-12 20:11:04
ELECTCAST-EQ,73.56,74.4,75.58,49.73,SELL,100.0,Close below SMMA20; SMMA20 below SMMA120; RSI bearish range,168,2026-08-12 20:11:05
BCONCEPTS-EQ,172.0,189.08,239.06,36.71,SELL,100.0,Close below SMMA20; SMMA20 below SMMA120; RSI bearish range,168,2026-08-12 20:11:06
MID150BEES-EQ,243.29,237.91,228.53,65.38,BUY,100.0,Close above SMMA20; SMMA20 above SMMA120; RSI bullish range,168,2026-08-12 20:11:08
EPL-EQ,243.64,231.24,218.76,61.57,BUY,100.0,Close above SMMA20; SMMA20 above SMMA120; RSI bullish range,168,2026-08-12 20:11:09
SILVERIETF-EQ,235.61,226.27,240.4,66.37,HOLD,66.67,Partial bullish conditions,168,2026-08-12 20:11:10
PARADEEP-EQ,147.48,141.59,133.53,55.28,BUY,100.0,Close above SMMA20; SMMA20 above SMMA120; RSI bullish range,168,2026-08-12 20:11:12
IRISDOREME-EQ,57.09,47.64,37.79,88.63,HOLD,66.67,Partial bullish conditions,168,2026-08-12 20:11:13
THEINVEST-EQ,97.7,98.36,103.26,48.77,SELL,100.0,Close below SMMA20; SMMA20 below SMMA120; RSI bearish range,168,2026-08-12 20:11:15
BANKBETF-EQ,58.68,58.18,58.07,54.21,BUY,100.0,Close above SMMA20; SMMA20 above SMMA120; RSI bullish range,168,2026-08-12 20:11:16
HARIOMPIPE-EQ,392.7,392.85,369.56,48.2,HOLD,66.67,Partial bearish conditions,168,2026-08-12 20:11:17
NLCINDIA-EQ,276.75,302.16,286.84,31.66,HOLD,66.67,Partial bearish conditions,168,2026-08-12 20:11:19
GPTHEALTH-EQ,156.7,156.67,140.73,47.15,HOLD,66.67,Partial bullish conditions,168,2026-08-12 20:11:20
TAJGVK-EQ,352.0,353.74,350.64,45.59,HOLD,66.67,Partial bearish conditions,168,2026-08-12 20:11:22
LIQUIDCASE-EQ,115.43,115.02,113.67,100.0,HOLD,66.67,Partial bullish conditions,168,2026-08-12 20:11:23
DELHIVERY-EQ,469.4,476.04,446.38,46.01,HOLD,66.67,Partial bearish conditions,168,2026-08-12 20:11:24
MRPL-EQ,175.38,165.29,166.47,56.99,HOLD,66.67,Partial bullish conditions,168,2026-08-12 20:11:26
MCL-EQ,58.58,56.12,62.14,64.46,HOLD,66.67,Partial bullish conditions,168,2026-08-12 20:11:27
AUTOIETF-EQ,30.48,28.76,27.81,72.86,HOLD,66.67,Partial bullish conditions,168,2026-08-12 20:11:28
MSUMI-EQ,41.04,40.36,41.43,53.94,HOLD,66.67,Partial bullish conditions,168,2026-08-12 20:11:30
MOIL-EQ,280.55,280.61,304.42,51.93,HOLD,66.67,Partial bearish conditions,168,2026-08-12 20:11:31
RBZJEWEL-EQ,141.21,144.53,136.94,43.67,HOLD,66.67,Partial bearish conditions,168,2026-08-12 20:11:33
JAYNECOIND-EQ,90.67,90.1,86.48,51.95,BUY,100.0,Close above SMMA20; SMMA20 above SMMA120; RSI bullish range,168,2026-08-12 20:11:37
JNKINDIA-EQ,407.25,446.44,336.47,38.37,HOLD,66.67,Partial bearish conditions,168,2026-08-12 20:11:39
PLATIND-EQ,221.5,227.55,228.1,44.39,SELL,100.0,Close below SMMA20; SMMA20 below SMMA120; RSI bearish range,168,2026-08-12 20:11:40
SILVER-EQ,235.69,226.31,240.4,66.6,HOLD,66.67,Partial bullish conditions,168,2026-08-12 20:11:41
CROWN-EQ,107.33,113.58,121.48,37.14,SELL,100.0,Close below SMMA20; SMMA20 below SMMA120; RSI bearish range,168,2026-08-12 20:11:43
TOTAL-EQ,65.49,55.84,59.77,65.73,HOLD,66.67,Partial bullish conditions,168,2026-08-12 20:11:44
MOREPENLAB-EQ,73.46,61.46,46.55,64.3,BUY,100.0,Close above SMMA20; SMMA20 above SMMA120; RSI bullish range,168,2026-08-12 20:11:46
PVP-EQ,33.99,29.7,29.97,71.24,HOLD,33.33,No complete signal,168,2026-08-12 20:11:47
BSE500IETF-EQ,39.97,39.32,38.78,60.52,BUY,100.0,Close above SMMA20; SMMA20 above SMMA120; RSI bullish range,168,2026-08-12 20:11:48
AVANTEL-EQ,158.23,166.75,156.58,35.68,HOLD,66.67,Partial bearish conditions,168,2026-08-12 20:11:50
INDOSTAR-EQ,247.2,249.8,230.51,47.25,HOLD,66.67,Partial bearish conditions,168,2026-08-12 20:11:51
VMM-EQ,107.66,112.72,119.2,39.7,SELL,100.0,Close below SMMA20; SMMA20 below SMMA120; RSI bearish range,168,2026-08-12 20:11:53
NATCAPSUQ-EQ,158.59,151.75,159.34,55.39,HOLD,66.67,Partial bullish conditions,168,2026-08-12 20:11:54
NIACL-EQ,181.09,174.68,159.24,55.85,BUY,100.0,Close above SMMA20; SMMA20 above SMMA120; RSI bullish range,168,2026-08-12 20:11:55
IGIL-EQ,345.0,351.08,339.13,45.37,HOLD,66.67,Partial bearish conditions,168,2026-08-12 20:11:57
MOTHERSON-EQ,168.73,149.84,131.01,75.01,HOLD,66.67,Partial bullish conditions,168,2026-08-12 20:11:58
PRAJIND-EQ,324.35,334.27,334.79,45.42,SELL,100.0,Close below SMMA20; SMMA20 below SMMA120; RSI bearish range,168,2026-08-12 20:12:00
CINELINE-EQ,89.2,83.55,84.04,61.97,HOLD,66.67,Partial bullish conditions,168,2026-08-12 20:12:01
SURYAROSNI-EQ,224.55,245.04,243.86,31.47,HOLD,66.67,Partial bearish conditions,168,2026-08-12 20:12:02
SHREDIGCEM-EQ,71.12,73.18,74.64,41.43,SELL,100.0,Close below SMMA20; SMMA20 below SMMA120; RSI bearish range,168,2026-08-12 20:12:04
DIVOPPBEES-EQ,79.92,78.03,79.63,65.03,HOLD,66.67,Partial bullish conditions,168,2026-08-12 20:12:05
NTPCGREEN-EQ,92.46,93.99,95.86,47.72,SELL,100.0,Close below SMMA20; SMMA20 below SMMA120; RSI bearish range,168,2026-08-12 20:12:07
VINEETLAB-EQ,38.99,36.76,34.43,57.26,BUY,100.0,Close above SMMA20; SMMA20 above SMMA120; RSI bullish range,168,2026-08-12 20:12:08
QUADFUTURE-EQ,355.8,375.87,332.08,42.8,HOLD,66.67,Partial bearish conditions,168,2026-08-12 20:12:10
VSSL-EQ,331.1,301.56,273.05,67.91,BUY,100.0,Close above SMMA20; SMMA20 above SMMA120; RSI bullish range,168,2026-08-12 20:12:12
SILINV-EQ,425.0,425.14,443.19,50.09,HOLD,66.67,Partial bearish conditions,168,2026-08-12 20:12:13
LEMONTREE-EQ,109.16,112.45,121.81,42.23,SELL,100.0,Close below SMMA20; SMMA20 below SMMA120; RSI bearish range,168,2026-08-12 20:12:15
PCBL-EQ,316.45,317.82,295.78,47.69,HOLD,66.67,Partial bearish conditions,168,2026-08-12 20:12:16
WALCHANNAG-EQ,236.4,240.79,207.86,47.68,HOLD,66.67,Partial bearish conditions,168,2026-08-12 20:12:17
VRAJ-EQ,122.7,124.62,124.17,45.91,HOLD,66.67,Partial bearish conditions,168,2026-08-12 20:12:19
SHANTIGEAR-EQ,400.0,423.82,446.04,31.13,SELL,100.0,Close below SMMA20; SMMA20 below SMMA120; RSI bearish range,168,2026-08-12 20:12:20
TAINWALCHM-EQ,204.0,204.35,194.38,49.1,HOLD,66.67,Partial bearish conditions,168,2026-08-12 20:12:22
INNOVANA-EQ,324.0,330.97,365.17,46.76,SELL,100.0,Close below SMMA20; SMMA20 below SMMA120; RSI bearish range,168,2026-08-12 20:12:23
GODIGIT-EQ,262.05,281.93,313.81,40.23,SELL,100.0,Close below SMMA20; SMMA20 below SMMA120; RSI bearish range,168,2026-08-12 20:12:25
HERANBA-EQ,172.0,180.87,200.7,36.55,SELL,100.0,Close below SMMA20; SMMA20 below SMMA120; RSI bearish range,168,2026-08-12 20:12:26
KROSS-EQ,204.77,196.2,192.21,56.32,BUY,100.0,Close above SMMA20; SMMA20 above SMMA120; RSI bullish range,168,2026-08-12 20:12:28
BANARBEADS-EQ,113.06,112.59,114.01,48.76,HOLD,66.67,Partial bearish conditions,168,2026-08-12 20:12:29
SURYODAY-EQ,160.89,170.83,151.85,38.81,HOLD,66.67,Partial bearish conditions,168,2026-08-12 20:12:30
RALLIS-EQ,209.41,224.16,248.1,31.68,SELL,100.0,Close below SMMA20; SMMA20 below SMMA120; RSI bearish range,168,2026-08-12 20:12:32
SONATSOFTW-EQ,323.45,304.66,292.03,55.08,BUY,100.0,Close above SMMA20; SMMA20 above SMMA120; RSI bullish range,168,2026-08-12 20:12:33
MOSERVICE-EQ,31.8,31.19,31.56,59.75,HOLD,66.67,Partial bullish conditions,168,2026-08-12 20:12:35
IFGLEXPOR-EQ,212.05,207.17,187.44,51.07,BUY,100.0,Close above SMMA20; SMMA20 above SMMA120; RSI bullish range,168,2026-08-12 20:12:36
DTIL-EQ,142.0,135.22,140.15,64.96,HOLD,66.67,Partial bullish conditions,168,2026-08-12 20:12:37
BSL-EQ,122.51,125.63,130.88,40.3,SELL,100.0,Close below SMMA20; SMMA20 below SMMA120; RSI bearish range,168,2026-08-12 20:12:39
CONSUMAXIS-EQ,124.8,121.88,119.21,60.19,BUY,100.0,Close above SMMA20; SMMA20 above SMMA120; RSI bullish range,168,2026-08-12 20:12:40
NYKAA-EQ,326.0,318.09,276.38,51.89,BUY,100.0,Close above SMMA20; SMMA20 above SMMA120; RSI bullish range,168,2026-08-12 20:12:42
NIFTYADD-EQ,256.14,254.53,256.91,52.4,HOLD,66.67,Partial bullish conditions,168,2026-08-12 20:12:43
SMARTWORKS-EQ,490.2,473.63,450.05,57.09,BUY,100.0,Close above SMMA20; SMMA20 above SMMA120; RSI bullish range,168,2026-08-12 20:12:44
HPAL-EQ,40.42,34.94,36.81,72.89,HOLD,33.33,No complete signal,168,2026-08-12 20:12:46
MANAKCOAT-EQ,118.2,117.77,117.12,48.83,HOLD,66.67,Partial bullish conditions,168,2026-08-12 20:12:47
ROLEXRINGS-EQ,173.01,147.61,136.51,71.34,HOLD,66.67,Partial bullish conditions,168,2026-08-12 20:12:49
PROSTARM-EQ,142.0,135.29,147.21,60.17,HOLD,66.67,Partial bullish conditions,168,2026-08-12 20:12:50
LAGNAM-EQ,80.0,83.84,76.27,38.07,HOLD,66.67,Partial bearish conditions,168,2026-08-12 20:12:51
CUB-EQ,215.85,212.92,204.88,51.2,BUY,100.0,Close above SMMA20; SMMA20 above SMMA120; RSI bullish range,168,2026-08-12 20:12:53
KPIGREEN-EQ,337.2,389.26,409.52,20.07,HOLD,66.67,Partial bearish conditions,168,2026-08-12 20:12:54
MSCIADD-EQ,30.5,29.69,29.48,61.05,BUY,100.0,Close above SMMA20; SMMA20 above SMMA120; RSI bullish range,166,2026-08-12 20:12:56
GROWWMC150-EQ,232.18,230.16,221.38,51.73,BUY,100.0,Close above SMMA20; SMMA20 above SMMA120; RSI bullish range,168,2026-08-12 20:12:57
DMCC-EQ,302.9,272.94,254.07,64.92,BUY,100.0,Close above SMMA20; SMMA20 above SMMA120; RSI bullish range,168,2026-08-12 20:12:58
JAINREC-EQ,303.0,340.63,392.26,33.16,SELL,100.0,Close below SMMA20; SMMA20 below SMMA120; RSI bearish range,168,2026-08-12 20:13:00
MWL-EQ,41.6,38.14,31.96,65.87,BUY,100.0,Close above SMMA20; SMMA20 above SMMA120; RSI bullish range,168,2026-08-12 20:13:01
CHEMICAL-EQ,30.56,30.11,28.75,54.0,BUY,100.0,Close above SMMA20; SMMA20 above SMMA120; RSI bullish range,168,2026-08-12 20:13:03
IRCON-EQ,126.18,131.12,143.12,40.02,SELL,100.0,Close below SMMA20; SMMA20 below SMMA120; RSI bearish range,168,2026-08-12 20:13:04
BANKBARODA-EQ,249.9,252.58,275.27,50.13,HOLD,66.67,Partial bearish conditions,168,2026-08-12 20:13:05
INDIQUBE-EQ,185.2,173.87,173.35,62.3,BUY,100.0,Close above SMMA20; SMMA20 above SMMA120; RSI bullish range,168,2026-08-12 20:13:07
NIPPOBATRY-EQ,330.9,335.48,351.82,48.64,SELL,100.0,Close below SMMA20; SMMA20 below SMMA120; RSI bearish range,168,2026-08-12 20:13:08
BAJAJHCARE-EQ,326.9,331.56,340.85,45.85,SELL,100.0,Close below SMMA20; SMMA20 below SMMA120; RSI bearish range,168,2026-08-12 20:13:10
EQUAL50-EQ,337.69,333.19,328.13,57.16,BUY,100.0,Close above SMMA20; SMMA20 above SMMA120; RSI bullish range,168,2026-08-12 20:13:11
MBEL-EQ,267.3,299.04,316.71,32.07,SELL,100.0,Close below SMMA20; SMMA20 below SMMA120; RSI bearish range,168,2026-08-12 20:13:12
MODIS-EQ,405.5,376.36,342.58,61.94,BUY,100.0,Close above SMMA20; SMMA20 above SMMA120; RSI bullish range,168,2026-08-12 20:13:14
MEIL-EQ,274.95,292.09,297.64,37.15,SELL,100.0,Close below SMMA20; SMMA20 below SMMA120; RSI bearish range,168,2026-08-12 20:13:15
ARSSBL-EQ,495.8,526.75,550.6,34.55,SELL,100.0,Close below SMMA20; SMMA20 below SMMA120; RSI bearish range,168,2026-08-12 20:13:17
MAHLIFE-EQ,382.2,373.66,360.37,53.41,BUY,100.0,Close above SMMA20; SMMA20 above SMMA120; RSI bullish range,168,2026-08-12 20:13:18
EXCELSOFT-EQ,75.17,79.43,82.7,41.33,SELL,100.0,Close below SMMA20; SMMA20 below SMMA120; RSI bearish range,168,2026-08-12 20:13:19
CAMPUS-EQ,219.03,226.88,243.56,43.11,SELL,100.0,Close below SMMA20; SMMA20 below SMMA120; RSI bearish range,168,2026-08-12 20:13:21
TATAMOTORS-EQ,342.0,344.55,351.6,49.42,SELL,100.0,Close below SMMA20; SMMA20 below SMMA120; RSI bearish range,168,2026-08-12 20:13:22
RITCO-EQ,301.35,282.69,249.48,59.07,BUY,100.0,Close above SMMA20; SMMA20 above SMMA120; RSI bullish range,168,2026-08-12 20:13:24
DCW-EQ,45.97,47.04,48.44,44.42,SELL,100.0,Close below SMMA20; SMMA20 below SMMA120; RSI bearish range,168,2026-08-12 20:13:25
RELCHEMQ-EQ,120.79,128.02,126.17,35.25,HOLD,66.67,Partial bearish conditions,168,2026-08-12 20:13:26
BALAJITELE-EQ,90.7,87.93,93.9,61.76,HOLD,66.67,Partial bullish conditions,168,2026-08-12 20:13:28
IMAGICAA-EQ,47.5,47.29,46.35,49.2,HOLD,66.67,Partial bullish conditions,168,2026-08-12 20:13:29
GSEC5IETF-EQ,66.45,66.05,64.85,53.92,BUY,100.0,Close above SMMA20; SMMA20 above SMMA120; RSI bullish range,168,2026-08-12 20:13:31
DALMIASUG-EQ,410.1,371.24,334.37,63.99,BUY,100.0,Close above SMMA20; SMMA20 above SMMA120; RSI bullish range,168,2026-08-12 20:13:33
UMIYA-MRO-EQ,89.8,89.28,86.25,50.8,BUY,100.0,Close above SMMA20; SMMA20 above SMMA120; RSI bullish range,168,2026-08-12 20:13:35
SHREERAMA-EQ,38.38,40.9,49.11,38.98,SELL,100.0,Close below SMMA20; SMMA20 below SMMA120; RSI bearish range,168,2026-08-12 20:13:36
