date,Symbol,close,future_return,target,prediction,probability_up,probability_down,fold,train_start,train_end,test_start,test_end
2026-02-01 00:00:00+05:30,SUZLON-EQ,46.17,0.0405024907948883,1,1,0.7097031036527771,0.2902968963472229,3,2025-09-23 00:00:00+05:30,2026-01-30 00:00:00+05:30,2026-02-01 00:00:00+05:30,2026-04-02 00:00:00+05:30
2026-02-01 00:00:00+05:30,SBIN-EQ,1018.2,0.0473384403849932,1,0,0.44532267899465816,0.5546773210053418,3,2025-09-23 00:00:00+05:30,2026-01-30 00:00:00+05:30,2026-02-01 00:00:00+05:30,2026-04-02 00:00:00+05:30
2026-02-01 00:00:00+05:30,TATAMOTORS-EQ,344.65,0.0721021325982882,1,1,0.7113899051719109,0.2886100948280891,3,2025-09-23 00:00:00+05:30,2026-01-30 00:00:00+05:30,2026-02-01 00:00:00+05:30,2026-04-02 00:00:00+05:30
2026-02-01 00:00:00+05:30,ITC-EQ,309.45,0.0528356761997093,1,0,0.3932538968287751,0.6067461031712249,3,2025-09-23 00:00:00+05:30,2026-01-30 00:00:00+05:30,2026-02-01 00:00:00+05:30,2026-04-02 00:00:00+05:30
2026-02-01 00:00:00+05:30,RELIANCE-EQ,1347.0,0.0770601336302894,1,0,0.38649742044378954,0.6135025795562105,3,2025-09-23 00:00:00+05:30,2026-01-30 00:00:00+05:30,2026-02-01 00:00:00+05:30,2026-04-02 00:00:00+05:30
2026-02-02 00:00:00+05:30,ITC-EQ,314.7,0.0257387988560533,1,1,0.5303902248600479,0.46960977513995206,3,2025-09-23 00:00:00+05:30,2026-01-30 00:00:00+05:30,2026-02-01 00:00:00+05:30,2026-04-02 00:00:00+05:30
2026-02-02 00:00:00+05:30,RELIANCE-EQ,1390.4,0.0512082853855004,1,0,0.44960373983530605,0.5503962601646939,3,2025-09-23 00:00:00+05:30,2026-01-30 00:00:00+05:30,2026-02-01 00:00:00+05:30,2026-04-02 00:00:00+05:30
2026-02-02 00:00:00+05:30,SBIN-EQ,1028.7,0.1140274132400116,1,0,0.3939853033960314,0.6060146966039686,3,2025-09-23 00:00:00+05:30,2026-01-30 00:00:00+05:30,2026-02-01 00:00:00+05:30,2026-04-02 00:00:00+05:30
2026-02-02 00:00:00+05:30,SUZLON-EQ,46.99,0.0255373483719938,1,1,0.7332871432606484,0.26671285673935163,3,2025-09-23 00:00:00+05:30,2026-01-30 00:00:00+05:30,2026-02-01 00:00:00+05:30,2026-04-02 00:00:00+05:30
2026-02-02 00:00:00+05:30,TATAMOTORS-EQ,362.9,0.0399559107192064,1,0,0.47660861078842365,0.5233913892115764,3,2025-09-23 00:00:00+05:30,2026-01-30 00:00:00+05:30,2026-02-01 00:00:00+05:30,2026-04-02 00:00:00+05:30
2026-02-03 00:00:00+05:30,TATAMOTORS-EQ,372.05,0.0196210186802849,1,0,0.4064378527330316,0.5935621472669683,3,2025-09-23 00:00:00+05:30,2026-01-30 00:00:00+05:30,2026-02-01 00:00:00+05:30,2026-04-02 00:00:00+05:30
2026-02-03 00:00:00+05:30,SUZLON-EQ,49.16,-0.0299023596419852,0,1,0.610293145713343,0.38970685428665697,3,2025-09-23 00:00:00+05:30,2026-01-30 00:00:00+05:30,2026-02-01 00:00:00+05:30,2026-04-02 00:00:00+05:30
2026-02-03 00:00:00+05:30,SBIN-EQ,1064.2,0.0750798722044727,1,0,0.41354965214897926,0.5864503478510208,3,2025-09-23 00:00:00+05:30,2026-01-30 00:00:00+05:30,2026-02-01 00:00:00+05:30,2026-04-02 00:00:00+05:30
2026-02-03 00:00:00+05:30,ITC-EQ,316.65,0.0150007895152377,1,1,0.5640112864614516,0.4359887135385484,3,2025-09-23 00:00:00+05:30,2026-01-30 00:00:00+05:30,2026-02-01 00:00:00+05:30,2026-04-02 00:00:00+05:30
2026-02-03 00:00:00+05:30,RELIANCE-EQ,1437.1,0.0148911001322107,1,0,0.41567450867050726,0.5843254913294927,3,2025-09-23 00:00:00+05:30,2026-01-30 00:00:00+05:30,2026-02-01 00:00:00+05:30,2026-04-02 00:00:00+05:30
2026-02-04 00:00:00+05:30,ITC-EQ,313.85,0.014019436036323,1,0,0.47259441768141414,0.5274055823185859,3,2025-09-23 00:00:00+05:30,2026-01-30 00:00:00+05:30,2026-02-01 00:00:00+05:30,2026-04-02 00:00:00+05:30
2026-02-04 00:00:00+05:30,RELIANCE-EQ,1456.8,0.0081685886875344,1,1,0.5205454926162459,0.47945450738375406,3,2025-09-23 00:00:00+05:30,2026-01-30 00:00:00+05:30,2026-02-01 00:00:00+05:30,2026-04-02 00:00:00+05:30
2026-02-04 00:00:00+05:30,SBIN-EQ,1068.2,0.1073768957124134,1,1,0.563947477351679,0.43605252264832095,3,2025-09-23 00:00:00+05:30,2026-01-30 00:00:00+05:30,2026-02-01 00:00:00+05:30,2026-04-02 00:00:00+05:30
2026-02-04 00:00:00+05:30,SUZLON-EQ,49.77,-0.0480208961221619,0,1,0.6172002498034966,0.38279975019650336,3,2025-09-23 00:00:00+05:30,2026-01-30 00:00:00+05:30,2026-02-01 00:00:00+05:30,2026-04-02 00:00:00+05:30
2026-02-04 00:00:00+05:30,TATAMOTORS-EQ,375.45,0.0246371021440936,1,0,0.35489408794422717,0.6451059120557728,3,2025-09-23 00:00:00+05:30,2026-01-30 00:00:00+05:30,2026-02-01 00:00:00+05:30,2026-04-02 00:00:00+05:30
2026-02-05 00:00:00+05:30,SUZLON-EQ,47.85,-0.0217345872518286,0,1,0.6818218796995719,0.31817812030042814,3,2025-09-23 00:00:00+05:30,2026-01-30 00:00:00+05:30,2026-02-01 00:00:00+05:30,2026-04-02 00:00:00+05:30
2026-02-05 00:00:00+05:30,SBIN-EQ,1073.5,0.1107591988821612,1,1,0.5258690258618279,0.47413097413817207,3,2025-09-23 00:00:00+05:30,2026-01-30 00:00:00+05:30,2026-02-01 00:00:00+05:30,2026-04-02 00:00:00+05:30
2026-02-05 00:00:00+05:30,TATAMOTORS-EQ,374.15,0.02485634103969,1,0,0.3526673867766148,0.6473326132233852,3,2025-09-23 00:00:00+05:30,2026-01-30 00:00:00+05:30,2026-02-01 00:00:00+05:30,2026-04-02 00:00:00+05:30
2026-02-05 00:00:00+05:30,ITC-EQ,310.2,0.0233720180528691,1,1,0.51850980292299,0.48149019707701,3,2025-09-23 00:00:00+05:30,2026-01-30 00:00:00+05:30,2026-02-01 00:00:00+05:30,2026-04-02 00:00:00+05:30
2026-02-05 00:00:00+05:30,RELIANCE-EQ,1443.4,0.0038104475543854,1,0,0.4830009000371827,0.5169990999628173,3,2025-09-23 00:00:00+05:30,2026-01-30 00:00:00+05:30,2026-02-01 00:00:00+05:30,2026-04-02 00:00:00+05:30
2026-02-06 00:00:00+05:30,ITC-EQ,325.8,-0.0369858809085328,0,1,0.5780321066836619,0.4219678933163381,3,2025-09-23 00:00:00+05:30,2026-01-30 00:00:00+05:30,2026-02-01 00:00:00+05:30,2026-04-02 00:00:00+05:30
2026-02-06 00:00:00+05:30,RELIANCE-EQ,1450.8,-0.021505376344086,0,0,0.4999551019877119,0.500044898012288,3,2025-09-23 00:00:00+05:30,2026-01-30 00:00:00+05:30,2026-02-01 00:00:00+05:30,2026-04-02 00:00:00+05:30
2026-02-06 00:00:00+05:30,SBIN-EQ,1066.4,0.1239684921230306,1,1,0.572654848740592,0.427345151259408,3,2025-09-23 00:00:00+05:30,2026-01-30 00:00:00+05:30,2026-02-01 00:00:00+05:30,2026-04-02 00:00:00+05:30
2026-02-06 00:00:00+05:30,SUZLON-EQ,48.04,-0.0493338884263113,0,1,0.6691893241822766,0.3308106758177234,3,2025-09-23 00:00:00+05:30,2026-01-30 00:00:00+05:30,2026-02-01 00:00:00+05:30,2026-04-02 00:00:00+05:30
2026-02-06 00:00:00+05:30,TATAMOTORS-EQ,369.5,0.0290933694181325,1,0,0.3280621656869675,0.6719378343130324,3,2025-09-23 00:00:00+05:30,2026-01-30 00:00:00+05:30,2026-02-01 00:00:00+05:30,2026-04-02 00:00:00+05:30
2026-02-09 00:00:00+05:30,ITC-EQ,322.8,-0.0150247831474598,0,1,0.5686077982566552,0.4313922017433448,3,2025-09-23 00:00:00+05:30,2026-01-30 00:00:00+05:30,2026-02-01 00:00:00+05:30,2026-04-02 00:00:00+05:30
2026-02-09 00:00:00+05:30,RELIANCE-EQ,1461.6,-0.0167624521072796,0,1,0.5278115264843678,0.4721884735156322,3,2025-09-23 00:00:00+05:30,2026-01-30 00:00:00+05:30,2026-02-01 00:00:00+05:30,2026-04-02 00:00:00+05:30
2026-02-09 00:00:00+05:30,SBIN-EQ,1146.0,0.0541884816753925,1,0,0.36793785860252587,0.6320621413974741,3,2025-09-23 00:00:00+05:30,2026-01-30 00:00:00+05:30,2026-02-01 00:00:00+05:30,2026-04-02 00:00:00+05:30
2026-02-09 00:00:00+05:30,SUZLON-EQ,48.19,-0.0410873625233449,0,1,0.5712418738427985,0.42875812615720155,3,2025-09-23 00:00:00+05:30,2026-01-30 00:00:00+05:30,2026-02-01 00:00:00+05:30,2026-04-02 00:00:00+05:30
2026-02-09 00:00:00+05:30,TATAMOTORS-EQ,377.4,-0.0003974562798091,0,0,0.34961625508587535,0.6503837449141247,3,2025-09-23 00:00:00+05:30,2026-01-30 00:00:00+05:30,2026-02-01 00:00:00+05:30,2026-04-02 00:00:00+05:30
2026-02-10 00:00:00+05:30,SUZLON-EQ,47.69,-0.0366953239672886,0,1,0.6322457615679132,0.36775423843208677,3,2025-09-23 00:00:00+05:30,2026-01-30 00:00:00+05:30,2026-02-01 00:00:00+05:30,2026-04-02 00:00:00+05:30
2026-02-10 00:00:00+05:30,SBIN-EQ,1144.1,0.060571628354165,1,0,0.3682680546034161,0.631731945396584,3,2025-09-23 00:00:00+05:30,2026-01-30 00:00:00+05:30,2026-02-01 00:00:00+05:30,2026-04-02 00:00:00+05:30
2026-02-10 00:00:00+05:30,TATAMOTORS-EQ,379.35,0.0092263081586925,1,0,0.21374398231811118,0.7862560176818888,3,2025-09-23 00:00:00+05:30,2026-01-30 00:00:00+05:30,2026-02-01 00:00:00+05:30,2026-04-02 00:00:00+05:30
2026-02-10 00:00:00+05:30,ITC-EQ,321.4,0.0126011200995643,1,1,0.5815004315887454,0.4184995684112546,3,2025-09-23 00:00:00+05:30,2026-01-30 00:00:00+05:30,2026-02-01 00:00:00+05:30,2026-04-02 00:00:00+05:30
2026-02-10 00:00:00+05:30,RELIANCE-EQ,1458.5,-0.0243400754199519,0,0,0.46140667565401344,0.5385933243459866,3,2025-09-23 00:00:00+05:30,2026-01-30 00:00:00+05:30,2026-02-01 00:00:00+05:30,2026-04-02 00:00:00+05:30
2026-02-11 00:00:00+05:30,TATAMOTORS-EQ,384.7,-0.0048089420327527,0,0,0.2791780902168327,0.7208219097831673,3,2025-09-23 00:00:00+05:30,2026-01-30 00:00:00+05:30,2026-02-01 00:00:00+05:30,2026-04-02 00:00:00+05:30
2026-02-11 00:00:00+05:30,SUZLON-EQ,47.38,-0.0272266779231743,0,1,0.6418041329797637,0.3581958670202363,3,2025-09-23 00:00:00+05:30,2026-01-30 00:00:00+05:30,2026-02-01 00:00:00+05:30,2026-04-02 00:00:00+05:30
2026-02-11 00:00:00+05:30,ITC-EQ,318.25,0.0446190102120973,1,1,0.562131063564394,0.437868936435606,3,2025-09-23 00:00:00+05:30,2026-01-30 00:00:00+05:30,2026-02-01 00:00:00+05:30,2026-04-02 00:00:00+05:30
2026-02-11 00:00:00+05:30,RELIANCE-EQ,1468.7,-0.018655954245251,0,1,0.512946162871295,0.487053837128705,3,2025-09-23 00:00:00+05:30,2026-01-30 00:00:00+05:30,2026-02-01 00:00:00+05:30,2026-04-02 00:00:00+05:30
2026-02-11 00:00:00+05:30,SBIN-EQ,1182.9,0.0304336799391327,1,0,0.32644306339372137,0.6735569366062786,3,2025-09-23 00:00:00+05:30,2026-01-30 00:00:00+05:30,2026-02-01 00:00:00+05:30,2026-04-02 00:00:00+05:30
2026-02-12 00:00:00+05:30,ITC-EQ,317.45,0.0269333753346983,1,1,0.5379018896754897,0.4620981103245103,3,2025-09-23 00:00:00+05:30,2026-01-30 00:00:00+05:30,2026-02-01 00:00:00+05:30,2026-04-02 00:00:00+05:30
2026-02-12 00:00:00+05:30,RELIANCE-EQ,1448.9,-0.0271930429981366,0,0,0.4224615302844578,0.5775384697155421,3,2025-09-23 00:00:00+05:30,2026-01-30 00:00:00+05:30,2026-02-01 00:00:00+05:30,2026-04-02 00:00:00+05:30
2026-02-12 00:00:00+05:30,SUZLON-EQ,46.81,-0.0333262123477889,0,1,0.6477175656353057,0.3522824343646943,3,2025-09-23 00:00:00+05:30,2026-01-30 00:00:00+05:30,2026-02-01 00:00:00+05:30,2026-04-02 00:00:00+05:30
2026-02-12 00:00:00+05:30,TATAMOTORS-EQ,383.45,-0.0202112400573738,0,0,0.22022551740663635,0.7797744825933637,3,2025-09-23 00:00:00+05:30,2026-01-30 00:00:00+05:30,2026-02-01 00:00:00+05:30,2026-04-02 00:00:00+05:30
2026-02-12 00:00:00+05:30,SBIN-EQ,1192.4,0.0111539751761153,1,0,0.3086784615817902,0.6913215384182099,3,2025-09-23 00:00:00+05:30,2026-01-30 00:00:00+05:30,2026-02-01 00:00:00+05:30,2026-04-02 00:00:00+05:30
2026-02-13 00:00:00+05:30,ITC-EQ,313.75,0.042231075697211,1,0,0.44128990062802975,0.5587100993719702,3,2025-09-23 00:00:00+05:30,2026-01-30 00:00:00+05:30,2026-02-01 00:00:00+05:30,2026-04-02 00:00:00+05:30
2026-02-13 00:00:00+05:30,RELIANCE-EQ,1419.6,-0.0001408847562692,0,0,0.3004414053789452,0.6995585946210547,3,2025-09-23 00:00:00+05:30,2026-01-30 00:00:00+05:30,2026-02-01 00:00:00+05:30,2026-04-02 00:00:00+05:30
2026-02-13 00:00:00+05:30,SBIN-EQ,1198.6,0.0146003670949441,1,0,0.33268389382532176,0.6673161061746782,3,2025-09-23 00:00:00+05:30,2026-01-30 00:00:00+05:30,2026-02-01 00:00:00+05:30,2026-04-02 00:00:00+05:30
2026-02-13 00:00:00+05:30,SUZLON-EQ,45.67,-0.0264944164659514,0,1,0.6366511163527249,0.36334888364727513,3,2025-09-23 00:00:00+05:30,2026-01-30 00:00:00+05:30,2026-02-01 00:00:00+05:30,2026-04-02 00:00:00+05:30
2026-02-13 00:00:00+05:30,TATAMOTORS-EQ,380.25,-0.0059171597633136,0,0,0.2281343054041021,0.7718656945958979,3,2025-09-23 00:00:00+05:30,2026-01-30 00:00:00+05:30,2026-02-01 00:00:00+05:30,2026-04-02 00:00:00+05:30
2026-02-16 00:00:00+05:30,TATAMOTORS-EQ,377.25,0.0071570576540755,1,0,0.207387465121946,0.7926125348780539,3,2025-09-23 00:00:00+05:30,2026-01-30 00:00:00+05:30,2026-02-01 00:00:00+05:30,2026-04-02 00:00:00+05:30
2026-02-16 00:00:00+05:30,SUZLON-EQ,46.21,-0.0424150616749621,0,1,0.654451293927554,0.34554870607244603,3,2025-09-23 00:00:00+05:30,2026-01-30 00:00:00+05:30,2026-02-01 00:00:00+05:30,2026-04-02 00:00:00+05:30
2026-02-16 00:00:00+05:30,SBIN-EQ,1208.1,0.0163065971359988,1,0,0.3474342462811961,0.6525657537188039,3,2025-09-23 00:00:00+05:30,2026-01-30 00:00:00+05:30,2026-02-01 00:00:00+05:30,2026-04-02 00:00:00+05:30
2026-02-16 00:00:00+05:30,ITC-EQ,317.95,0.0234313571316244,1,0,0.457566213492564,0.542433786507436,3,2025-09-23 00:00:00+05:30,2026-01-30 00:00:00+05:30,2026-02-01 00:00:00+05:30,2026-04-02 00:00:00+05:30
2026-02-16 00:00:00+05:30,RELIANCE-EQ,1437.1,-0.0063321967851923,0,0,0.4499067712166482,0.5500932287833518,3,2025-09-23 00:00:00+05:30,2026-01-30 00:00:00+05:30,2026-02-01 00:00:00+05:30,2026-04-02 00:00:00+05:30
2026-02-17 00:00:00+05:30,ITC-EQ,325.45,-0.0059917037947456,0,0,0.46478008892669265,0.5352199110733074,3,2025-09-23 00:00:00+05:30,2026-01-30 00:00:00+05:30,2026-02-01 00:00:00+05:30,2026-04-02 00:00:00+05:30
2026-02-17 00:00:00+05:30,RELIANCE-EQ,1423.0,0.004075895994378,1,0,0.39773704836620977,0.6022629516337903,3,2025-09-23 00:00:00+05:30,2026-01-30 00:00:00+05:30,2026-02-01 00:00:00+05:30,2026-04-02 00:00:00+05:30
2026-02-17 00:00:00+05:30,SBIN-EQ,1213.4,0.0081588923685511,1,0,0.33461079786371384,0.6653892021362862,3,2025-09-23 00:00:00+05:30,2026-01-30 00:00:00+05:30,2026-02-01 00:00:00+05:30,2026-04-02 00:00:00+05:30
2026-02-17 00:00:00+05:30,SUZLON-EQ,45.94,-0.039399216369177,0,1,0.5627321562132865,0.43726784378671346,3,2025-09-23 00:00:00+05:30,2026-01-30 00:00:00+05:30,2026-02-01 00:00:00+05:30,2026-04-02 00:00:00+05:30
2026-02-17 00:00:00+05:30,TATAMOTORS-EQ,382.85,-0.0138435418571242,0,0,0.250482168194885,0.749517831805115,3,2025-09-23 00:00:00+05:30,2026-01-30 00:00:00+05:30,2026-02-01 00:00:00+05:30,2026-04-02 00:00:00+05:30
2026-02-18 00:00:00+05:30,ITC-EQ,332.45,-0.0382012332681606,0,0,0.4294307039448243,0.5705692960551757,3,2025-09-23 00:00:00+05:30,2026-01-30 00:00:00+05:30,2026-02-01 00:00:00+05:30,2026-04-02 00:00:00+05:30
2026-02-18 00:00:00+05:30,RELIANCE-EQ,1441.3,-0.0296954138624851,0,1,0.5335140337855441,0.4664859662144559,3,2025-09-23 00:00:00+05:30,2026-01-30 00:00:00+05:30,2026-02-01 00:00:00+05:30,2026-04-02 00:00:00+05:30
2026-02-18 00:00:00+05:30,SBIN-EQ,1218.9,-0.015423742718845,0,0,0.38792923509174104,0.612070764908259,3,2025-09-23 00:00:00+05:30,2026-01-30 00:00:00+05:30,2026-02-01 00:00:00+05:30,2026-04-02 00:00:00+05:30
2026-02-18 00:00:00+05:30,SUZLON-EQ,46.09,-0.0631373399869821,0,0,0.4822632906478714,0.5177367093521286,3,2025-09-23 00:00:00+05:30,2026-01-30 00:00:00+05:30,2026-02-01 00:00:00+05:30,2026-04-02 00:00:00+05:30
2026-02-18 00:00:00+05:30,TATAMOTORS-EQ,382.85,-0.0026119890296461,0,0,0.2030795491761156,0.7969204508238844,3,2025-09-23 00:00:00+05:30,2026-01-30 00:00:00+05:30,2026-02-01 00:00:00+05:30,2026-04-02 00:00:00+05:30
2026-02-19 00:00:00+05:30,SUZLON-EQ,45.25,-0.0437569060773479,0,1,0.6468703424228586,0.35312965757714143,3,2025-09-23 00:00:00+05:30,2026-01-30 00:00:00+05:30,2026-02-01 00:00:00+05:30,2026-04-02 00:00:00+05:30
2026-02-19 00:00:00+05:30,SBIN-EQ,1205.7,0.0031516961101434,1,0,0.34963455672929844,0.6503654432707016,3,2025-09-23 00:00:00+05:30,2026-01-30 00:00:00+05:30,2026-02-01 00:00:00+05:30,2026-04-02 00:00:00+05:30
2026-02-19 00:00:00+05:30,TATAMOTORS-EQ,375.7,0.0421879158903379,1,0,0.15872394037717047,0.8412760596228295,3,2025-09-23 00:00:00+05:30,2026-01-30 00:00:00+05:30,2026-02-01 00:00:00+05:30,2026-04-02 00:00:00+05:30
2026-02-19 00:00:00+05:30,ITC-EQ,326.0,-0.0236196319018404,0,0,0.4470139621409918,0.5529860378590081,3,2025-09-23 00:00:00+05:30,2026-01-30 00:00:00+05:30,2026-02-01 00:00:00+05:30,2026-04-02 00:00:00+05:30
2026-02-19 00:00:00+05:30,RELIANCE-EQ,1409.5,-0.0019155728981908,0,0,0.3494132149464001,0.6505867850535999,3,2025-09-23 00:00:00+05:30,2026-01-30 00:00:00+05:30,2026-02-01 00:00:00+05:30,2026-04-02 00:00:00+05:30
2026-02-20 00:00:00+05:30,ITC-EQ,327.0,-0.0409785932721712,0,0,0.4824760648564826,0.5175239351435175,3,2025-09-23 00:00:00+05:30,2026-01-30 00:00:00+05:30,2026-02-01 00:00:00+05:30,2026-04-02 00:00:00+05:30
2026-02-20 00:00:00+05:30,RELIANCE-EQ,1419.4,-0.0179653374665351,0,1,0.5849104585851214,0.41508954141487864,3,2025-09-23 00:00:00+05:30,2026-01-30 00:00:00+05:30,2026-02-01 00:00:00+05:30,2026-04-02 00:00:00+05:30
2026-02-20 00:00:00+05:30,SBIN-EQ,1216.1,-0.0118411314858973,0,0,0.35626973535484074,0.6437302646451593,3,2025-09-23 00:00:00+05:30,2026-01-30 00:00:00+05:30,2026-02-01 00:00:00+05:30,2026-04-02 00:00:00+05:30
2026-02-20 00:00:00+05:30,SUZLON-EQ,44.46,-0.0402609086819613,0,1,0.7231937354041462,0.2768062645958538,3,2025-09-23 00:00:00+05:30,2026-01-30 00:00:00+05:30,2026-02-01 00:00:00+05:30,2026-04-02 00:00:00+05:30
2026-02-20 00:00:00+05:30,TATAMOTORS-EQ,378.0,0.0123015873015872,1,0,0.1790102231318711,0.8209897768681289,3,2025-09-23 00:00:00+05:30,2026-01-30 00:00:00+05:30,2026-02-01 00:00:00+05:30,2026-04-02 00:00:00+05:30
2026-02-23 00:00:00+05:30,TATAMOTORS-EQ,379.95,-0.0246085011185681,0,0,0.22645501713297145,0.7735449828670286,3,2025-09-23 00:00:00+05:30,2026-01-30 00:00:00+05:30,2026-02-01 00:00:00+05:30,2026-04-02 00:00:00+05:30
2026-02-23 00:00:00+05:30,SUZLON-EQ,44.25,-0.0745762711864406,0,1,0.6816402500748421,0.3183597499251579,3,2025-09-23 00:00:00+05:30,2026-01-30 00:00:00+05:30,2026-02-01 00:00:00+05:30,2026-04-02 00:00:00+05:30
2026-02-23 00:00:00+05:30,SBIN-EQ,1227.8,-0.0308682195797359,0,0,0.42338943751594216,0.5766105624840578,3,2025-09-23 00:00:00+05:30,2026-01-30 00:00:00+05:30,2026-02-01 00:00:00+05:30,2026-04-02 00:00:00+05:30
2026-02-23 00:00:00+05:30,ITC-EQ,325.4,-0.0322679778733866,0,0,0.37333355065374785,0.6266664493462522,3,2025-09-23 00:00:00+05:30,2026-01-30 00:00:00+05:30,2026-02-01 00:00:00+05:30,2026-04-02 00:00:00+05:30
2026-02-23 00:00:00+05:30,RELIANCE-EQ,1428.0,-0.0490196078431373,0,1,0.616029309697022,0.38397069030297803,3,2025-09-23 00:00:00+05:30,2026-01-30 00:00:00+05:30,2026-02-01 00:00:00+05:30,2026-04-02 00:00:00+05:30
2026-02-24 00:00:00+05:30,ITC-EQ,323.5,-0.0357032457496135,0,0,0.35756090593231876,0.6424390940676812,3,2025-09-23 00:00:00+05:30,2026-01-30 00:00:00+05:30,2026-02-01 00:00:00+05:30,2026-04-02 00:00:00+05:30
2026-02-24 00:00:00+05:30,RELIANCE-EQ,1428.8,-0.0586506159014557,0,1,0.5792008259637943,0.4207991740362057,3,2025-09-23 00:00:00+05:30,2026-01-30 00:00:00+05:30,2026-02-01 00:00:00+05:30,2026-04-02 00:00:00+05:30
2026-02-24 00:00:00+05:30,SBIN-EQ,1223.3,-0.0398920951524564,0,0,0.4168994980031477,0.5831005019968523,3,2025-09-23 00:00:00+05:30,2026-01-30 00:00:00+05:30,2026-02-01 00:00:00+05:30,2026-04-02 00:00:00+05:30
2026-02-24 00:00:00+05:30,SUZLON-EQ,44.13,-0.0951733514615907,0,1,0.7709351225541571,0.22906487744584292,3,2025-09-23 00:00:00+05:30,2026-01-30 00:00:00+05:30,2026-02-01 00:00:00+05:30,2026-04-02 00:00:00+05:30
2026-02-24 00:00:00+05:30,TATAMOTORS-EQ,377.55,-0.0697920805191365,0,0,0.21458690767026412,0.7854130923297359,3,2025-09-23 00:00:00+05:30,2026-01-30 00:00:00+05:30,2026-02-01 00:00:00+05:30,2026-04-02 00:00:00+05:30
2026-02-25 00:00:00+05:30,SUZLON-EQ,43.18,-0.0678554886521537,0,1,0.7675301002203873,0.23246989977961274,3,2025-09-23 00:00:00+05:30,2026-01-30 00:00:00+05:30,2026-02-01 00:00:00+05:30,2026-04-02 00:00:00+05:30
2026-02-25 00:00:00+05:30,SBIN-EQ,1200.1,-0.0254978751770684,0,0,0.37705673769631365,0.6229432623036864,3,2025-09-23 00:00:00+05:30,2026-01-30 00:00:00+05:30,2026-02-01 00:00:00+05:30,2026-04-02 00:00:00+05:30
2026-02-25 00:00:00+05:30,TATAMOTORS-EQ,381.85,-0.0699227445331938,0,0,0.22695789473705735,0.7730421052629426,3,2025-09-23 00:00:00+05:30,2026-01-30 00:00:00+05:30,2026-02-01 00:00:00+05:30,2026-04-02 00:00:00+05:30
2026-02-25 00:00:00+05:30,ITC-EQ,319.75,-0.0258014073494917,0,0,0.37431233014440446,0.6256876698555955,3,2025-09-23 00:00:00+05:30,2026-01-30 00:00:00+05:30,2026-02-01 00:00:00+05:30,2026-04-02 00:00:00+05:30
2026-02-25 00:00:00+05:30,RELIANCE-EQ,1398.5,-0.0065069717554522,0,0,0.36159323793499154,0.6384067620650085,3,2025-09-23 00:00:00+05:30,2026-01-30 00:00:00+05:30,2026-02-01 00:00:00+05:30,2026-04-02 00:00:00+05:30
2026-02-26 00:00:00+05:30,ITC-EQ,318.3,-0.0270185359723531,0,0,0.4117394537853629,0.5882605462146371,3,2025-09-23 00:00:00+05:30,2026-01-30 00:00:00+05:30,2026-02-01 00:00:00+05:30,2026-04-02 00:00:00+05:30
2026-02-26 00:00:00+05:30,RELIANCE-EQ,1406.8,-0.0014216661927779,0,0,0.49929930037752696,0.500700699622473,3,2025-09-23 00:00:00+05:30,2026-01-30 00:00:00+05:30,2026-02-01 00:00:00+05:30,2026-04-02 00:00:00+05:30
2026-02-26 00:00:00+05:30,SBIN-EQ,1209.5,-0.0549813972715997,0,0,0.41770251695360644,0.5822974830463936,3,2025-09-23 00:00:00+05:30,2026-01-30 00:00:00+05:30,2026-02-01 00:00:00+05:30,2026-04-02 00:00:00+05:30
2026-02-26 00:00:00+05:30,SUZLON-EQ,43.27,-0.0758030968338341,0,1,0.7508125171868151,0.24918748281318492,3,2025-09-23 00:00:00+05:30,2026-01-30 00:00:00+05:30,2026-02-01 00:00:00+05:30,2026-04-02 00:00:00+05:30
2026-02-26 00:00:00+05:30,TATAMOTORS-EQ,391.55,-0.1042012514365982,0,0,0.3745561247898413,0.6254438752101588,3,2025-09-23 00:00:00+05:30,2026-01-30 00:00:00+05:30,2026-02-01 00:00:00+05:30,2026-04-02 00:00:00+05:30
2026-02-27 00:00:00+05:30,TATAMOTORS-EQ,382.65,-0.1323663922644714,0,0,0.1819986697195097,0.8180013302804903,3,2025-09-23 00:00:00+05:30,2026-01-30 00:00:00+05:30,2026-02-01 00:00:00+05:30,2026-04-02 00:00:00+05:30
2026-02-27 00:00:00+05:30,SBIN-EQ,1201.7,-0.085878339019722,0,0,0.4744895838910771,0.5255104161089229,3,2025-09-23 00:00:00+05:30,2026-01-30 00:00:00+05:30,2026-02-01 00:00:00+05:30,2026-04-02 00:00:00+05:30
2026-02-27 00:00:00+05:30,SUZLON-EQ,42.67,-0.0714787907194751,0,1,0.7689885954288826,0.23101140457111735,3,2025-09-23 00:00:00+05:30,2026-01-30 00:00:00+05:30,2026-02-01 00:00:00+05:30,2026-04-02 00:00:00+05:30
2026-02-27 00:00:00+05:30,ITC-EQ,313.6,-0.024234693877551,0,0,0.33908546549304186,0.6609145345069581,3,2025-09-23 00:00:00+05:30,2026-01-30 00:00:00+05:30,2026-02-01 00:00:00+05:30,2026-04-02 00:00:00+05:30
2026-02-27 00:00:00+05:30,RELIANCE-EQ,1393.9,0.0215940885285887,1,1,0.5600292969096307,0.43997070309036934,3,2025-09-23 00:00:00+05:30,2026-01-30 00:00:00+05:30,2026-02-01 00:00:00+05:30,2026-04-02 00:00:00+05:30
2026-03-02 00:00:00+05:30,ITC-EQ,314.9,-0.0185773261352809,0,0,0.44697023411744047,0.5530297658825596,3,2025-09-23 00:00:00+05:30,2026-01-30 00:00:00+05:30,2026-02-01 00:00:00+05:30,2026-04-02 00:00:00+05:30
2026-03-02 00:00:00+05:30,RELIANCE-EQ,1358.0,0.0374079528718702,1,0,0.40158919293151035,0.5984108070684897,3,2025-09-23 00:00:00+05:30,2026-01-30 00:00:00+05:30,2026-02-01 00:00:00+05:30,2026-04-02 00:00:00+05:30
2026-03-02 00:00:00+05:30,SBIN-EQ,1189.9,-0.0652996050088242,0,0,0.40858753684673144,0.5914124631532686,3,2025-09-23 00:00:00+05:30,2026-01-30 00:00:00+05:30,2026-02-01 00:00:00+05:30,2026-04-02 00:00:00+05:30
2026-03-02 00:00:00+05:30,SUZLON-EQ,40.95,0.0122100122100121,1,1,0.6831186933612419,0.31688130663875813,3,2025-09-23 00:00:00+05:30,2026-01-30 00:00:00+05:30,2026-02-01 00:00:00+05:30,2026-04-02 00:00:00+05:30
2026-03-02 00:00:00+05:30,TATAMOTORS-EQ,370.6,-0.0685375067458177,0,0,0.27093490590603536,0.7290650940939647,3,2025-09-23 00:00:00+05:30,2026-01-30 00:00:00+05:30,2026-02-01 00:00:00+05:30,2026-04-02 00:00:00+05:30
2026-03-04 00:00:00+05:30,TATAMOTORS-EQ,351.2,-0.0451309794988609,0,0,0.1758792059315878,0.8241207940684122,3,2025-09-23 00:00:00+05:30,2026-01-30 00:00:00+05:30,2026-02-01 00:00:00+05:30,2026-04-02 00:00:00+05:30
2026-03-04 00:00:00+05:30,SUZLON-EQ,39.93,0.0423240671174554,1,1,0.63399888567929,0.36600111432071003,3,2025-09-23 00:00:00+05:30,2026-01-30 00:00:00+05:30,2026-02-01 00:00:00+05:30,2026-04-02 00:00:00+05:30
2026-03-04 00:00:00+05:30,ITC-EQ,311.95,-0.0094566436928994,0,0,0.46622017977347685,0.5337798202265231,3,2025-09-23 00:00:00+05:30,2026-01-30 00:00:00+05:30,2026-02-01 00:00:00+05:30,2026-04-02 00:00:00+05:30
2026-03-04 00:00:00+05:30,RELIANCE-EQ,1345.0,0.0336059479553902,1,0,0.3849089909320048,0.6150910090679952,3,2025-09-23 00:00:00+05:30,2026-01-30 00:00:00+05:30,2026-02-01 00:00:00+05:30,2026-04-02 00:00:00+05:30
2026-03-04 00:00:00+05:30,SBIN-EQ,1174.5,-0.0710089399744573,0,0,0.4365321714877889,0.5634678285122111,3,2025-09-23 00:00:00+05:30,2026-01-30 00:00:00+05:30,2026-02-01 00:00:00+05:30,2026-04-02 00:00:00+05:30
2026-03-05 00:00:00+05:30,ITC-EQ,311.5,-0.0237560192616371,0,0,0.4371037307176341,0.5628962692823659,3,2025-09-23 00:00:00+05:30,2026-01-30 00:00:00+05:30,2026-02-01 00:00:00+05:30,2026-04-02 00:00:00+05:30
2026-03-05 00:00:00+05:30,RELIANCE-EQ,1389.4,0.0020152583849142,1,0,0.48115802174587124,0.5188419782541287,3,2025-09-23 00:00:00+05:30,2026-01-30 00:00:00+05:30,2026-02-01 00:00:00+05:30,2026-04-02 00:00:00+05:30
2026-03-05 00:00:00+05:30,SBIN-EQ,1169.5,-0.072082086361693,0,0,0.4366303717659371,0.5633696282340629,3,2025-09-23 00:00:00+05:30,2026-01-30 00:00:00+05:30,2026-02-01 00:00:00+05:30,2026-04-02 00:00:00+05:30
2026-03-05 00:00:00+05:30,SUZLON-EQ,40.25,0.0541614906832297,1,1,0.7158317415476492,0.28416825845235083,3,2025-09-23 00:00:00+05:30,2026-01-30 00:00:00+05:30,2026-02-01 00:00:00+05:30,2026-04-02 00:00:00+05:30
2026-03-05 00:00:00+05:30,TATAMOTORS-EQ,355.15,-0.0861607771364211,0,0,0.33703361462837655,0.6629663853716234,3,2025-09-23 00:00:00+05:30,2026-01-30 00:00:00+05:30,2026-02-01 00:00:00+05:30,2026-04-02 00:00:00+05:30
2026-03-06 00:00:00+05:30,ITC-EQ,309.7,-0.0266386825960607,0,0,0.4456105159520363,0.5543894840479637,3,2025-09-23 00:00:00+05:30,2026-01-30 00:00:00+05:30,2026-02-01 00:00:00+05:30,2026-04-02 00:00:00+05:30
2026-03-06 00:00:00+05:30,RELIANCE-EQ,1404.8,-0.0171554669703871,0,0,0.4335173258786721,0.5664826741213279,3,2025-09-23 00:00:00+05:30,2026-01-30 00:00:00+05:30,2026-02-01 00:00:00+05:30,2026-04-02 00:00:00+05:30
2026-03-06 00:00:00+05:30,SBIN-EQ,1143.0,-0.0839895013123359,0,0,0.418081406344036,0.581918593655964,3,2025-09-23 00:00:00+05:30,2026-01-30 00:00:00+05:30,2026-02-01 00:00:00+05:30,2026-04-02 00:00:00+05:30
2026-03-06 00:00:00+05:30,SUZLON-EQ,39.99,0.0355088772193046,1,1,0.6797385160805058,0.32026148391949416,3,2025-09-23 00:00:00+05:30,2026-01-30 00:00:00+05:30,2026-02-01 00:00:00+05:30,2026-04-02 00:00:00+05:30
2026-03-06 00:00:00+05:30,TATAMOTORS-EQ,350.75,-0.1044903777619385,0,0,0.2539960621655243,0.7460039378344757,3,2025-09-23 00:00:00+05:30,2026-01-30 00:00:00+05:30,2026-02-01 00:00:00+05:30,2026-04-02 00:00:00+05:30
2026-03-09 00:00:00+05:30,TATAMOTORS-EQ,332.0,-0.0530120481927711,0,0,0.17455181295331823,0.8254481870466818,3,2025-09-23 00:00:00+05:30,2026-01-30 00:00:00+05:30,2026-02-01 00:00:00+05:30,2026-04-02 00:00:00+05:30
2026-03-09 00:00:00+05:30,SBIN-EQ,1098.5,-0.0289485662266727,0,0,0.32067034142015244,0.6793296585798476,3,2025-09-23 00:00:00+05:30,2026-01-30 00:00:00+05:30,2026-02-01 00:00:00+05:30,2026-04-02 00:00:00+05:30
2026-03-09 00:00:00+05:30,SUZLON-EQ,39.62,0.0350832912670369,1,1,0.6765435238865625,0.32345647611343753,3,2025-09-23 00:00:00+05:30,2026-01-30 00:00:00+05:30,2026-02-01 00:00:00+05:30,2026-04-02 00:00:00+05:30
2026-03-09 00:00:00+05:30,ITC-EQ,306.0,0.0073529411764705,1,1,0.6699666003505697,0.33003339964943035,3,2025-09-23 00:00:00+05:30,2026-01-30 00:00:00+05:30,2026-02-01 00:00:00+05:30,2026-04-02 00:00:00+05:30
2026-03-09 00:00:00+05:30,RELIANCE-EQ,1424.0,-0.0202949438202247,0,0,0.46229120352759245,0.5377087964724075,3,2025-09-23 00:00:00+05:30,2026-01-30 00:00:00+05:30,2026-02-01 00:00:00+05:30,2026-04-02 00:00:00+05:30
2026-03-10 00:00:00+05:30,ITC-EQ,309.05,-0.0135900339750848,0,1,0.6476734232706142,0.35232657672938583,3,2025-09-23 00:00:00+05:30,2026-01-30 00:00:00+05:30,2026-02-01 00:00:00+05:30,2026-04-02 00:00:00+05:30
2026-03-10 00:00:00+05:30,RELIANCE-EQ,1408.8,-0.0079500283929585,0,0,0.4352824462494019,0.5647175537505982,3,2025-09-23 00:00:00+05:30,2026-01-30 00:00:00+05:30,2026-02-01 00:00:00+05:30,2026-04-02 00:00:00+05:30
2026-03-10 00:00:00+05:30,SBIN-EQ,1112.2,-0.0427081460169034,0,0,0.3978939813762456,0.6021060186237543,3,2025-09-23 00:00:00+05:30,2026-01-30 00:00:00+05:30,2026-02-01 00:00:00+05:30,2026-04-02 00:00:00+05:30
2026-03-10 00:00:00+05:30,SUZLON-EQ,41.45,-0.0043425814234017,0,1,0.7535110772267063,0.2464889227732937,3,2025-09-23 00:00:00+05:30,2026-01-30 00:00:00+05:30,2026-02-01 00:00:00+05:30,2026-04-02 00:00:00+05:30
2026-03-10 00:00:00+05:30,TATAMOTORS-EQ,345.2,-0.0753186558516801,0,0,0.3342026925617845,0.6657973074382155,3,2025-09-23 00:00:00+05:30,2026-01-30 00:00:00+05:30,2026-02-01 00:00:00+05:30,2026-04-02 00:00:00+05:30
2026-03-11 00:00:00+05:30,ITC-EQ,309.0,-0.0160194174757281,0,1,0.7958888544156486,0.2041111455843514,3,2025-09-23 00:00:00+05:30,2026-01-30 00:00:00+05:30,2026-02-01 00:00:00+05:30,2026-04-02 00:00:00+05:30
2026-03-11 00:00:00+05:30,RELIANCE-EQ,1390.2,0.0128758452021291,1,0,0.42592636015889557,0.5740736398411044,3,2025-09-23 00:00:00+05:30,2026-01-30 00:00:00+05:30,2026-02-01 00:00:00+05:30,2026-04-02 00:00:00+05:30
2026-03-11 00:00:00+05:30,SBIN-EQ,1091.1,-0.0195215837228485,0,0,0.34076789702475246,0.6592321029752475,3,2025-09-23 00:00:00+05:30,2026-01-30 00:00:00+05:30,2026-02-01 00:00:00+05:30,2026-04-02 00:00:00+05:30
2026-03-11 00:00:00+05:30,SUZLON-EQ,41.62,0.0105718404613168,1,1,0.7574479758448871,0.2425520241551129,3,2025-09-23 00:00:00+05:30,2026-01-30 00:00:00+05:30,2026-02-01 00:00:00+05:30,2026-04-02 00:00:00+05:30
2026-03-11 00:00:00+05:30,TATAMOTORS-EQ,335.35,-0.0316087669598926,0,0,0.25434018571998657,0.7456598142800135,3,2025-09-23 00:00:00+05:30,2026-01-30 00:00:00+05:30,2026-02-01 00:00:00+05:30,2026-04-02 00:00:00+05:30
2026-03-12 00:00:00+05:30,TATAMOTORS-EQ,324.55,-0.0469881374210445,0,0,0.20613349345122478,0.7938665065487752,3,2025-09-23 00:00:00+05:30,2026-01-30 00:00:00+05:30,2026-02-01 00:00:00+05:30,2026-04-02 00:00:00+05:30
2026-03-12 00:00:00+05:30,SBIN-EQ,1085.2,-0.0334500552893475,0,0,0.3293721724730917,0.6706278275269083,3,2025-09-23 00:00:00+05:30,2026-01-30 00:00:00+05:30,2026-02-01 00:00:00+05:30,2026-04-02 00:00:00+05:30
2026-03-12 00:00:00+05:30,SUZLON-EQ,42.43,-0.0315814282347395,0,1,0.7770742114699302,0.22292578853006983,3,2025-09-23 00:00:00+05:30,2026-01-30 00:00:00+05:30,2026-02-01 00:00:00+05:30,2026-04-02 00:00:00+05:30
2026-03-12 00:00:00+05:30,ITC-EQ,304.1,-0.0200591910555738,0,1,0.6094568271200307,0.3905431728799693,3,2025-09-23 00:00:00+05:30,2026-01-30 00:00:00+05:30,2026-02-01 00:00:00+05:30,2026-04-02 00:00:00+05:30
2026-03-12 00:00:00+05:30,RELIANCE-EQ,1392.2,-0.0053153282574343,0,0,0.46749610112892803,0.532503898871072,3,2025-09-23 00:00:00+05:30,2026-01-30 00:00:00+05:30,2026-02-01 00:00:00+05:30,2026-04-02 00:00:00+05:30
2026-03-13 00:00:00+05:30,ITC-EQ,301.45,-0.0049759495770442,0,1,0.6677153286318912,0.3322846713681088,3,2025-09-23 00:00:00+05:30,2026-01-30 00:00:00+05:30,2026-02-01 00:00:00+05:30,2026-04-02 00:00:00+05:30
2026-03-13 00:00:00+05:30,RELIANCE-EQ,1380.7,0.0244079090316506,1,0,0.43729714419247356,0.5627028558075264,3,2025-09-23 00:00:00+05:30,2026-01-30 00:00:00+05:30,2026-02-01 00:00:00+05:30,2026-04-02 00:00:00+05:30
2026-03-13 00:00:00+05:30,SBIN-EQ,1047.0,0.0105062082139446,1,0,0.3192121592945582,0.6807878407054417,3,2025-09-23 00:00:00+05:30,2026-01-30 00:00:00+05:30,2026-02-01 00:00:00+05:30,2026-04-02 00:00:00+05:30
2026-03-13 00:00:00+05:30,SUZLON-EQ,41.41,0.0130403284230864,1,1,0.7622835560909134,0.23771644390908664,3,2025-09-23 00:00:00+05:30,2026-01-30 00:00:00+05:30,2026-02-01 00:00:00+05:30,2026-04-02 00:00:00+05:30
2026-03-13 00:00:00+05:30,TATAMOTORS-EQ,314.1,0.0,0,0,0.1143656939848958,0.8856343060151042,3,2025-09-23 00:00:00+05:30,2026-01-30 00:00:00+05:30,2026-02-01 00:00:00+05:30,2026-04-02 00:00:00+05:30
2026-03-16 00:00:00+05:30,RELIANCE-EQ,1395.1,0.0091032900867322,1,0,0.37045765459067714,0.6295423454093229,3,2025-09-23 00:00:00+05:30,2026-01-30 00:00:00+05:30,2026-02-01 00:00:00+05:30,2026-04-02 00:00:00+05:30
2026-03-16 00:00:00+05:30,ITC-EQ,308.25,-0.0577453365774534,0,1,0.6464006429672868,0.35359935703271317,3,2025-09-23 00:00:00+05:30,2026-01-30 00:00:00+05:30,2026-02-01 00:00:00+05:30,2026-04-02 00:00:00+05:30
2026-03-16 00:00:00+05:30,SBIN-EQ,1066.7,-0.0326239805006093,0,0,0.3788603662300564,0.6211396337699435,3,2025-09-23 00:00:00+05:30,2026-01-30 00:00:00+05:30,2026-02-01 00:00:00+05:30,2026-04-02 00:00:00+05:30
2026-03-16 00:00:00+05:30,SUZLON-EQ,41.01,-0.0260911972689588,0,1,0.7906803545622025,0.20931964543779746,3,2025-09-23 00:00:00+05:30,2026-01-30 00:00:00+05:30,2026-02-01 00:00:00+05:30,2026-04-02 00:00:00+05:30
2026-03-16 00:00:00+05:30,TATAMOTORS-EQ,314.4,-0.0291030534351144,0,0,0.253603030301965,0.746396969698035,3,2025-09-23 00:00:00+05:30,2026-01-30 00:00:00+05:30,2026-02-01 00:00:00+05:30,2026-04-02 00:00:00+05:30
2026-03-17 00:00:00+05:30,SBIN-EQ,1064.7,-0.031839954916878,0,0,0.3329342998529812,0.6670657001470188,3,2025-09-23 00:00:00+05:30,2026-01-30 00:00:00+05:30,2026-02-01 00:00:00+05:30,2026-04-02 00:00:00+05:30
2026-03-17 00:00:00+05:30,SUZLON-EQ,41.27,-0.0055730554882482,0,1,0.8068482523941404,0.19315174760585962,3,2025-09-23 00:00:00+05:30,2026-01-30 00:00:00+05:30,2026-02-01 00:00:00+05:30,2026-04-02 00:00:00+05:30
2026-03-17 00:00:00+05:30,ITC-EQ,304.85,-0.0446121043135969,0,1,0.6528929984088009,0.3471070015911991,3,2025-09-23 00:00:00+05:30,2026-01-30 00:00:00+05:30,2026-02-01 00:00:00+05:30,2026-04-02 00:00:00+05:30
2026-03-17 00:00:00+05:30,RELIANCE-EQ,1397.6,0.0101602747567257,1,0,0.4865142648284503,0.5134857351715497,3,2025-09-23 00:00:00+05:30,2026-01-30 00:00:00+05:30,2026-02-01 00:00:00+05:30,2026-04-02 00:00:00+05:30
2026-03-17 00:00:00+05:30,TATAMOTORS-EQ,319.2,-0.025062656641604,0,0,0.2517799737334844,0.7482200262665156,3,2025-09-23 00:00:00+05:30,2026-01-30 00:00:00+05:30,2026-02-01 00:00:00+05:30,2026-04-02 00:00:00+05:30
2026-03-18 00:00:00+05:30,TATAMOTORS-EQ,324.75,-0.0209391839876829,0,0,0.2790745915024923,0.7209254084975076,3,2025-09-23 00:00:00+05:30,2026-01-30 00:00:00+05:30,2026-02-01 00:00:00+05:30,2026-04-02 00:00:00+05:30
2026-03-18 00:00:00+05:30,SUZLON-EQ,42.06,0.0049928673323822,1,1,0.8138825266770664,0.1861174733229336,3,2025-09-23 00:00:00+05:30,2026-01-30 00:00:00+05:30,2026-02-01 00:00:00+05:30,2026-04-02 00:00:00+05:30
2026-03-18 00:00:00+05:30,ITC-EQ,304.05,-0.0274625883900675,0,1,0.6759718943571419,0.3240281056428581,3,2025-09-23 00:00:00+05:30,2026-01-30 00:00:00+05:30,2026-02-01 00:00:00+05:30,2026-04-02 00:00:00+05:30
2026-03-18 00:00:00+05:30,RELIANCE-EQ,1408.1,0.0035508841701583,1,1,0.5276438912732058,0.47235610872679423,3,2025-09-23 00:00:00+05:30,2026-01-30 00:00:00+05:30,2026-02-01 00:00:00+05:30,2026-04-02 00:00:00+05:30
2026-03-18 00:00:00+05:30,SBIN-EQ,1069.8,-0.0085997382688353,0,0,0.3906323603755703,0.6093676396244296,3,2025-09-23 00:00:00+05:30,2026-01-30 00:00:00+05:30,2026-02-01 00:00:00+05:30,2026-04-02 00:00:00+05:30
2026-03-19 00:00:00+05:30,ITC-EQ,298.0,-0.0110738255033557,0,1,0.5829817931280626,0.41701820687193736,3,2025-09-23 00:00:00+05:30,2026-01-30 00:00:00+05:30,2026-02-01 00:00:00+05:30,2026-04-02 00:00:00+05:30
2026-03-19 00:00:00+05:30,RELIANCE-EQ,1384.8,-0.0265020219526285,0,1,0.5455519624414393,0.45444803755856067,3,2025-09-23 00:00:00+05:30,2026-01-30 00:00:00+05:30,2026-02-01 00:00:00+05:30,2026-04-02 00:00:00+05:30
2026-03-19 00:00:00+05:30,SBIN-EQ,1048.9,-0.0280293640957194,0,0,0.3420193111734664,0.6579806888265336,3,2025-09-23 00:00:00+05:30,2026-01-30 00:00:00+05:30,2026-02-01 00:00:00+05:30,2026-04-02 00:00:00+05:30
2026-03-19 00:00:00+05:30,SUZLON-EQ,41.09,-0.0065709418349964,0,1,0.7613422305565111,0.23865776944348893,3,2025-09-23 00:00:00+05:30,2026-01-30 00:00:00+05:30,2026-02-01 00:00:00+05:30,2026-04-02 00:00:00+05:30
2026-03-19 00:00:00+05:30,TATAMOTORS-EQ,309.3,-0.0197219527966376,0,0,0.23832600333515283,0.7616739966648471,3,2025-09-23 00:00:00+05:30,2026-01-30 00:00:00+05:30,2026-02-01 00:00:00+05:30,2026-04-02 00:00:00+05:30
2026-03-20 00:00:00+05:30,ITC-EQ,299.95,-0.0408401400233372,0,1,0.6992390158913557,0.30076098410864427,3,2025-09-23 00:00:00+05:30,2026-01-30 00:00:00+05:30,2026-02-01 00:00:00+05:30,2026-04-02 00:00:00+05:30
2026-03-20 00:00:00+05:30,RELIANCE-EQ,1414.4,-0.0498444570135746,0,1,0.5816312698876384,0.41836873011236164,3,2025-09-23 00:00:00+05:30,2026-01-30 00:00:00+05:30,2026-02-01 00:00:00+05:30,2026-04-02 00:00:00+05:30
2026-03-20 00:00:00+05:30,SBIN-EQ,1058.0,-0.0742911153119092,0,0,0.44014213055651236,0.5598578694434877,3,2025-09-23 00:00:00+05:30,2026-01-30 00:00:00+05:30,2026-02-01 00:00:00+05:30,2026-04-02 00:00:00+05:30
2026-03-20 00:00:00+05:30,SUZLON-EQ,41.95,-0.0569725864123956,0,1,0.7814701885565242,0.21852981144347583,3,2025-09-23 00:00:00+05:30,2026-01-30 00:00:00+05:30,2026-02-01 00:00:00+05:30,2026-04-02 00:00:00+05:30
2026-03-20 00:00:00+05:30,TATAMOTORS-EQ,314.1,-0.0569882203120026,0,0,0.20829579023602,0.79170420976398,3,2025-09-23 00:00:00+05:30,2026-01-30 00:00:00+05:30,2026-02-01 00:00:00+05:30,2026-04-02 00:00:00+05:30
2026-03-23 00:00:00+05:30,TATAMOTORS-EQ,305.25,-0.0075348075348076,0,0,0.2079910677365711,0.7920089322634289,3,2025-09-23 00:00:00+05:30,2026-01-30 00:00:00+05:30,2026-02-01 00:00:00+05:30,2026-04-02 00:00:00+05:30
2026-03-23 00:00:00+05:30,SUZLON-EQ,39.94,0.029544316474712,1,1,0.7680620062228811,0.23193799377711888,3,2025-09-23 00:00:00+05:30,2026-01-30 00:00:00+05:30,2026-02-01 00:00:00+05:30,2026-04-02 00:00:00+05:30
2026-03-23 00:00:00+05:30,SBIN-EQ,1031.9,-0.0136641147398004,0,0,0.3634523806805398,0.6365476193194601,3,2025-09-23 00:00:00+05:30,2026-01-30 00:00:00+05:30,2026-02-01 00:00:00+05:30,2026-04-02 00:00:00+05:30
2026-03-23 00:00:00+05:30,RELIANCE-EQ,1407.8,-0.0274186674243499,0,1,0.5788980860948749,0.4211019139051251,3,2025-09-23 00:00:00+05:30,2026-01-30 00:00:00+05:30,2026-02-01 00:00:00+05:30,2026-04-02 00:00:00+05:30
2026-03-23 00:00:00+05:30,ITC-EQ,290.45,0.0043036667240488,1,1,0.5387484175228338,0.46125158247716624,3,2025-09-23 00:00:00+05:30,2026-01-30 00:00:00+05:30,2026-02-01 00:00:00+05:30,2026-04-02 00:00:00+05:30
2026-03-24 00:00:00+05:30,ITC-EQ,291.25,0.0054935622317597,1,1,0.5626497313689883,0.4373502686310117,3,2025-09-23 00:00:00+05:30,2026-01-30 00:00:00+05:30,2026-02-01 00:00:00+05:30,2026-04-02 00:00:00+05:30
2026-03-24 00:00:00+05:30,RELIANCE-EQ,1411.8,-0.0434197478396373,0,1,0.5598887654036998,0.4401112345963002,3,2025-09-23 00:00:00+05:30,2026-01-30 00:00:00+05:30,2026-02-01 00:00:00+05:30,2026-04-02 00:00:00+05:30
2026-03-24 00:00:00+05:30,SBIN-EQ,1030.8,-0.0120294916569654,0,0,0.3705777037153718,0.6294222962846282,3,2025-09-23 00:00:00+05:30,2026-01-30 00:00:00+05:30,2026-02-01 00:00:00+05:30,2026-04-02 00:00:00+05:30
2026-03-24 00:00:00+05:30,SUZLON-EQ,41.04,-0.006335282651072,0,1,0.7587894873269285,0.24121051267307148,3,2025-09-23 00:00:00+05:30,2026-01-30 00:00:00+05:30,2026-02-01 00:00:00+05:30,2026-04-02 00:00:00+05:30
2026-03-24 00:00:00+05:30,TATAMOTORS-EQ,311.2,-0.0253856041131104,0,0,0.27237753106764223,0.7276224689323578,3,2025-09-23 00:00:00+05:30,2026-01-30 00:00:00+05:30,2026-02-01 00:00:00+05:30,2026-04-02 00:00:00+05:30
2026-03-25 00:00:00+05:30,ITC-EQ,295.7,-0.0028745350016907,0,1,0.6650072293411483,0.3349927706588517,3,2025-09-23 00:00:00+05:30,2026-01-30 00:00:00+05:30,2026-02-01 00:00:00+05:30,2026-04-02 00:00:00+05:30
2026-03-25 00:00:00+05:30,RELIANCE-EQ,1413.1,-0.0767107777227371,0,1,0.5575861504207008,0.4424138495792992,3,2025-09-23 00:00:00+05:30,2026-01-30 00:00:00+05:30,2026-02-01 00:00:00+05:30,2026-04-02 00:00:00+05:30
2026-03-25 00:00:00+05:30,SBIN-EQ,1060.6,-0.0262587214784083,0,0,0.49690503114285256,0.5030949688571474,3,2025-09-23 00:00:00+05:30,2026-01-30 00:00:00+05:30,2026-02-01 00:00:00+05:30,2026-04-02 00:00:00+05:30
2026-03-25 00:00:00+05:30,SUZLON-EQ,42.27,-0.016087059380175,0,1,0.6675144032253063,0.3324855967746937,3,2025-09-23 00:00:00+05:30,2026-01-30 00:00:00+05:30,2026-02-01 00:00:00+05:30,2026-04-02 00:00:00+05:30
2026-03-25 00:00:00+05:30,TATAMOTORS-EQ,317.95,-0.0331813178172668,0,0,0.3550584416817759,0.6449415583182241,3,2025-09-23 00:00:00+05:30,2026-01-30 00:00:00+05:30,2026-02-01 00:00:00+05:30,2026-04-02 00:00:00+05:30
2026-03-27 00:00:00+05:30,SUZLON-EQ,40.82,0.0178833904948554,1,1,0.6971286116052456,0.30287138839475436,3,2025-09-23 00:00:00+05:30,2026-01-30 00:00:00+05:30,2026-02-01 00:00:00+05:30,2026-04-02 00:00:00+05:30
2026-03-27 00:00:00+05:30,SBIN-EQ,1019.5,0.0106915154487494,1,0,0.34012031639835894,0.6598796836016411,3,2025-09-23 00:00:00+05:30,2026-01-30 00:00:00+05:30,2026-02-01 00:00:00+05:30,2026-04-02 00:00:00+05:30
2026-03-27 00:00:00+05:30,TATAMOTORS-EQ,303.2,0.0181398416886544,1,0,0.26541862685147405,0.734581373148526,3,2025-09-23 00:00:00+05:30,2026-01-30 00:00:00+05:30,2026-02-01 00:00:00+05:30,2026-04-02 00:00:00+05:30
2026-03-27 00:00:00+05:30,ITC-EQ,294.7,0.0127248048863251,1,1,0.6979545739827037,0.30204542601729634,3,2025-09-23 00:00:00+05:30,2026-01-30 00:00:00+05:30,2026-02-01 00:00:00+05:30,2026-04-02 00:00:00+05:30
2026-03-27 00:00:00+05:30,RELIANCE-EQ,1348.1,-0.0322676359320525,0,0,0.3535726440368628,0.6464273559631373,3,2025-09-23 00:00:00+05:30,2026-01-30 00:00:00+05:30,2026-02-01 00:00:00+05:30,2026-04-02 00:00:00+05:30
2026-03-30 00:00:00+05:30,ITC-EQ,287.7,0.0512686826555439,1,1,0.5089542319476236,0.49104576805237643,3,2025-09-23 00:00:00+05:30,2026-01-30 00:00:00+05:30,2026-02-01 00:00:00+05:30,2026-04-02 00:00:00+05:30
2026-03-30 00:00:00+05:30,RELIANCE-EQ,1343.9,0.0029020016370264,1,0,0.3587769045652392,0.6412230954347609,3,2025-09-23 00:00:00+05:30,2026-01-30 00:00:00+05:30,2026-02-01 00:00:00+05:30,2026-04-02 00:00:00+05:30
2026-03-30 00:00:00+05:30,SBIN-EQ,979.4,0.0837757810904635,1,0,0.3226345426256451,0.6773654573743548,3,2025-09-23 00:00:00+05:30,2026-01-30 00:00:00+05:30,2026-02-01 00:00:00+05:30,2026-04-02 00:00:00+05:30
2026-03-30 00:00:00+05:30,SUZLON-EQ,39.56,0.1180485338725985,1,1,0.6501333199888242,0.3498666800111758,3,2025-09-23 00:00:00+05:30,2026-01-30 00:00:00+05:30,2026-02-01 00:00:00+05:30,2026-04-02 00:00:00+05:30
2026-03-30 00:00:00+05:30,TATAMOTORS-EQ,296.2,0.1301485482781905,1,0,0.2901119279202966,0.7098880720797034,3,2025-09-23 00:00:00+05:30,2026-01-30 00:00:00+05:30,2026-02-01 00:00:00+05:30,2026-04-02 00:00:00+05:30
2026-04-01 00:00:00+05:30,ITC-EQ,291.7,0.0387384298937265,1,1,0.6148002959701704,0.3851997040298296,3,2025-09-23 00:00:00+05:30,2026-01-30 00:00:00+05:30,2026-02-01 00:00:00+05:30,2026-04-02 00:00:00+05:30
2026-04-01 00:00:00+05:30,RELIANCE-EQ,1369.2,-0.0286298568507157,0,0,0.40513219850574517,0.5948678014942548,3,2025-09-23 00:00:00+05:30,2026-01-30 00:00:00+05:30,2026-02-01 00:00:00+05:30,2026-04-02 00:00:00+05:30
2026-04-01 00:00:00+05:30,SBIN-EQ,1017.8,0.0227451365690707,1,0,0.45307335183810343,0.5469266481618966,3,2025-09-23 00:00:00+05:30,2026-01-30 00:00:00+05:30,2026-02-01 00:00:00+05:30,2026-04-02 00:00:00+05:30
2026-04-01 00:00:00+05:30,SUZLON-EQ,41.12,0.0756322957198443,1,1,0.6872466079270224,0.3127533920729776,3,2025-09-23 00:00:00+05:30,2026-01-30 00:00:00+05:30,2026-02-01 00:00:00+05:30,2026-04-02 00:00:00+05:30
2026-04-01 00:00:00+05:30,TATAMOTORS-EQ,302.95,0.1000165043736591,1,0,0.4113421978746749,0.588657802125325,3,2025-09-23 00:00:00+05:30,2026-01-30 00:00:00+05:30,2026-02-01 00:00:00+05:30,2026-04-02 00:00:00+05:30
2026-04-02 00:00:00+05:30,SUZLON-EQ,40.78,0.1113290828837665,1,1,0.630665649508973,0.36933435049102703,3,2025-09-23 00:00:00+05:30,2026-01-30 00:00:00+05:30,2026-02-01 00:00:00+05:30,2026-04-02 00:00:00+05:30
2026-04-02 00:00:00+05:30,SBIN-EQ,1018.4,0.0474273369992144,1,0,0.4309929001006892,0.5690070998993109,3,2025-09-23 00:00:00+05:30,2026-01-30 00:00:00+05:30,2026-02-01 00:00:00+05:30,2026-04-02 00:00:00+05:30
2026-04-02 00:00:00+05:30,TATAMOTORS-EQ,303.3,0.1295746785361029,1,0,0.4013355708086392,0.5986644291913608,3,2025-09-23 00:00:00+05:30,2026-01-30 00:00:00+05:30,2026-02-01 00:00:00+05:30,2026-04-02 00:00:00+05:30
2026-04-02 00:00:00+05:30,ITC-EQ,292.85,0.0389277787263102,1,1,0.6219704649677021,0.37802953503229786,3,2025-09-23 00:00:00+05:30,2026-01-30 00:00:00+05:30,2026-02-01 00:00:00+05:30,2026-04-02 00:00:00+05:30
2026-04-02 00:00:00+05:30,RELIANCE-EQ,1350.5,-0.0002221399481673,0,0,0.3514939025076062,0.6485060974923937,3,2025-09-23 00:00:00+05:30,2026-01-30 00:00:00+05:30,2026-02-01 00:00:00+05:30,2026-04-02 00:00:00+05:30
2026-04-06 00:00:00+05:30,ITC-EQ,294.85,0.0128879091063252,1,1,0.6737617370926186,0.32623826290738145,4,2025-09-23 00:00:00+05:30,2026-04-02 00:00:00+05:30,2026-04-06 00:00:00+05:30,2026-06-05 00:00:00+05:30
2026-04-06 00:00:00+05:30,RELIANCE-EQ,1304.7,0.0079711811144322,1,0,0.4121777632215164,0.5878222367784836,4,2025-09-23 00:00:00+05:30,2026-04-02 00:00:00+05:30,2026-04-06 00:00:00+05:30,2026-06-05 00:00:00+05:30
2026-04-06 00:00:00+05:30,SBIN-EQ,1032.75,0.0298232873396271,1,1,0.5729821085581238,0.4270178914418762,4,2025-09-23 00:00:00+05:30,2026-04-02 00:00:00+05:30,2026-04-06 00:00:00+05:30,2026-06-05 00:00:00+05:30
2026-04-06 00:00:00+05:30,SUZLON-EQ,41.59,0.1026689107958642,1,1,0.5005973739504204,0.49940262604957963,4,2025-09-23 00:00:00+05:30,2026-04-02 00:00:00+05:30,2026-04-06 00:00:00+05:30,2026-06-05 00:00:00+05:30
2026-04-06 00:00:00+05:30,TATAMOTORS-EQ,307.4,0.1239427456083279,1,0,0.41620915750446197,0.583790842495538,4,2025-09-23 00:00:00+05:30,2026-04-02 00:00:00+05:30,2026-04-06 00:00:00+05:30,2026-06-05 00:00:00+05:30
2026-04-07 00:00:00+05:30,TATAMOTORS-EQ,308.7,0.1593780369290574,1,1,0.5352566533966379,0.46474334660336214,4,2025-09-23 00:00:00+05:30,2026-04-02 00:00:00+05:30,2026-04-06 00:00:00+05:30,2026-06-05 00:00:00+05:30
2026-04-07 00:00:00+05:30,SUZLON-EQ,41.55,0.1824308062575212,1,0,0.32632566505458255,0.6736743349454175,4,2025-09-23 00:00:00+05:30,2026-04-02 00:00:00+05:30,2026-04-06 00:00:00+05:30,2026-06-05 00:00:00+05:30
2026-04-07 00:00:00+05:30,RELIANCE-EQ,1304.6,0.0302774796872604,1,0,0.46343309447496284,0.5365669055250372,4,2025-09-23 00:00:00+05:30,2026-04-02 00:00:00+05:30,2026-04-06 00:00:00+05:30,2026-06-05 00:00:00+05:30
2026-04-07 00:00:00+05:30,ITC-EQ,298.45,0.0120623219969844,1,1,0.5704527936234527,0.4295472063765473,4,2025-09-23 00:00:00+05:30,2026-04-02 00:00:00+05:30,2026-04-06 00:00:00+05:30,2026-06-05 00:00:00+05:30
2026-04-07 00:00:00+05:30,SBIN-EQ,1030.4,0.0398874223602483,1,1,0.6114795145793224,0.38852048542067763,4,2025-09-23 00:00:00+05:30,2026-04-02 00:00:00+05:30,2026-04-06 00:00:00+05:30,2026-06-05 00:00:00+05:30
2026-04-08 00:00:00+05:30,TATAMOTORS-EQ,334.75,0.0643764002987303,1,1,0.5858826260014008,0.41411737399859916,4,2025-09-23 00:00:00+05:30,2026-04-02 00:00:00+05:30,2026-04-06 00:00:00+05:30,2026-06-05 00:00:00+05:30
2026-04-08 00:00:00+05:30,ITC-EQ,302.45,0.0031410150438089,1,1,0.5418654824300269,0.45813451756997314,4,2025-09-23 00:00:00+05:30,2026-04-02 00:00:00+05:30,2026-04-06 00:00:00+05:30,2026-06-05 00:00:00+05:30
2026-04-08 00:00:00+05:30,RELIANCE-EQ,1347.8,-0.0033387742988574,0,0,0.4991127617614856,0.5008872382385143,4,2025-09-23 00:00:00+05:30,2026-04-02 00:00:00+05:30,2026-04-06 00:00:00+05:30,2026-06-05 00:00:00+05:30
2026-04-08 00:00:00+05:30,SBIN-EQ,1061.45,0.0053700127184512,1,1,0.7300058240801516,0.2699941759198484,4,2025-09-23 00:00:00+05:30,2026-04-02 00:00:00+05:30,2026-04-06 00:00:00+05:30,2026-06-05 00:00:00+05:30
2026-04-08 00:00:00+05:30,SUZLON-EQ,44.23,0.1361067148993895,1,0,0.39607627681487534,0.6039237231851247,4,2025-09-23 00:00:00+05:30,2026-04-02 00:00:00+05:30,2026-04-06 00:00:00+05:30,2026-06-05 00:00:00+05:30
2026-04-09 00:00:00+05:30,TATAMOTORS-EQ,333.25,0.0805701425356339,1,0,0.4637333214378195,0.5362666785621806,4,2025-09-23 00:00:00+05:30,2026-04-02 00:00:00+05:30,2026-04-06 00:00:00+05:30,2026-06-05 00:00:00+05:30
2026-04-09 00:00:00+05:30,SUZLON-EQ,44.23,0.196699073027357,1,0,0.3706301974521917,0.6293698025478083,4,2025-09-23 00:00:00+05:30,2026-04-02 00:00:00+05:30,2026-04-06 00:00:00+05:30,2026-06-05 00:00:00+05:30
2026-04-09 00:00:00+05:30,SBIN-EQ,1040.95,0.0377539747346173,1,1,0.5787462434821949,0.42125375651780506,4,2025-09-23 00:00:00+05:30,2026-04-02 00:00:00+05:30,2026-04-06 00:00:00+05:30,2026-06-05 00:00:00+05:30
2026-04-09 00:00:00+05:30,RELIANCE-EQ,1330.0,0.0263157894736842,1,0,0.34485424289880984,0.6551457571011902,4,2025-09-23 00:00:00+05:30,2026-04-02 00:00:00+05:30,2026-04-06 00:00:00+05:30,2026-06-05 00:00:00+05:30
2026-04-09 00:00:00+05:30,ITC-EQ,303.0,0.0125412541254126,1,0,0.4869976891791618,0.5130023108208381,4,2025-09-23 00:00:00+05:30,2026-04-02 00:00:00+05:30,2026-04-06 00:00:00+05:30,2026-06-05 00:00:00+05:30
2026-04-10 00:00:00+05:30,ITC-EQ,304.25,0.0024650780608053,1,0,0.4719776641248825,0.5280223358751175,4,2025-09-23 00:00:00+05:30,2026-04-02 00:00:00+05:30,2026-04-06 00:00:00+05:30,2026-06-05 00:00:00+05:30
2026-04-10 00:00:00+05:30,RELIANCE-EQ,1350.2,0.0097022663309138,1,0,0.4359476082418752,0.5640523917581248,4,2025-09-23 00:00:00+05:30,2026-04-02 00:00:00+05:30,2026-04-06 00:00:00+05:30,2026-06-05 00:00:00+05:30
2026-04-10 00:00:00+05:30,SBIN-EQ,1066.7,0.0385769194712664,1,1,0.6603355349844643,0.3396644650155357,4,2025-09-23 00:00:00+05:30,2026-04-02 00:00:00+05:30,2026-04-06 00:00:00+05:30,2026-06-05 00:00:00+05:30
2026-04-10 00:00:00+05:30,SUZLON-EQ,45.32,0.1584289496910855,1,0,0.3857895675950176,0.6142104324049824,4,2025-09-23 00:00:00+05:30,2026-04-02 00:00:00+05:30,2026-04-06 00:00:00+05:30,2026-06-05 00:00:00+05:30
2026-04-10 00:00:00+05:30,TATAMOTORS-EQ,342.6,0.0382370110916518,1,0,0.49808796833762237,0.5019120316623776,4,2025-09-23 00:00:00+05:30,2026-04-02 00:00:00+05:30,2026-04-06 00:00:00+05:30,2026-06-05 00:00:00+05:30
2026-04-13 00:00:00+05:30,ITC-EQ,298.65,0.0368324125230201,1,1,0.5235388002915103,0.47646119970848966,4,2025-09-23 00:00:00+05:30,2026-04-02 00:00:00+05:30,2026-04-06 00:00:00+05:30,2026-06-05 00:00:00+05:30
2026-04-13 00:00:00+05:30,RELIANCE-EQ,1315.1,0.0290472207436696,1,0,0.43604058140947594,0.5639594185905241,4,2025-09-23 00:00:00+05:30,2026-04-02 00:00:00+05:30,2026-04-06 00:00:00+05:30,2026-06-05 00:00:00+05:30
2026-04-13 00:00:00+05:30,SBIN-EQ,1063.55,0.0454139438672369,1,1,0.5829701137282467,0.4170298862717533,4,2025-09-23 00:00:00+05:30,2026-04-02 00:00:00+05:30,2026-04-06 00:00:00+05:30,2026-06-05 00:00:00+05:30
2026-04-13 00:00:00+05:30,SUZLON-EQ,45.86,0.1578717836894898,1,0,0.42092165543076926,0.5790783445692307,4,2025-09-23 00:00:00+05:30,2026-04-02 00:00:00+05:30,2026-04-06 00:00:00+05:30,2026-06-05 00:00:00+05:30
2026-04-13 00:00:00+05:30,TATAMOTORS-EQ,345.5,0.0301013024602025,1,1,0.5533833572726,0.4466166427274,4,2025-09-23 00:00:00+05:30,2026-04-02 00:00:00+05:30,2026-04-06 00:00:00+05:30,2026-06-05 00:00:00+05:30
2026-04-15 00:00:00+05:30,TATAMOTORS-EQ,357.9,0.011036602402906,1,1,0.5535372781123408,0.44646272188765923,4,2025-09-23 00:00:00+05:30,2026-04-02 00:00:00+05:30,2026-04-06 00:00:00+05:30,2026-06-05 00:00:00+05:30
2026-04-15 00:00:00+05:30,SUZLON-EQ,49.13,0.1107266435986158,1,0,0.464818737090796,0.535181262909204,4,2025-09-23 00:00:00+05:30,2026-04-02 00:00:00+05:30,2026-04-06 00:00:00+05:30,2026-06-05 00:00:00+05:30
2026-04-15 00:00:00+05:30,RELIANCE-EQ,1344.1,0.0133918607246483,1,0,0.4800937056978311,0.5199062943021688,4,2025-09-23 00:00:00+05:30,2026-04-02 00:00:00+05:30,2026-04-06 00:00:00+05:30,2026-06-05 00:00:00+05:30
2026-04-15 00:00:00+05:30,ITC-EQ,302.05,0.0114219500082768,1,0,0.4157325513330207,0.5842674486669793,4,2025-09-23 00:00:00+05:30,2026-04-02 00:00:00+05:30,2026-04-06 00:00:00+05:30,2026-06-05 00:00:00+05:30
2026-04-15 00:00:00+05:30,SBIN-EQ,1071.5,0.0296780214652356,1,1,0.6448834416101158,0.3551165583898842,4,2025-09-23 00:00:00+05:30,2026-04-02 00:00:00+05:30,2026-04-06 00:00:00+05:30,2026-06-05 00:00:00+05:30
2026-04-16 00:00:00+05:30,ITC-EQ,303.4,0.0062623599208966,1,0,0.34757361430281686,0.6524263856971831,4,2025-09-23 00:00:00+05:30,2026-04-02 00:00:00+05:30,2026-04-06 00:00:00+05:30,2026-06-05 00:00:00+05:30
2026-04-16 00:00:00+05:30,RELIANCE-EQ,1343.3,7.444353457919384e-05,1,0,0.4364794258925387,0.5635205741074614,4,2025-09-23 00:00:00+05:30,2026-04-02 00:00:00+05:30,2026-04-06 00:00:00+05:30,2026-06-05 00:00:00+05:30
2026-04-16 00:00:00+05:30,SBIN-EQ,1067.15,0.0253947430070748,1,0,0.47371948405243236,0.5262805159475676,4,2025-09-23 00:00:00+05:30,2026-04-02 00:00:00+05:30,2026-04-06 00:00:00+05:30,2026-06-05 00:00:00+05:30
2026-04-16 00:00:00+05:30,SUZLON-EQ,50.25,0.0692537313432835,1,0,0.38997032310239876,0.6100296768976012,4,2025-09-23 00:00:00+05:30,2026-04-02 00:00:00+05:30,2026-04-06 00:00:00+05:30,2026-06-05 00:00:00+05:30
2026-04-16 00:00:00+05:30,TATAMOTORS-EQ,356.3,-0.0122088127982038,0,0,0.4765760085173326,0.5234239914826674,4,2025-09-23 00:00:00+05:30,2026-04-02 00:00:00+05:30,2026-04-06 00:00:00+05:30,2026-06-05 00:00:00+05:30
2026-04-17 00:00:00+05:30,ITC-EQ,306.8,-0.0169491525423728,0,0,0.3585382489907307,0.6414617510092693,4,2025-09-23 00:00:00+05:30,2026-04-02 00:00:00+05:30,2026-04-06 00:00:00+05:30,2026-06-05 00:00:00+05:30
2026-04-17 00:00:00+05:30,RELIANCE-EQ,1365.0,-0.0272527472527472,0,0,0.4254590681073675,0.5745409318926324,4,2025-09-23 00:00:00+05:30,2026-04-02 00:00:00+05:30,2026-04-06 00:00:00+05:30,2026-06-05 00:00:00+05:30
2026-04-17 00:00:00+05:30,SBIN-EQ,1080.25,0.0193010877111778,1,1,0.5807849758576552,0.4192150241423448,4,2025-09-23 00:00:00+05:30,2026-04-02 00:00:00+05:30,2026-04-06 00:00:00+05:30,2026-06-05 00:00:00+05:30
2026-04-17 00:00:00+05:30,SUZLON-EQ,52.93,0.0185150198375212,1,0,0.4599572728469789,0.540042727153021,4,2025-09-23 00:00:00+05:30,2026-04-02 00:00:00+05:30,2026-04-06 00:00:00+05:30,2026-06-05 00:00:00+05:30
2026-04-17 00:00:00+05:30,TATAMOTORS-EQ,360.1,-0.0266592613163011,0,0,0.4638851841295936,0.5361148158704063,4,2025-09-23 00:00:00+05:30,2026-04-02 00:00:00+05:30,2026-04-06 00:00:00+05:30,2026-06-05 00:00:00+05:30
2026-04-20 00:00:00+05:30,SUZLON-EQ,52.5,0.0843809523809524,1,0,0.4221068896369806,0.5778931103630194,4,2025-09-23 00:00:00+05:30,2026-04-02 00:00:00+05:30,2026-04-06 00:00:00+05:30,2026-06-05 00:00:00+05:30
2026-04-20 00:00:00+05:30,SBIN-EQ,1107.85,0.0036105971024957,1,1,0.648883446723171,0.351116553276829,4,2025-09-23 00:00:00+05:30,2026-04-02 00:00:00+05:30,2026-04-06 00:00:00+05:30,2026-06-05 00:00:00+05:30
2026-04-20 00:00:00+05:30,TATAMOTORS-EQ,355.7,-0.0037953331459094,0,0,0.4413166476916548,0.5586833523083452,4,2025-09-23 00:00:00+05:30,2026-04-02 00:00:00+05:30,2026-04-06 00:00:00+05:30,2026-06-05 00:00:00+05:30
2026-04-20 00:00:00+05:30,ITC-EQ,305.0,-0.0037704918032785,0,0,0.45428973390840793,0.545710266091592,4,2025-09-23 00:00:00+05:30,2026-04-02 00:00:00+05:30,2026-04-06 00:00:00+05:30,2026-06-05 00:00:00+05:30
2026-04-20 00:00:00+05:30,RELIANCE-EQ,1363.3,0.0018337856671313,1,0,0.3765961071653826,0.6234038928346174,4,2025-09-23 00:00:00+05:30,2026-04-02 00:00:00+05:30,2026-04-06 00:00:00+05:30,2026-06-05 00:00:00+05:30
2026-04-21 00:00:00+05:30,ITC-EQ,309.65,-0.0167931535604715,0,0,0.45338903439776024,0.5466109656022398,4,2025-09-23 00:00:00+05:30,2026-04-02 00:00:00+05:30,2026-04-06 00:00:00+05:30,2026-06-05 00:00:00+05:30
2026-04-21 00:00:00+05:30,RELIANCE-EQ,1353.3,0.0263060666518881,1,0,0.49484942142966426,0.5051505785703357,4,2025-09-23 00:00:00+05:30,2026-04-02 00:00:00+05:30,2026-04-06 00:00:00+05:30,2026-06-05 00:00:00+05:30
2026-04-21 00:00:00+05:30,SBIN-EQ,1111.85,-0.0184827089985158,0,1,0.6342988875530071,0.3657011124469929,4,2025-09-23 00:00:00+05:30,2026-04-02 00:00:00+05:30,2026-04-06 00:00:00+05:30,2026-06-05 00:00:00+05:30
2026-04-21 00:00:00+05:30,SUZLON-EQ,53.1,0.0794726930320151,1,0,0.40790447027271903,0.592095529727281,4,2025-09-23 00:00:00+05:30,2026-04-02 00:00:00+05:30,2026-04-06 00:00:00+05:30,2026-06-05 00:00:00+05:30
2026-04-21 00:00:00+05:30,TATAMOTORS-EQ,355.9,-0.0143298679404325,0,0,0.46390961594940877,0.5360903840505913,4,2025-09-23 00:00:00+05:30,2026-04-02 00:00:00+05:30,2026-04-06 00:00:00+05:30,2026-06-05 00:00:00+05:30
2026-04-22 00:00:00+05:30,ITC-EQ,305.5,0.0351882160392797,1,0,0.30383219948182183,0.6961678005181782,4,2025-09-23 00:00:00+05:30,2026-04-02 00:00:00+05:30,2026-04-06 00:00:00+05:30,2026-06-05 00:00:00+05:30
2026-04-22 00:00:00+05:30,RELIANCE-EQ,1362.1,0.0464723588576463,1,0,0.4833271720641713,0.5166728279358287,4,2025-09-23 00:00:00+05:30,2026-04-02 00:00:00+05:30,2026-04-06 00:00:00+05:30,2026-06-05 00:00:00+05:30
2026-04-22 00:00:00+05:30,SBIN-EQ,1103.3,-0.0148644974168402,0,1,0.5886320204353505,0.41136797956464954,4,2025-09-23 00:00:00+05:30,2026-04-02 00:00:00+05:30,2026-04-06 00:00:00+05:30,2026-06-05 00:00:00+05:30
2026-04-22 00:00:00+05:30,SUZLON-EQ,54.57,0.041048194978926,1,0,0.3998792707309755,0.6001207292690245,4,2025-09-23 00:00:00+05:30,2026-04-02 00:00:00+05:30,2026-04-06 00:00:00+05:30,2026-06-05 00:00:00+05:30
2026-04-22 00:00:00+05:30,TATAMOTORS-EQ,361.85,-0.0252867210169961,0,0,0.40164710965816985,0.5983528903418301,4,2025-09-23 00:00:00+05:30,2026-04-02 00:00:00+05:30,2026-04-06 00:00:00+05:30,2026-06-05 00:00:00+05:30
2026-04-23 00:00:00+05:30,SUZLON-EQ,53.73,0.034431416340964,1,0,0.4017595562810429,0.5982404437189571,4,2025-09-23 00:00:00+05:30,2026-04-02 00:00:00+05:30,2026-04-06 00:00:00+05:30,2026-06-05 00:00:00+05:30
2026-04-23 00:00:00+05:30,SBIN-EQ,1094.25,-0.0235777930089101,0,1,0.5730074140975611,0.42699258590243894,4,2025-09-23 00:00:00+05:30,2026-04-02 00:00:00+05:30,2026-04-06 00:00:00+05:30,2026-06-05 00:00:00+05:30
2026-04-23 00:00:00+05:30,TATAMOTORS-EQ,351.95,-0.0295496519391958,0,0,0.23644312788718083,0.7635568721128192,4,2025-09-23 00:00:00+05:30,2026-04-02 00:00:00+05:30,2026-04-06 00:00:00+05:30,2026-06-05 00:00:00+05:30
2026-04-23 00:00:00+05:30,ITC-EQ,305.3,0.0314444808385194,1,0,0.3871009850169303,0.6128990149830698,4,2025-09-23 00:00:00+05:30,2026-04-02 00:00:00+05:30,2026-04-06 00:00:00+05:30,2026-06-05 00:00:00+05:30
2026-04-23 00:00:00+05:30,RELIANCE-EQ,1343.4,0.0650588060145898,1,0,0.46246009268535604,0.537539907314644,4,2025-09-23 00:00:00+05:30,2026-04-02 00:00:00+05:30,2026-04-06 00:00:00+05:30,2026-06-05 00:00:00+05:30
2026-04-24 00:00:00+05:30,ITC-EQ,301.6,0.0314986737400531,1,0,0.19915916110547852,0.8008408388945215,4,2025-09-23 00:00:00+05:30,2026-04-02 00:00:00+05:30,2026-04-06 00:00:00+05:30,2026-06-05 00:00:00+05:30
2026-04-24 00:00:00+05:30,RELIANCE-EQ,1327.8,0.1018978761861726,1,0,0.3532477130653368,0.6467522869346631,4,2025-09-23 00:00:00+05:30,2026-04-02 00:00:00+05:30,2026-04-06 00:00:00+05:30,2026-06-05 00:00:00+05:30
2026-04-24 00:00:00+05:30,SBIN-EQ,1101.1,-0.0296975751521204,0,1,0.559490561866208,0.44050943813379195,4,2025-09-23 00:00:00+05:30,2026-04-02 00:00:00+05:30,2026-04-06 00:00:00+05:30,2026-06-05 00:00:00+05:30
2026-04-24 00:00:00+05:30,SUZLON-EQ,53.91,0.0194769059543684,1,0,0.3218294731867887,0.6781705268132113,4,2025-09-23 00:00:00+05:30,2026-04-02 00:00:00+05:30,2026-04-06 00:00:00+05:30,2026-06-05 00:00:00+05:30
2026-04-24 00:00:00+05:30,TATAMOTORS-EQ,350.5,-0.0212553495007132,0,0,0.26482201733048477,0.7351779826695153,4,2025-09-23 00:00:00+05:30,2026-04-02 00:00:00+05:30,2026-04-06 00:00:00+05:30,2026-06-05 00:00:00+05:30
2026-04-27 00:00:00+05:30,TATAMOTORS-EQ,354.35,-0.040073373782983,0,0,0.29643699330331547,0.7035630066966845,4,2025-09-23 00:00:00+05:30,2026-04-02 00:00:00+05:30,2026-04-06 00:00:00+05:30,2026-06-05 00:00:00+05:30
2026-04-27 00:00:00+05:30,SUZLON-EQ,56.93,-0.0365360969611803,0,0,0.45427822785815114,0.5457217721418488,4,2025-09-23 00:00:00+05:30,2026-04-02 00:00:00+05:30,2026-04-06 00:00:00+05:30,2026-06-05 00:00:00+05:30
2026-04-27 00:00:00+05:30,SBIN-EQ,1111.85,-0.0467239285874891,0,1,0.5423036356853576,0.45769636431464245,4,2025-09-23 00:00:00+05:30,2026-04-02 00:00:00+05:30,2026-04-06 00:00:00+05:30,2026-06-05 00:00:00+05:30
2026-04-27 00:00:00+05:30,ITC-EQ,303.85,0.0250123416159286,1,0,0.3664619317855695,0.6335380682144305,4,2025-09-23 00:00:00+05:30,2026-04-02 00:00:00+05:30,2026-04-06 00:00:00+05:30,2026-06-05 00:00:00+05:30
2026-04-27 00:00:00+05:30,RELIANCE-EQ,1365.8,0.0716063845365353,1,1,0.5270377606488995,0.4729622393511005,4,2025-09-23 00:00:00+05:30,2026-04-02 00:00:00+05:30,2026-04-06 00:00:00+05:30,2026-06-05 00:00:00+05:30
2026-04-28 00:00:00+05:30,ITC-EQ,304.45,0.0205288224667432,1,0,0.3526163876639063,0.6473836123360937,4,2025-09-23 00:00:00+05:30,2026-04-02 00:00:00+05:30,2026-04-06 00:00:00+05:30,2026-06-05 00:00:00+05:30
2026-04-28 00:00:00+05:30,RELIANCE-EQ,1388.9,0.0352797177622579,1,0,0.45092198474796985,0.5490780152520301,4,2025-09-23 00:00:00+05:30,2026-04-02 00:00:00+05:30,2026-04-06 00:00:00+05:30,2026-06-05 00:00:00+05:30
2026-04-28 00:00:00+05:30,SBIN-EQ,1091.3,0.0043067900668927,1,0,0.43476534204213446,0.5652346579578655,4,2025-09-23 00:00:00+05:30,2026-04-02 00:00:00+05:30,2026-04-06 00:00:00+05:30,2026-06-05 00:00:00+05:30
2026-04-28 00:00:00+05:30,SUZLON-EQ,57.32,-0.052337752965806,0,0,0.3969064552731562,0.6030935447268437,4,2025-09-23 00:00:00+05:30,2026-04-02 00:00:00+05:30,2026-04-06 00:00:00+05:30,2026-06-05 00:00:00+05:30
2026-04-28 00:00:00+05:30,TATAMOTORS-EQ,350.8,0.0209521094640821,1,0,0.25871577650464406,0.7412842234953559,4,2025-09-23 00:00:00+05:30,2026-04-02 00:00:00+05:30,2026-04-06 00:00:00+05:30,2026-06-05 00:00:00+05:30
2026-04-29 00:00:00+05:30,SUZLON-EQ,56.81,-0.0204189403274072,0,0,0.39696386550140456,0.6030361344985955,4,2025-09-23 00:00:00+05:30,2026-04-02 00:00:00+05:30,2026-04-06 00:00:00+05:30,2026-06-05 00:00:00+05:30
2026-04-29 00:00:00+05:30,SBIN-EQ,1086.9,0.0046922439966876,1,1,0.5249560142669423,0.4750439857330577,4,2025-09-23 00:00:00+05:30,2026-04-02 00:00:00+05:30,2026-04-06 00:00:00+05:30,2026-06-05 00:00:00+05:30
2026-04-29 00:00:00+05:30,TATAMOTORS-EQ,352.7,0.0185710235327474,1,0,0.19191539885338613,0.8080846011466138,4,2025-09-23 00:00:00+05:30,2026-04-02 00:00:00+05:30,2026-04-06 00:00:00+05:30,2026-06-05 00:00:00+05:30
2026-04-29 00:00:00+05:30,ITC-EQ,316.25,-0.0279841897233202,0,0,0.4720200281300717,0.5279799718699283,4,2025-09-23 00:00:00+05:30,2026-04-02 00:00:00+05:30,2026-04-06 00:00:00+05:30,2026-06-05 00:00:00+05:30
2026-04-29 00:00:00+05:30,RELIANCE-EQ,1425.4,0.0075768205416022,1,1,0.5202415768987859,0.4797584231012141,4,2025-09-23 00:00:00+05:30,2026-04-02 00:00:00+05:30,2026-04-06 00:00:00+05:30,2026-06-05 00:00:00+05:30
2026-04-30 00:00:00+05:30,ITC-EQ,314.9,-0.0236583042235629,0,0,0.4629822145845212,0.5370177854154787,4,2025-09-23 00:00:00+05:30,2026-04-02 00:00:00+05:30,2026-04-06 00:00:00+05:30,2026-06-05 00:00:00+05:30
2026-04-30 00:00:00+05:30,RELIANCE-EQ,1430.8,0.0030752026838132,1,1,0.5350108198859722,0.4649891801140278,4,2025-09-23 00:00:00+05:30,2026-04-02 00:00:00+05:30,2026-04-06 00:00:00+05:30,2026-06-05 00:00:00+05:30
2026-04-30 00:00:00+05:30,SBIN-EQ,1068.45,-0.0460012167158033,0,0,0.37779263332058033,0.6222073666794197,4,2025-09-23 00:00:00+05:30,2026-04-02 00:00:00+05:30,2026-04-06 00:00:00+05:30,2026-06-05 00:00:00+05:30
2026-04-30 00:00:00+05:30,SUZLON-EQ,55.58,-0.010975170924793,0,0,0.36733191952101485,0.6326680804789852,4,2025-09-23 00:00:00+05:30,2026-04-02 00:00:00+05:30,2026-04-06 00:00:00+05:30,2026-06-05 00:00:00+05:30
2026-04-30 00:00:00+05:30,TATAMOTORS-EQ,341.55,0.0406968233055189,1,0,0.2770498726732825,0.7229501273267175,4,2025-09-23 00:00:00+05:30,2026-04-02 00:00:00+05:30,2026-04-06 00:00:00+05:30,2026-06-05 00:00:00+05:30
2026-05-04 00:00:00+05:30,ITC-EQ,311.1,-0.0168756027000964,0,0,0.3705152334350761,0.6294847665649239,4,2025-09-23 00:00:00+05:30,2026-04-02 00:00:00+05:30,2026-04-06 00:00:00+05:30,2026-06-05 00:00:00+05:30
2026-05-04 00:00:00+05:30,RELIANCE-EQ,1463.1,-0.0511926730913812,0,1,0.5553388958886988,0.4446611041113012,4,2025-09-23 00:00:00+05:30,2026-04-02 00:00:00+05:30,2026-04-06 00:00:00+05:30,2026-06-05 00:00:00+05:30
2026-05-04 00:00:00+05:30,SBIN-EQ,1068.4,-0.0887308124298016,0,0,0.4448254640841118,0.5551745359158882,4,2025-09-23 00:00:00+05:30,2026-04-02 00:00:00+05:30,2026-04-06 00:00:00+05:30,2026-06-05 00:00:00+05:30
2026-05-04 00:00:00+05:30,SUZLON-EQ,54.96,-0.0302037845705969,0,0,0.35743288162777137,0.6425671183722286,4,2025-09-23 00:00:00+05:30,2026-04-02 00:00:00+05:30,2026-04-06 00:00:00+05:30,2026-06-05 00:00:00+05:30
2026-05-04 00:00:00+05:30,TATAMOTORS-EQ,343.05,0.0085993295437982,1,0,0.20615131166919387,0.7938486883308061,4,2025-09-23 00:00:00+05:30,2026-04-02 00:00:00+05:30,2026-04-06 00:00:00+05:30,2026-06-05 00:00:00+05:30
2026-05-05 00:00:00+05:30,SUZLON-EQ,54.85,-0.0607110300820419,0,0,0.32987899741151483,0.6701210025884852,4,2025-09-23 00:00:00+05:30,2026-04-02 00:00:00+05:30,2026-04-06 00:00:00+05:30,2026-06-05 00:00:00+05:30
2026-05-05 00:00:00+05:30,SBIN-EQ,1059.9,-0.0804792904991037,0,0,0.4466634682524125,0.5533365317475876,4,2025-09-23 00:00:00+05:30,2026-04-02 00:00:00+05:30,2026-04-06 00:00:00+05:30,2026-06-05 00:00:00+05:30
2026-05-05 00:00:00+05:30,TATAMOTORS-EQ,340.15,-0.0097016022343082,0,0,0.25143757188081284,0.7485624281191872,4,2025-09-23 00:00:00+05:30,2026-04-02 00:00:00+05:30,2026-04-06 00:00:00+05:30,2026-06-05 00:00:00+05:30
2026-05-05 00:00:00+05:30,ITC-EQ,311.45,-0.0345159736715363,0,0,0.37160758703317476,0.6283924129668252,4,2025-09-23 00:00:00+05:30,2026-04-02 00:00:00+05:30,2026-04-06 00:00:00+05:30,2026-06-05 00:00:00+05:30
2026-05-05 00:00:00+05:30,RELIANCE-EQ,1463.6,-0.0680513801585132,0,1,0.5442513166354437,0.4557486833645563,4,2025-09-23 00:00:00+05:30,2026-04-02 00:00:00+05:30,2026-04-06 00:00:00+05:30,2026-06-05 00:00:00+05:30
2026-05-06 00:00:00+05:30,TATAMOTORS-EQ,358.15,-0.0594722881474241,0,0,0.38886245284449394,0.6111375471555061,4,2025-09-23 00:00:00+05:30,2026-04-02 00:00:00+05:30,2026-04-06 00:00:00+05:30,2026-06-05 00:00:00+05:30
2026-05-06 00:00:00+05:30,SUZLON-EQ,54.32,-0.022459499263623,0,0,0.35945607158333415,0.6405439284166659,4,2025-09-23 00:00:00+05:30,2026-04-02 00:00:00+05:30,2026-04-06 00:00:00+05:30,2026-06-05 00:00:00+05:30
2026-05-06 00:00:00+05:30,ITC-EQ,310.7,-0.020115867396202,0,0,0.3443461694664765,0.6556538305335236,4,2025-09-23 00:00:00+05:30,2026-04-02 00:00:00+05:30,2026-04-06 00:00:00+05:30,2026-06-05 00:00:00+05:30
2026-05-06 00:00:00+05:30,RELIANCE-EQ,1437.9,-0.0550107796091523,0,0,0.4099462985523809,0.590053701447619,4,2025-09-23 00:00:00+05:30,2026-04-02 00:00:00+05:30,2026-04-06 00:00:00+05:30,2026-06-05 00:00:00+05:30
2026-05-06 00:00:00+05:30,SBIN-EQ,1096.0,-0.1148722627737226,0,1,0.5754342962946262,0.42456570370537383,4,2025-09-23 00:00:00+05:30,2026-04-02 00:00:00+05:30,2026-04-06 00:00:00+05:30,2026-06-05 00:00:00+05:30
2026-05-07 00:00:00+05:30,ITC-EQ,307.4,-0.0006506180871828,0,0,0.22576540787636612,0.7742345921236339,4,2025-09-23 00:00:00+05:30,2026-04-02 00:00:00+05:30,2026-04-06 00:00:00+05:30,2026-06-05 00:00:00+05:30
2026-05-07 00:00:00+05:30,RELIANCE-EQ,1436.2,-0.0518033700041777,0,0,0.3440643703437175,0.6559356296562825,4,2025-09-23 00:00:00+05:30,2026-04-02 00:00:00+05:30,2026-04-06 00:00:00+05:30,2026-06-05 00:00:00+05:30
2026-05-07 00:00:00+05:30,SUZLON-EQ,55.65,-0.0391734052111411,0,0,0.4208351575876371,0.5791648424123629,4,2025-09-23 00:00:00+05:30,2026-04-02 00:00:00+05:30,2026-04-06 00:00:00+05:30,2026-06-05 00:00:00+05:30
2026-05-07 00:00:00+05:30,TATAMOTORS-EQ,359.25,-0.057063326374391,0,0,0.36910187778624554,0.6308981222137544,4,2025-09-23 00:00:00+05:30,2026-04-02 00:00:00+05:30,2026-04-06 00:00:00+05:30,2026-06-05 00:00:00+05:30
2026-05-07 00:00:00+05:30,SBIN-EQ,1092.0,-0.1026556776556776,0,0,0.4844458646031502,0.5155541353968498,4,2025-09-23 00:00:00+05:30,2026-04-02 00:00:00+05:30,2026-04-06 00:00:00+05:30,2026-06-05 00:00:00+05:30
2026-05-08 00:00:00+05:30,ITC-EQ,307.45,0.0065051227841925,1,0,0.2547291452710827,0.7452708547289173,4,2025-09-23 00:00:00+05:30,2026-04-02 00:00:00+05:30,2026-04-06 00:00:00+05:30,2026-06-05 00:00:00+05:30
2026-05-08 00:00:00+05:30,RELIANCE-EQ,1435.2,-0.0688405797101449,0,0,0.4115316628985544,0.5884683371014456,4,2025-09-23 00:00:00+05:30,2026-04-02 00:00:00+05:30,2026-04-06 00:00:00+05:30,2026-06-05 00:00:00+05:30
2026-05-08 00:00:00+05:30,SBIN-EQ,1019.3,-0.0550377710193269,0,0,0.48903957831792877,0.5109604216820712,4,2025-09-23 00:00:00+05:30,2026-04-02 00:00:00+05:30,2026-04-06 00:00:00+05:30,2026-06-05 00:00:00+05:30
2026-05-08 00:00:00+05:30,SUZLON-EQ,54.97,-0.0205566672730579,0,0,0.263751709738303,0.736248290261697,4,2025-09-23 00:00:00+05:30,2026-04-02 00:00:00+05:30,2026-04-06 00:00:00+05:30,2026-06-05 00:00:00+05:30
2026-05-08 00:00:00+05:30,TATAMOTORS-EQ,355.45,0.0030946687297792,1,0,0.417510200304567,0.582489799695433,4,2025-09-23 00:00:00+05:30,2026-04-02 00:00:00+05:30,2026-04-06 00:00:00+05:30,2026-06-05 00:00:00+05:30
2026-05-11 00:00:00+05:30,TATAMOTORS-EQ,346.0,0.0206647398843931,1,0,0.3250382393698029,0.6749617606301971,4,2025-09-23 00:00:00+05:30,2026-04-02 00:00:00+05:30,2026-04-06 00:00:00+05:30,2026-06-05 00:00:00+05:30
2026-05-11 00:00:00+05:30,SUZLON-EQ,53.3,-0.0009380863039398,0,0,0.33313473438376756,0.6668652656162324,4,2025-09-23 00:00:00+05:30,2026-04-02 00:00:00+05:30,2026-04-06 00:00:00+05:30,2026-06-05 00:00:00+05:30
2026-05-11 00:00:00+05:30,SBIN-EQ,973.6,-0.0351273623664749,0,0,0.43516986138971325,0.5648301386102867,4,2025-09-23 00:00:00+05:30,2026-04-02 00:00:00+05:30,2026-04-06 00:00:00+05:30,2026-06-05 00:00:00+05:30
2026-05-11 00:00:00+05:30,ITC-EQ,305.85,0.0140591793362758,1,0,0.31022969101968734,0.6897703089803127,4,2025-09-23 00:00:00+05:30,2026-04-02 00:00:00+05:30,2026-04-06 00:00:00+05:30,2026-06-05 00:00:00+05:30
2026-05-11 00:00:00+05:30,RELIANCE-EQ,1388.2,-0.0376746866445756,0,0,0.24983738627317276,0.7501626137268272,4,2025-09-23 00:00:00+05:30,2026-04-02 00:00:00+05:30,2026-04-06 00:00:00+05:30,2026-06-05 00:00:00+05:30
2026-05-12 00:00:00+05:30,ITC-EQ,300.7,0.0319255071499835,1,0,0.331415812930671,0.668584187069329,4,2025-09-23 00:00:00+05:30,2026-04-02 00:00:00+05:30,2026-04-06 00:00:00+05:30,2026-06-05 00:00:00+05:30
2026-05-12 00:00:00+05:30,RELIANCE-EQ,1364.0,-0.0302785923753665,0,0,0.3216533548912317,0.6783466451087683,4,2025-09-23 00:00:00+05:30,2026-04-02 00:00:00+05:30,2026-04-06 00:00:00+05:30,2026-06-05 00:00:00+05:30
2026-05-12 00:00:00+05:30,SBIN-EQ,974.6,-0.0264723989328956,0,0,0.4281051451246763,0.5718948548753238,4,2025-09-23 00:00:00+05:30,2026-04-02 00:00:00+05:30,2026-04-06 00:00:00+05:30,2026-06-05 00:00:00+05:30
2026-05-12 00:00:00+05:30,SUZLON-EQ,51.52,0.0269798136645962,1,0,0.39827645653172505,0.601723543468275,4,2025-09-23 00:00:00+05:30,2026-04-02 00:00:00+05:30,2026-04-06 00:00:00+05:30,2026-06-05 00:00:00+05:30
2026-05-12 00:00:00+05:30,TATAMOTORS-EQ,336.85,0.0722873682648062,1,0,0.34977627012887846,0.6502237298711215,4,2025-09-23 00:00:00+05:30,2026-04-02 00:00:00+05:30,2026-04-06 00:00:00+05:30,2026-06-05 00:00:00+05:30
2026-05-13 00:00:00+05:30,ITC-EQ,304.45,0.0101822959435047,1,0,0.34652159992138915,0.6534784000786109,4,2025-09-23 00:00:00+05:30,2026-04-02 00:00:00+05:30,2026-04-06 00:00:00+05:30,2026-06-05 00:00:00+05:30
2026-05-13 00:00:00+05:30,RELIANCE-EQ,1358.8,0.0006623491315866,1,0,0.24432986617104277,0.7556701338289572,4,2025-09-23 00:00:00+05:30,2026-04-02 00:00:00+05:30,2026-04-06 00:00:00+05:30,2026-06-05 00:00:00+05:30
2026-05-13 00:00:00+05:30,SBIN-EQ,970.1,-0.019791774043913,0,0,0.3577151250020068,0.6422848749979932,4,2025-09-23 00:00:00+05:30,2026-04-02 00:00:00+05:30,2026-04-06 00:00:00+05:30,2026-06-05 00:00:00+05:30
2026-05-13 00:00:00+05:30,SUZLON-EQ,53.1,-0.0099811676082862,0,0,0.4360724764434983,0.5639275235565018,4,2025-09-23 00:00:00+05:30,2026-04-02 00:00:00+05:30,2026-04-06 00:00:00+05:30,2026-06-05 00:00:00+05:30
2026-05-13 00:00:00+05:30,TATAMOTORS-EQ,336.85,0.0724358022858837,1,0,0.2336474157679812,0.7663525842320188,4,2025-09-23 00:00:00+05:30,2026-04-02 00:00:00+05:30,2026-04-06 00:00:00+05:30,2026-06-05 00:00:00+05:30
2026-05-14 00:00:00+05:30,SUZLON-EQ,53.47,-0.0112212455582569,0,0,0.3188754522724472,0.6811245477275528,4,2025-09-23 00:00:00+05:30,2026-04-02 00:00:00+05:30,2026-04-06 00:00:00+05:30,2026-06-05 00:00:00+05:30
2026-05-14 00:00:00+05:30,SBIN-EQ,979.9,-0.0295948566180223,0,0,0.3451276655550507,0.6548723344449493,4,2025-09-23 00:00:00+05:30,2026-04-02 00:00:00+05:30,2026-04-06 00:00:00+05:30,2026-06-05 00:00:00+05:30
2026-05-14 00:00:00+05:30,TATAMOTORS-EQ,338.75,0.0667158671586716,1,0,0.2159868177350419,0.7840131822649581,4,2025-09-23 00:00:00+05:30,2026-04-02 00:00:00+05:30,2026-04-06 00:00:00+05:30,2026-06-05 00:00:00+05:30
2026-05-14 00:00:00+05:30,ITC-EQ,307.2,0.0027669270833334,1,0,0.3992455047527107,0.6007544952472893,4,2025-09-23 00:00:00+05:30,2026-04-02 00:00:00+05:30,2026-04-06 00:00:00+05:30,2026-06-05 00:00:00+05:30
2026-05-14 00:00:00+05:30,RELIANCE-EQ,1361.8,-0.0089587310912028,0,0,0.28199172762026814,0.7180082723797319,4,2025-09-23 00:00:00+05:30,2026-04-02 00:00:00+05:30,2026-04-06 00:00:00+05:30,2026-06-05 00:00:00+05:30
2026-05-15 00:00:00+05:30,ITC-EQ,309.45,-0.0250444336726449,0,0,0.4014319894366965,0.5985680105633036,4,2025-09-23 00:00:00+05:30,2026-04-02 00:00:00+05:30,2026-04-06 00:00:00+05:30,2026-06-05 00:00:00+05:30
2026-05-15 00:00:00+05:30,RELIANCE-EQ,1336.4,0.0135438491469619,1,0,0.2648959463270662,0.7351040536729339,4,2025-09-23 00:00:00+05:30,2026-04-02 00:00:00+05:30,2026-04-06 00:00:00+05:30,2026-06-05 00:00:00+05:30
2026-05-15 00:00:00+05:30,SBIN-EQ,963.2,-0.0145348837209302,0,0,0.42460371904169697,0.5753962809583031,4,2025-09-23 00:00:00+05:30,2026-04-02 00:00:00+05:30,2026-04-06 00:00:00+05:30,2026-06-05 00:00:00+05:30
2026-05-15 00:00:00+05:30,SUZLON-EQ,53.84,-0.0016716196136702,0,0,0.32258256991404305,0.677417430085957,4,2025-09-23 00:00:00+05:30,2026-04-02 00:00:00+05:30,2026-04-06 00:00:00+05:30,2026-06-05 00:00:00+05:30
2026-05-15 00:00:00+05:30,TATAMOTORS-EQ,356.55,0.0190716589538635,1,0,0.3459236908565045,0.6540763091434956,4,2025-09-23 00:00:00+05:30,2026-04-02 00:00:00+05:30,2026-04-06 00:00:00+05:30,2026-06-05 00:00:00+05:30
2026-05-18 00:00:00+05:30,TATAMOTORS-EQ,353.15,0.0569163245079995,1,0,0.368233276109408,0.631766723890592,4,2025-09-23 00:00:00+05:30,2026-04-02 00:00:00+05:30,2026-04-06 00:00:00+05:30,2026-06-05 00:00:00+05:30
2026-05-18 00:00:00+05:30,SUZLON-EQ,53.25,0.0138967136150234,1,0,0.2402218066131082,0.7597781933868918,4,2025-09-23 00:00:00+05:30,2026-04-02 00:00:00+05:30,2026-04-06 00:00:00+05:30,2026-06-05 00:00:00+05:30
2026-05-18 00:00:00+05:30,SBIN-EQ,939.4,0.0321481796891633,1,0,0.401797643858471,0.5982023561415291,4,2025-09-23 00:00:00+05:30,2026-04-02 00:00:00+05:30,2026-04-06 00:00:00+05:30,2026-06-05 00:00:00+05:30
2026-05-18 00:00:00+05:30,ITC-EQ,310.15,-0.0199903272610026,0,0,0.37231271014873696,0.6276872898512631,4,2025-09-23 00:00:00+05:30,2026-04-02 00:00:00+05:30,2026-04-06 00:00:00+05:30,2026-06-05 00:00:00+05:30
2026-05-18 00:00:00+05:30,RELIANCE-EQ,1335.9,0.0232801856426378,1,0,0.3268533837210755,0.6731466162789246,4,2025-09-23 00:00:00+05:30,2026-04-02 00:00:00+05:30,2026-04-06 00:00:00+05:30,2026-06-05 00:00:00+05:30
2026-05-19 00:00:00+05:30,ITC-EQ,310.3,-0.0278762487914921,0,0,0.40740798966584235,0.5925920103341576,4,2025-09-23 00:00:00+05:30,2026-04-02 00:00:00+05:30,2026-04-06 00:00:00+05:30,2026-06-05 00:00:00+05:30
2026-05-19 00:00:00+05:30,RELIANCE-EQ,1322.7,0.0254025856203219,1,0,0.33105883263746355,0.6689411673625365,4,2025-09-23 00:00:00+05:30,2026-04-02 00:00:00+05:30,2026-04-06 00:00:00+05:30,2026-06-05 00:00:00+05:30
2026-05-19 00:00:00+05:30,SBIN-EQ,948.8,0.0207630691399662,1,0,0.4147436185263723,0.5852563814736277,4,2025-09-23 00:00:00+05:30,2026-04-02 00:00:00+05:30,2026-04-06 00:00:00+05:30,2026-06-05 00:00:00+05:30
2026-05-19 00:00:00+05:30,SUZLON-EQ,52.91,0.0315630315630315,1,0,0.22309828023030426,0.7769017197696957,4,2025-09-23 00:00:00+05:30,2026-04-02 00:00:00+05:30,2026-04-06 00:00:00+05:30,2026-06-05 00:00:00+05:30
2026-05-19 00:00:00+05:30,TATAMOTORS-EQ,361.2,0.0675526024363235,1,0,0.4561163532516436,0.5438836467483563,4,2025-09-23 00:00:00+05:30,2026-04-02 00:00:00+05:30,2026-04-06 00:00:00+05:30,2026-06-05 00:00:00+05:30
2026-05-20 00:00:00+05:30,TATAMOTORS-EQ,361.25,0.1098961937716263,1,0,0.4302731451555065,0.5697268548444935,4,2025-09-23 00:00:00+05:30,2026-04-02 00:00:00+05:30,2026-04-06 00:00:00+05:30,2026-06-05 00:00:00+05:30
2026-05-20 00:00:00+05:30,SUZLON-EQ,52.57,0.0943503899562487,1,0,0.23580846252061244,0.7641915374793875,4,2025-09-23 00:00:00+05:30,2026-04-02 00:00:00+05:30,2026-04-06 00:00:00+05:30,2026-06-05 00:00:00+05:30
2026-05-20 00:00:00+05:30,RELIANCE-EQ,1359.7,-0.0067661984261234,0,0,0.41231364184893876,0.5876863581510612,4,2025-09-23 00:00:00+05:30,2026-04-02 00:00:00+05:30,2026-04-06 00:00:00+05:30,2026-06-05 00:00:00+05:30
2026-05-20 00:00:00+05:30,ITC-EQ,307.55,-0.050723459600065,0,0,0.45343247412769916,0.5465675258723008,4,2025-09-23 00:00:00+05:30,2026-04-02 00:00:00+05:30,2026-04-06 00:00:00+05:30,2026-06-05 00:00:00+05:30
2026-05-20 00:00:00+05:30,SBIN-EQ,950.9,0.0177726364496793,1,0,0.48169878311909503,0.5183012168809049,4,2025-09-23 00:00:00+05:30,2026-04-02 00:00:00+05:30,2026-04-06 00:00:00+05:30,2026-06-05 00:00:00+05:30
2026-05-21 00:00:00+05:30,ITC-EQ,308.05,-0.0686576854406753,0,0,0.3000207677046074,0.6999792322953926,4,2025-09-23 00:00:00+05:30,2026-04-02 00:00:00+05:30,2026-04-06 00:00:00+05:30,2026-06-05 00:00:00+05:30
2026-05-21 00:00:00+05:30,RELIANCE-EQ,1349.6,-0.0210432720806164,0,0,0.362166099157743,0.637833900842257,4,2025-09-23 00:00:00+05:30,2026-04-02 00:00:00+05:30,2026-04-06 00:00:00+05:30,2026-06-05 00:00:00+05:30
2026-05-21 00:00:00+05:30,SBIN-EQ,950.9,0.0141970764538856,1,0,0.40726377444765854,0.5927362255523414,4,2025-09-23 00:00:00+05:30,2026-04-02 00:00:00+05:30,2026-04-06 00:00:00+05:30,2026-06-05 00:00:00+05:30
2026-05-21 00:00:00+05:30,SUZLON-EQ,52.87,0.0779269907319841,1,0,0.23894505950896128,0.7610549404910387,4,2025-09-23 00:00:00+05:30,2026-04-02 00:00:00+05:30,2026-04-06 00:00:00+05:30,2026-06-05 00:00:00+05:30
2026-05-21 00:00:00+05:30,TATAMOTORS-EQ,361.35,0.0900788709007884,1,0,0.452094404712587,0.547905595287413,4,2025-09-23 00:00:00+05:30,2026-04-02 00:00:00+05:30,2026-04-06 00:00:00+05:30,2026-06-05 00:00:00+05:30
2026-05-22 00:00:00+05:30,TATAMOTORS-EQ,363.35,0.0593092059997246,1,0,0.39754543496367406,0.602454565036326,4,2025-09-23 00:00:00+05:30,2026-04-02 00:00:00+05:30,2026-04-06 00:00:00+05:30,2026-06-05 00:00:00+05:30
2026-05-22 00:00:00+05:30,SBIN-EQ,949.2,0.0051622418879055,1,1,0.5186951086467539,0.48130489135324606,4,2025-09-23 00:00:00+05:30,2026-04-02 00:00:00+05:30,2026-04-06 00:00:00+05:30,2026-06-05 00:00:00+05:30
2026-05-22 00:00:00+05:30,SUZLON-EQ,53.75,0.0033488372093022,1,0,0.31110115413514794,0.6888988458648521,4,2025-09-23 00:00:00+05:30,2026-04-02 00:00:00+05:30,2026-04-06 00:00:00+05:30,2026-06-05 00:00:00+05:30
2026-05-22 00:00:00+05:30,ITC-EQ,301.7,-0.0730858468677494,0,0,0.2946793253134434,0.7053206746865566,4,2025-09-23 00:00:00+05:30,2026-04-02 00:00:00+05:30,2026-04-06 00:00:00+05:30,2026-06-05 00:00:00+05:30
2026-05-22 00:00:00+05:30,RELIANCE-EQ,1354.5,-0.0254706533776301,0,0,0.47387936662357777,0.5261206333764222,4,2025-09-23 00:00:00+05:30,2026-04-02 00:00:00+05:30,2026-04-06 00:00:00+05:30,2026-06-05 00:00:00+05:30
2026-05-25 00:00:00+05:30,ITC-EQ,303.95,-0.068103306464879,0,0,0.2789109105104339,0.7210890894895661,4,2025-09-23 00:00:00+05:30,2026-04-02 00:00:00+05:30,2026-04-06 00:00:00+05:30,2026-06-05 00:00:00+05:30
2026-05-25 00:00:00+05:30,RELIANCE-EQ,1367.0,-0.0383321141185077,0,0,0.4532697233522148,0.5467302766477852,4,2025-09-23 00:00:00+05:30,2026-04-02 00:00:00+05:30,2026-04-06 00:00:00+05:30,2026-06-05 00:00:00+05:30
2026-05-25 00:00:00+05:30,SBIN-EQ,969.6,-0.0133560231023103,0,1,0.6245595314589907,0.3754404685410093,4,2025-09-23 00:00:00+05:30,2026-04-02 00:00:00+05:30,2026-04-06 00:00:00+05:30,2026-06-05 00:00:00+05:30
2026-05-25 00:00:00+05:30,SUZLON-EQ,53.99,0.009816632709761,1,0,0.2612030819474008,0.7387969180525993,4,2025-09-23 00:00:00+05:30,2026-04-02 00:00:00+05:30,2026-04-06 00:00:00+05:30,2026-06-05 00:00:00+05:30
2026-05-25 00:00:00+05:30,TATAMOTORS-EQ,373.25,0.0454119223040856,1,0,0.41751137675683286,0.5824886232431672,4,2025-09-23 00:00:00+05:30,2026-04-02 00:00:00+05:30,2026-04-06 00:00:00+05:30,2026-06-05 00:00:00+05:30
2026-05-26 00:00:00+05:30,TATAMOTORS-EQ,385.6,0.032546680497925,1,1,0.5078426951842885,0.4921573048157115,4,2025-09-23 00:00:00+05:30,2026-04-02 00:00:00+05:30,2026-04-06 00:00:00+05:30,2026-06-05 00:00:00+05:30
2026-05-26 00:00:00+05:30,SUZLON-EQ,54.58,-0.0032979113228288,0,0,0.3619831723619083,0.6380168276380918,4,2025-09-23 00:00:00+05:30,2026-04-02 00:00:00+05:30,2026-04-06 00:00:00+05:30,2026-06-05 00:00:00+05:30
2026-05-26 00:00:00+05:30,ITC-EQ,301.65,-0.0817172219459637,0,0,0.3327936539588939,0.6672063460411062,4,2025-09-23 00:00:00+05:30,2026-04-02 00:00:00+05:30,2026-04-06 00:00:00+05:30,2026-06-05 00:00:00+05:30
2026-05-26 00:00:00+05:30,RELIANCE-EQ,1356.3,-0.0317776303177762,0,1,0.5160194095754566,0.48398059042454344,4,2025-09-23 00:00:00+05:30,2026-04-02 00:00:00+05:30,2026-04-06 00:00:00+05:30,2026-06-05 00:00:00+05:30
2026-05-26 00:00:00+05:30,SBIN-EQ,968.5,0.002013422818792,1,1,0.5427912439346273,0.4572087560653727,4,2025-09-23 00:00:00+05:30,2026-04-02 00:00:00+05:30,2026-04-06 00:00:00+05:30,2026-06-05 00:00:00+05:30
2026-05-27 00:00:00+05:30,ITC-EQ,291.95,-0.039904093166638,0,0,0.31335444676080365,0.6866455532391964,4,2025-09-23 00:00:00+05:30,2026-04-02 00:00:00+05:30,2026-04-06 00:00:00+05:30,2026-06-05 00:00:00+05:30
2026-05-27 00:00:00+05:30,RELIANCE-EQ,1350.5,-0.0346538319141058,0,1,0.5908422688694902,0.4091577311305098,4,2025-09-23 00:00:00+05:30,2026-04-02 00:00:00+05:30,2026-04-06 00:00:00+05:30,2026-06-05 00:00:00+05:30
2026-05-27 00:00:00+05:30,SBIN-EQ,967.8,0.011830956809258,1,1,0.6138318172123287,0.3861681827876713,4,2025-09-23 00:00:00+05:30,2026-04-02 00:00:00+05:30,2026-04-06 00:00:00+05:30,2026-06-05 00:00:00+05:30
2026-05-27 00:00:00+05:30,SUZLON-EQ,57.53,-0.0332000695289415,0,0,0.45886159114963476,0.5411384088503652,4,2025-09-23 00:00:00+05:30,2026-04-02 00:00:00+05:30,2026-04-06 00:00:00+05:30,2026-06-05 00:00:00+05:30
2026-05-27 00:00:00+05:30,TATAMOTORS-EQ,400.95,-0.0031175957101883,0,1,0.5410072060816489,0.4589927939183511,4,2025-09-23 00:00:00+05:30,2026-04-02 00:00:00+05:30,2026-04-06 00:00:00+05:30,2026-06-05 00:00:00+05:30
2026-05-29 00:00:00+05:30,ITC-EQ,286.9,-0.0216103171836876,0,0,0.42386156370567507,0.5761384362943249,4,2025-09-23 00:00:00+05:30,2026-04-02 00:00:00+05:30,2026-04-06 00:00:00+05:30,2026-06-05 00:00:00+05:30
2026-05-29 00:00:00+05:30,RELIANCE-EQ,1321.2,-0.0228580078716318,0,1,0.5593817648444349,0.4406182351555651,4,2025-09-23 00:00:00+05:30,2026-04-02 00:00:00+05:30,2026-04-06 00:00:00+05:30,2026-06-05 00:00:00+05:30
2026-05-29 00:00:00+05:30,SBIN-EQ,964.4,0.0137909581086685,1,1,0.5993182175882479,0.4006817824117521,4,2025-09-23 00:00:00+05:30,2026-04-02 00:00:00+05:30,2026-04-06 00:00:00+05:30,2026-06-05 00:00:00+05:30
2026-05-29 00:00:00+05:30,SUZLON-EQ,56.99,-0.0294788559396385,0,0,0.43514199713009777,0.5648580028699022,4,2025-09-23 00:00:00+05:30,2026-04-02 00:00:00+05:30,2026-04-06 00:00:00+05:30,2026-06-05 00:00:00+05:30
2026-05-29 00:00:00+05:30,TATAMOTORS-EQ,393.9,0.0099009900990099,1,0,0.47420866096189246,0.5257913390381075,4,2025-09-23 00:00:00+05:30,2026-04-02 00:00:00+05:30,2026-04-06 00:00:00+05:30,2026-06-05 00:00:00+05:30
2026-06-01 00:00:00+05:30,TATAMOTORS-EQ,384.9,0.0106521174330995,1,0,0.47248230637597827,0.5275176936240218,4,2025-09-23 00:00:00+05:30,2026-04-02 00:00:00+05:30,2026-04-06 00:00:00+05:30,2026-06-05 00:00:00+05:30
2026-06-01 00:00:00+05:30,SUZLON-EQ,53.93,0.0092712775820507,1,0,0.401721207519695,0.598278792480305,4,2025-09-23 00:00:00+05:30,2026-04-02 00:00:00+05:30,2026-04-06 00:00:00+05:30,2026-06-05 00:00:00+05:30
2026-06-01 00:00:00+05:30,ITC-EQ,279.65,-0.0007151796888967,0,1,0.530429106504218,0.46957089349578196,4,2025-09-23 00:00:00+05:30,2026-04-02 00:00:00+05:30,2026-04-06 00:00:00+05:30,2026-06-05 00:00:00+05:30
2026-06-01 00:00:00+05:30,RELIANCE-EQ,1320.0,-0.0429545454545454,0,0,0.45369189017918615,0.5463081098208138,4,2025-09-23 00:00:00+05:30,2026-04-02 00:00:00+05:30,2026-04-06 00:00:00+05:30,2026-06-05 00:00:00+05:30
2026-06-01 00:00:00+05:30,SBIN-EQ,954.1,0.0291898123886384,1,1,0.5702149265042086,0.4297850734957914,4,2025-09-23 00:00:00+05:30,2026-04-02 00:00:00+05:30,2026-04-06 00:00:00+05:30,2026-06-05 00:00:00+05:30
2026-06-02 00:00:00+05:30,ITC-EQ,283.25,-0.0114739629302735,0,0,0.4434440790758177,0.5565559209241824,4,2025-09-23 00:00:00+05:30,2026-04-02 00:00:00+05:30,2026-04-06 00:00:00+05:30,2026-06-05 00:00:00+05:30
2026-06-02 00:00:00+05:30,RELIANCE-EQ,1314.6,-0.034535219838734,0,1,0.5679765928024613,0.43202340719753873,4,2025-09-23 00:00:00+05:30,2026-04-02 00:00:00+05:30,2026-04-06 00:00:00+05:30,2026-06-05 00:00:00+05:30
2026-06-02 00:00:00+05:30,SBIN-EQ,956.65,0.0481367271206816,1,1,0.5003222325940192,0.4996777674059808,4,2025-09-23 00:00:00+05:30,2026-04-02 00:00:00+05:30,2026-04-06 00:00:00+05:30,2026-06-05 00:00:00+05:30
2026-06-02 00:00:00+05:30,SUZLON-EQ,54.52,0.0130227439471752,1,0,0.3481128185814521,0.6518871814185478,4,2025-09-23 00:00:00+05:30,2026-04-02 00:00:00+05:30,2026-04-06 00:00:00+05:30,2026-06-05 00:00:00+05:30
2026-06-02 00:00:00+05:30,TATAMOTORS-EQ,390.2,-0.0061506919528446,0,0,0.4044442255268822,0.5955557744731178,4,2025-09-23 00:00:00+05:30,2026-04-02 00:00:00+05:30,2026-04-06 00:00:00+05:30,2026-06-05 00:00:00+05:30
2026-06-03 00:00:00+05:30,ITC-EQ,277.0,0.0240072202166063,1,0,0.43350352768892475,0.5664964723110752,4,2025-09-23 00:00:00+05:30,2026-04-02 00:00:00+05:30,2026-04-06 00:00:00+05:30,2026-06-05 00:00:00+05:30
2026-06-03 00:00:00+05:30,RELIANCE-EQ,1313.2,-0.0414255254340543,0,1,0.5224533169271124,0.4775466830728876,4,2025-09-23 00:00:00+05:30,2026-04-02 00:00:00+05:30,2026-04-06 00:00:00+05:30,2026-06-05 00:00:00+05:30
2026-06-03 00:00:00+05:30,SBIN-EQ,970.45,0.0337987531557524,1,1,0.5718127098121482,0.42818729018785184,4,2025-09-23 00:00:00+05:30,2026-04-02 00:00:00+05:30,2026-04-06 00:00:00+05:30,2026-06-05 00:00:00+05:30
2026-06-03 00:00:00+05:30,SUZLON-EQ,54.4,-0.0058823529411764,0,0,0.2861498160240461,0.7138501839759539,4,2025-09-23 00:00:00+05:30,2026-04-02 00:00:00+05:30,2026-04-06 00:00:00+05:30,2026-06-05 00:00:00+05:30
2026-06-03 00:00:00+05:30,TATAMOTORS-EQ,398.15,-0.0430742182594499,0,0,0.40671858056929766,0.5932814194307023,4,2025-09-23 00:00:00+05:30,2026-04-02 00:00:00+05:30,2026-04-06 00:00:00+05:30,2026-06-05 00:00:00+05:30
2026-06-04 00:00:00+05:30,TATAMOTORS-EQ,399.7,-0.0595446584938704,0,0,0.3338356516215455,0.6661643483784545,4,2025-09-23 00:00:00+05:30,2026-04-02 00:00:00+05:30,2026-04-06 00:00:00+05:30,2026-06-05 00:00:00+05:30
2026-06-04 00:00:00+05:30,SUZLON-EQ,55.62,-0.0418914059690758,0,0,0.3769499160808847,0.6230500839191153,4,2025-09-23 00:00:00+05:30,2026-04-02 00:00:00+05:30,2026-04-06 00:00:00+05:30,2026-06-05 00:00:00+05:30
2026-06-04 00:00:00+05:30,SBIN-EQ,979.25,0.0219045187643605,1,0,0.4676630484075229,0.5323369515924772,4,2025-09-23 00:00:00+05:30,2026-04-02 00:00:00+05:30,2026-04-06 00:00:00+05:30,2026-06-05 00:00:00+05:30
2026-06-04 00:00:00+05:30,ITC-EQ,280.3,0.0074919728861932,1,0,0.4426756721446176,0.5573243278553823,4,2025-09-23 00:00:00+05:30,2026-04-02 00:00:00+05:30,2026-04-06 00:00:00+05:30,2026-06-05 00:00:00+05:30
2026-06-04 00:00:00+05:30,RELIANCE-EQ,1303.7,-0.0312188386898826,0,1,0.5935349192890188,0.4064650807109812,4,2025-09-23 00:00:00+05:30,2026-04-02 00:00:00+05:30,2026-04-06 00:00:00+05:30,2026-06-05 00:00:00+05:30
2026-06-05 00:00:00+05:30,ITC-EQ,280.7,0.0156750979693625,1,0,0.41003492467232716,0.5899650753276728,4,2025-09-23 00:00:00+05:30,2026-04-02 00:00:00+05:30,2026-04-06 00:00:00+05:30,2026-06-05 00:00:00+05:30
2026-06-05 00:00:00+05:30,RELIANCE-EQ,1291.0,0.0015491866769945,1,1,0.5550626878514896,0.4449373121485104,4,2025-09-23 00:00:00+05:30,2026-04-02 00:00:00+05:30,2026-04-06 00:00:00+05:30,2026-06-05 00:00:00+05:30
2026-06-05 00:00:00+05:30,SBIN-EQ,977.7,0.0403498005523166,1,0,0.49902199536829434,0.5009780046317056,4,2025-09-23 00:00:00+05:30,2026-04-02 00:00:00+05:30,2026-04-06 00:00:00+05:30,2026-06-05 00:00:00+05:30
2026-06-05 00:00:00+05:30,SUZLON-EQ,55.31,-0.0041583800397758,0,0,0.3196035401574935,0.6803964598425065,4,2025-09-23 00:00:00+05:30,2026-04-02 00:00:00+05:30,2026-04-06 00:00:00+05:30,2026-06-05 00:00:00+05:30
2026-06-05 00:00:00+05:30,TATAMOTORS-EQ,397.8,-0.0196078431372549,0,0,0.32378085163178405,0.676219148368216,4,2025-09-23 00:00:00+05:30,2026-04-02 00:00:00+05:30,2026-04-06 00:00:00+05:30,2026-06-05 00:00:00+05:30
2026-06-08 00:00:00+05:30,ITC-EQ,279.45,0.0302379674360351,1,1,0.5537291987562142,0.4462708012437858,5,2025-09-23 00:00:00+05:30,2026-06-05 00:00:00+05:30,2026-06-08 00:00:00+05:30,2026-08-05 00:00:00+05:30
2026-06-08 00:00:00+05:30,RELIANCE-EQ,1263.3,0.0345919417398876,1,0,0.4956468211785081,0.5043531788214919,5,2025-09-23 00:00:00+05:30,2026-06-05 00:00:00+05:30,2026-06-08 00:00:00+05:30,2026-08-05 00:00:00+05:30
2026-06-08 00:00:00+05:30,SBIN-EQ,981.95,0.0396150516828759,1,1,0.6309828074527903,0.36901719254720966,5,2025-09-23 00:00:00+05:30,2026-06-05 00:00:00+05:30,2026-06-08 00:00:00+05:30,2026-08-05 00:00:00+05:30
2026-06-08 00:00:00+05:30,SUZLON-EQ,54.43,0.0209443321697593,1,0,0.4971072048770368,0.5028927951229631,5,2025-09-23 00:00:00+05:30,2026-06-05 00:00:00+05:30,2026-06-08 00:00:00+05:30,2026-08-05 00:00:00+05:30
2026-06-08 00:00:00+05:30,TATAMOTORS-EQ,389.0,0.0190231362467865,1,0,0.43471357592512816,0.5652864240748718,5,2025-09-23 00:00:00+05:30,2026-06-05 00:00:00+05:30,2026-06-08 00:00:00+05:30,2026-08-05 00:00:00+05:30
2026-06-09 00:00:00+05:30,SUZLON-EQ,55.23,0.0487054137244251,1,0,0.46001520197836365,0.5399847980216363,5,2025-09-23 00:00:00+05:30,2026-06-05 00:00:00+05:30,2026-06-08 00:00:00+05:30,2026-08-05 00:00:00+05:30
2026-06-09 00:00:00+05:30,SBIN-EQ,1002.7,0.012566071606662,1,1,0.7132599895310673,0.2867400104689327,5,2025-09-23 00:00:00+05:30,2026-06-05 00:00:00+05:30,2026-06-08 00:00:00+05:30,2026-08-05 00:00:00+05:30
2026-06-09 00:00:00+05:30,TATAMOTORS-EQ,387.8,0.0149561629706034,1,0,0.4108678935804314,0.5891321064195686,5,2025-09-23 00:00:00+05:30,2026-06-05 00:00:00+05:30,2026-06-08 00:00:00+05:30,2026-08-05 00:00:00+05:30
2026-06-09 00:00:00+05:30,ITC-EQ,280.0,0.0416071428571427,1,1,0.5146041890906825,0.4853958109093175,5,2025-09-23 00:00:00+05:30,2026-06-05 00:00:00+05:30,2026-06-08 00:00:00+05:30,2026-08-05 00:00:00+05:30
2026-06-09 00:00:00+05:30,RELIANCE-EQ,1269.2,0.046958714150646,1,0,0.46689328455187884,0.5331067154481212,5,2025-09-23 00:00:00+05:30,2026-06-05 00:00:00+05:30,2026-06-08 00:00:00+05:30,2026-08-05 00:00:00+05:30
2026-06-10 00:00:00+05:30,TATAMOTORS-EQ,381.0,-0.0526246719160105,0,0,0.31329194656182735,0.6867080534381726,5,2025-09-23 00:00:00+05:30,2026-06-05 00:00:00+05:30,2026-06-08 00:00:00+05:30,2026-08-05 00:00:00+05:30
2026-06-10 00:00:00+05:30,SUZLON-EQ,54.08,0.0959689349112427,1,1,0.5117347809944016,0.4882652190055984,5,2025-09-23 00:00:00+05:30,2026-06-05 00:00:00+05:30,2026-06-08 00:00:00+05:30,2026-08-05 00:00:00+05:30
2026-06-10 00:00:00+05:30,ITC-EQ,283.65,0.0250308478759035,1,1,0.5236466882295583,0.4763533117704417,5,2025-09-23 00:00:00+05:30,2026-06-05 00:00:00+05:30,2026-06-08 00:00:00+05:30,2026-08-05 00:00:00+05:30
2026-06-10 00:00:00+05:30,RELIANCE-EQ,1258.8,0.0587067047982206,1,0,0.499810661422752,0.500189338577248,5,2025-09-23 00:00:00+05:30,2026-06-05 00:00:00+05:30,2026-06-08 00:00:00+05:30,2026-08-05 00:00:00+05:30
2026-06-10 00:00:00+05:30,SBIN-EQ,1003.25,0.0231746822825815,1,1,0.6771043043925438,0.32289569560745623,5,2025-09-23 00:00:00+05:30,2026-06-05 00:00:00+05:30,2026-06-08 00:00:00+05:30,2026-08-05 00:00:00+05:30
2026-06-11 00:00:00+05:30,ITC-EQ,282.4,0.030984419263456,1,1,0.60957529969794,0.39042470030206,5,2025-09-23 00:00:00+05:30,2026-06-05 00:00:00+05:30,2026-06-08 00:00:00+05:30,2026-08-05 00:00:00+05:30
2026-06-11 00:00:00+05:30,RELIANCE-EQ,1263.0,0.0515439429928741,1,1,0.5315003769616953,0.4684996230383047,5,2025-09-23 00:00:00+05:30,2026-06-05 00:00:00+05:30,2026-06-08 00:00:00+05:30,2026-08-05 00:00:00+05:30
2026-06-11 00:00:00+05:30,SBIN-EQ,1000.7,0.041970620565604,1,1,0.6015119108666044,0.3984880891333956,5,2025-09-23 00:00:00+05:30,2026-06-05 00:00:00+05:30,2026-06-08 00:00:00+05:30,2026-08-05 00:00:00+05:30
2026-06-11 00:00:00+05:30,SUZLON-EQ,53.29,0.0966410208294239,1,0,0.260103512486674,0.739896487513326,5,2025-09-23 00:00:00+05:30,2026-06-05 00:00:00+05:30,2026-06-08 00:00:00+05:30,2026-08-05 00:00:00+05:30
2026-06-11 00:00:00+05:30,TATAMOTORS-EQ,375.9,-0.0299281723862729,0,0,0.3532356206322772,0.6467643793677228,5,2025-09-23 00:00:00+05:30,2026-06-05 00:00:00+05:30,2026-06-08 00:00:00+05:30,2026-08-05 00:00:00+05:30
2026-06-12 00:00:00+05:30,ITC-EQ,285.1,0.0259558049807084,1,1,0.6330576967764036,0.36694230322359644,5,2025-09-23 00:00:00+05:30,2026-06-05 00:00:00+05:30,2026-06-08 00:00:00+05:30,2026-08-05 00:00:00+05:30
2026-06-12 00:00:00+05:30,RELIANCE-EQ,1293.0,0.0127610208816706,1,1,0.5944517324560685,0.4055482675439315,5,2025-09-23 00:00:00+05:30,2026-06-05 00:00:00+05:30,2026-06-08 00:00:00+05:30,2026-08-05 00:00:00+05:30
2026-06-12 00:00:00+05:30,SBIN-EQ,1017.15,0.0176473479821068,1,1,0.6807101011165854,0.31928989888341464,5,2025-09-23 00:00:00+05:30,2026-06-05 00:00:00+05:30,2026-06-08 00:00:00+05:30,2026-08-05 00:00:00+05:30
2026-06-12 00:00:00+05:30,SUZLON-EQ,55.08,0.074800290486565,1,0,0.4578603309842574,0.5421396690157426,5,2025-09-23 00:00:00+05:30,2026-06-05 00:00:00+05:30,2026-06-08 00:00:00+05:30,2026-08-05 00:00:00+05:30
2026-06-12 00:00:00+05:30,TATAMOTORS-EQ,390.0,-0.0782051282051282,0,0,0.33830310406112585,0.6616968959388742,5,2025-09-23 00:00:00+05:30,2026-06-05 00:00:00+05:30,2026-06-08 00:00:00+05:30,2026-08-05 00:00:00+05:30
2026-06-15 00:00:00+05:30,TATAMOTORS-EQ,396.4,-0.088042381432896,0,0,0.33290381191356366,0.6670961880864363,5,2025-09-23 00:00:00+05:30,2026-06-05 00:00:00+05:30,2026-06-08 00:00:00+05:30,2026-08-05 00:00:00+05:30
2026-06-15 00:00:00+05:30,SUZLON-EQ,55.57,0.0673025013496491,1,0,0.41913218715712375,0.5808678128428763,5,2025-09-23 00:00:00+05:30,2026-06-05 00:00:00+05:30,2026-06-08 00:00:00+05:30,2026-08-05 00:00:00+05:30
2026-06-15 00:00:00+05:30,RELIANCE-EQ,1307.0,0.0149196633511858,1,1,0.609165538565369,0.39083446143463096,5,2025-09-23 00:00:00+05:30,2026-06-05 00:00:00+05:30,2026-06-08 00:00:00+05:30,2026-08-05 00:00:00+05:30
2026-06-15 00:00:00+05:30,ITC-EQ,287.9,0.0116359847169156,1,1,0.6173364427174083,0.3826635572825917,5,2025-09-23 00:00:00+05:30,2026-06-05 00:00:00+05:30,2026-06-08 00:00:00+05:30,2026-08-05 00:00:00+05:30
2026-06-15 00:00:00+05:30,SBIN-EQ,1020.85,0.0194935592888279,1,1,0.6135552504152927,0.3864447495847073,5,2025-09-23 00:00:00+05:30,2026-06-05 00:00:00+05:30,2026-06-08 00:00:00+05:30,2026-08-05 00:00:00+05:30
2026-06-16 00:00:00+05:30,ITC-EQ,291.65,-0.0056574661409222,0,1,0.6567795903703452,0.34322040962965483,5,2025-09-23 00:00:00+05:30,2026-06-05 00:00:00+05:30,2026-06-08 00:00:00+05:30,2026-08-05 00:00:00+05:30
2026-06-16 00:00:00+05:30,RELIANCE-EQ,1328.8,-0.0145243829018663,0,1,0.6160284445031208,0.3839715554968792,5,2025-09-23 00:00:00+05:30,2026-06-05 00:00:00+05:30,2026-06-08 00:00:00+05:30,2026-08-05 00:00:00+05:30
2026-06-16 00:00:00+05:30,SBIN-EQ,1015.3,0.0087658820053186,1,1,0.5698872585557021,0.4301127414442979,5,2025-09-23 00:00:00+05:30,2026-06-05 00:00:00+05:30,2026-06-08 00:00:00+05:30,2026-08-05 00:00:00+05:30
2026-06-16 00:00:00+05:30,SUZLON-EQ,57.92,0.0063881215469612,1,0,0.41800134623336377,0.5819986537666362,5,2025-09-23 00:00:00+05:30,2026-06-05 00:00:00+05:30,2026-06-08 00:00:00+05:30,2026-08-05 00:00:00+05:30
2026-06-16 00:00:00+05:30,TATAMOTORS-EQ,393.6,-0.0992123983739837,0,0,0.41768161593631203,0.582318384063688,5,2025-09-23 00:00:00+05:30,2026-06-05 00:00:00+05:30,2026-06-08 00:00:00+05:30,2026-08-05 00:00:00+05:30
2026-06-17 00:00:00+05:30,TATAMOTORS-EQ,360.95,-0.0311677517661725,0,0,0.3357863577322424,0.6642136422677576,5,2025-09-23 00:00:00+05:30,2026-06-05 00:00:00+05:30,2026-06-08 00:00:00+05:30,2026-08-05 00:00:00+05:30
2026-06-17 00:00:00+05:30,ITC-EQ,290.75,-0.0013757523645743,0,1,0.5792902963764305,0.4207097036235695,5,2025-09-23 00:00:00+05:30,2026-06-05 00:00:00+05:30,2026-06-08 00:00:00+05:30,2026-08-05 00:00:00+05:30
2026-06-17 00:00:00+05:30,RELIANCE-EQ,1332.7,-0.0143318076086141,0,1,0.5935274329619048,0.4064725670380952,5,2025-09-23 00:00:00+05:30,2026-06-05 00:00:00+05:30,2026-06-08 00:00:00+05:30,2026-08-05 00:00:00+05:30
2026-06-17 00:00:00+05:30,SBIN-EQ,1026.5,0.0078908913784705,1,1,0.5698071433314789,0.43019285666852114,5,2025-09-23 00:00:00+05:30,2026-06-05 00:00:00+05:30,2026-06-08 00:00:00+05:30,2026-08-05 00:00:00+05:30
2026-06-17 00:00:00+05:30,SUZLON-EQ,59.27,-0.0229458410663068,0,0,0.4309453438325387,0.5690546561674613,5,2025-09-23 00:00:00+05:30,2026-06-05 00:00:00+05:30,2026-06-08 00:00:00+05:30,2026-08-05 00:00:00+05:30
2026-06-18 00:00:00+05:30,SUZLON-EQ,58.44,-0.0222450376454482,0,0,0.41096379821683077,0.5890362017831692,5,2025-09-23 00:00:00+05:30,2026-06-05 00:00:00+05:30,2026-06-08 00:00:00+05:30,2026-08-05 00:00:00+05:30
2026-06-18 00:00:00+05:30,TATAMOTORS-EQ,364.65,-0.0313999725764431,0,0,0.3325405776679421,0.6674594223320579,5,2025-09-23 00:00:00+05:30,2026-06-05 00:00:00+05:30,2026-06-08 00:00:00+05:30,2026-08-05 00:00:00+05:30
2026-06-18 00:00:00+05:30,SBIN-EQ,1042.7,0.0025894312841661,1,1,0.6060224200151508,0.39397757998484917,5,2025-09-23 00:00:00+05:30,2026-06-05 00:00:00+05:30,2026-06-08 00:00:00+05:30,2026-08-05 00:00:00+05:30
2026-06-18 00:00:00+05:30,ITC-EQ,291.15,-0.0039498540271336,0,1,0.6108551008689371,0.38914489913106287,5,2025-09-23 00:00:00+05:30,2026-06-05 00:00:00+05:30,2026-06-08 00:00:00+05:30,2026-08-05 00:00:00+05:30
2026-06-18 00:00:00+05:30,RELIANCE-EQ,1328.1,-0.0075295534974776,0,1,0.681339870183739,0.318660129816261,5,2025-09-23 00:00:00+05:30,2026-06-05 00:00:00+05:30,2026-06-08 00:00:00+05:30,2026-08-05 00:00:00+05:30
2026-06-19 00:00:00+05:30,ITC-EQ,292.5,-0.0061538461538461,0,1,0.5849053552886865,0.4150946447113135,5,2025-09-23 00:00:00+05:30,2026-06-05 00:00:00+05:30,2026-06-08 00:00:00+05:30,2026-08-05 00:00:00+05:30
2026-06-19 00:00:00+05:30,RELIANCE-EQ,1309.5,-0.0064910271095838,0,1,0.6108332680950038,0.3891667319049962,5,2025-09-23 00:00:00+05:30,2026-06-05 00:00:00+05:30,2026-06-08 00:00:00+05:30,2026-08-05 00:00:00+05:30
2026-06-19 00:00:00+05:30,SBIN-EQ,1035.1,0.0009660902328276,1,1,0.6077387012317169,0.3922612987682831,5,2025-09-23 00:00:00+05:30,2026-06-05 00:00:00+05:30,2026-06-08 00:00:00+05:30,2026-08-05 00:00:00+05:30
2026-06-19 00:00:00+05:30,SUZLON-EQ,59.2,-0.0336148648648648,0,0,0.4296798288493592,0.5703201711506408,5,2025-09-23 00:00:00+05:30,2026-06-05 00:00:00+05:30,2026-06-08 00:00:00+05:30,2026-08-05 00:00:00+05:30
2026-06-19 00:00:00+05:30,TATAMOTORS-EQ,359.5,-0.0401947148817801,0,0,0.24669465274380487,0.7533053472561951,5,2025-09-23 00:00:00+05:30,2026-06-05 00:00:00+05:30,2026-06-08 00:00:00+05:30,2026-08-05 00:00:00+05:30
2026-06-22 00:00:00+05:30,ITC-EQ,291.25,-0.0147639484978541,0,1,0.5397040983250815,0.4602959016749185,5,2025-09-23 00:00:00+05:30,2026-06-05 00:00:00+05:30,2026-06-08 00:00:00+05:30,2026-08-05 00:00:00+05:30
2026-06-22 00:00:00+05:30,RELIANCE-EQ,1326.5,-0.0245759517527326,0,1,0.5877870670902386,0.41221293290976135,5,2025-09-23 00:00:00+05:30,2026-06-05 00:00:00+05:30,2026-06-08 00:00:00+05:30,2026-08-05 00:00:00+05:30
2026-06-22 00:00:00+05:30,SBIN-EQ,1040.75,-0.0133077107854912,0,1,0.569809072091103,0.430190927908897,5,2025-09-23 00:00:00+05:30,2026-06-05 00:00:00+05:30,2026-06-08 00:00:00+05:30,2026-08-05 00:00:00+05:30
2026-06-22 00:00:00+05:30,SUZLON-EQ,59.31,-0.0069128308885517,0,0,0.39788201749196966,0.6021179825080303,5,2025-09-23 00:00:00+05:30,2026-06-05 00:00:00+05:30,2026-06-08 00:00:00+05:30,2026-08-05 00:00:00+05:30
2026-06-22 00:00:00+05:30,TATAMOTORS-EQ,361.5,-0.0257261410788381,0,0,0.23357925324959994,0.7664207467504001,5,2025-09-23 00:00:00+05:30,2026-06-05 00:00:00+05:30,2026-06-08 00:00:00+05:30,2026-08-05 00:00:00+05:30
2026-06-23 00:00:00+05:30,SUZLON-EQ,58.29,0.0010293360782296,1,0,0.3636293553840225,0.6363706446159775,5,2025-09-23 00:00:00+05:30,2026-06-05 00:00:00+05:30,2026-06-08 00:00:00+05:30,2026-08-05 00:00:00+05:30
2026-06-23 00:00:00+05:30,SBIN-EQ,1024.2,0.0226518258152705,1,1,0.5359916480408675,0.4640083519591325,5,2025-09-23 00:00:00+05:30,2026-06-05 00:00:00+05:30,2026-06-08 00:00:00+05:30,2026-08-05 00:00:00+05:30
2026-06-23 00:00:00+05:30,TATAMOTORS-EQ,354.55,-0.0190382174587505,0,0,0.2058873427061433,0.7941126572938567,5,2025-09-23 00:00:00+05:30,2026-06-05 00:00:00+05:30,2026-06-08 00:00:00+05:30,2026-08-05 00:00:00+05:30
2026-06-23 00:00:00+05:30,ITC-EQ,290.0,0.0010344827586208,1,1,0.5615912213432743,0.4384087786567257,5,2025-09-23 00:00:00+05:30,2026-06-05 00:00:00+05:30,2026-06-08 00:00:00+05:30,2026-08-05 00:00:00+05:30
2026-06-23 00:00:00+05:30,RELIANCE-EQ,1309.5,-0.0011454753722794,0,1,0.5386629126042851,0.4613370873957149,5,2025-09-23 00:00:00+05:30,2026-06-05 00:00:00+05:30,2026-06-08 00:00:00+05:30,2026-08-05 00:00:00+05:30
2026-06-24 00:00:00+05:30,ITC-EQ,290.35,-0.0015498536249355,0,1,0.512514426356975,0.487485573643025,5,2025-09-23 00:00:00+05:30,2026-06-05 00:00:00+05:30,2026-06-08 00:00:00+05:30,2026-08-05 00:00:00+05:30
2026-06-24 00:00:00+05:30,RELIANCE-EQ,1313.6,-0.0076887941534713,0,1,0.6008275342194193,0.39917246578058074,5,2025-09-23 00:00:00+05:30,2026-06-05 00:00:00+05:30,2026-06-08 00:00:00+05:30,2026-08-05 00:00:00+05:30
2026-06-24 00:00:00+05:30,SBIN-EQ,1034.6,0.016431471099942,1,1,0.5598464367456412,0.44015356325435884,5,2025-09-23 00:00:00+05:30,2026-06-05 00:00:00+05:30,2026-06-08 00:00:00+05:30,2026-08-05 00:00:00+05:30
2026-06-24 00:00:00+05:30,SUZLON-EQ,57.91,-0.0041443619409428,0,0,0.22200239902445001,0.77799760097555,5,2025-09-23 00:00:00+05:30,2026-06-05 00:00:00+05:30,2026-06-08 00:00:00+05:30,2026-08-05 00:00:00+05:30
2026-06-24 00:00:00+05:30,TATAMOTORS-EQ,349.7,-0.0107234772662282,0,0,0.3225396222196718,0.6774603777803282,5,2025-09-23 00:00:00+05:30,2026-06-05 00:00:00+05:30,2026-06-08 00:00:00+05:30,2026-08-05 00:00:00+05:30
2026-06-25 00:00:00+05:30,TATAMOTORS-EQ,353.2,-0.0257644394110984,0,0,0.3569366937604886,0.6430633062395115,5,2025-09-23 00:00:00+05:30,2026-06-05 00:00:00+05:30,2026-06-08 00:00:00+05:30,2026-08-05 00:00:00+05:30
2026-06-25 00:00:00+05:30,SUZLON-EQ,57.14,-0.004725236261813,0,0,0.26792483373626996,0.73207516626373,5,2025-09-23 00:00:00+05:30,2026-06-05 00:00:00+05:30,2026-06-08 00:00:00+05:30,2026-08-05 00:00:00+05:30
2026-06-25 00:00:00+05:30,SBIN-EQ,1045.4,-0.0051654868949685,0,1,0.5961123572786672,0.4038876427213328,5,2025-09-23 00:00:00+05:30,2026-06-05 00:00:00+05:30,2026-06-08 00:00:00+05:30,2026-08-05 00:00:00+05:30
2026-06-25 00:00:00+05:30,ITC-EQ,290.0,-0.0001724137931035,0,0,0.4885967022421099,0.5114032977578902,5,2025-09-23 00:00:00+05:30,2026-06-05 00:00:00+05:30,2026-06-08 00:00:00+05:30,2026-08-05 00:00:00+05:30
2026-06-25 00:00:00+05:30,RELIANCE-EQ,1318.1,-0.0106972156892496,0,1,0.6052679266745074,0.39473207332549265,5,2025-09-23 00:00:00+05:30,2026-06-05 00:00:00+05:30,2026-06-08 00:00:00+05:30,2026-08-05 00:00:00+05:30
2026-06-29 00:00:00+05:30,ITC-EQ,290.7,-0.0084279325765393,0,0,0.46192439717536793,0.5380756028246321,5,2025-09-23 00:00:00+05:30,2026-06-05 00:00:00+05:30,2026-06-08 00:00:00+05:30,2026-08-05 00:00:00+05:30
2026-06-29 00:00:00+05:30,RELIANCE-EQ,1301.0,0.0156033820138354,1,1,0.5330163917584838,0.4669836082415162,5,2025-09-23 00:00:00+05:30,2026-06-05 00:00:00+05:30,2026-06-08 00:00:00+05:30,2026-08-05 00:00:00+05:30
2026-06-29 00:00:00+05:30,SBIN-EQ,1036.1,0.0015442524852815,1,1,0.5596101801754041,0.4403898198245959,5,2025-09-23 00:00:00+05:30,2026-06-05 00:00:00+05:30,2026-06-08 00:00:00+05:30,2026-08-05 00:00:00+05:30
2026-06-29 00:00:00+05:30,SUZLON-EQ,57.21,-0.0304142632406921,0,0,0.26693122513533,0.73306877486467,5,2025-09-23 00:00:00+05:30,2026-06-05 00:00:00+05:30,2026-06-08 00:00:00+05:30,2026-08-05 00:00:00+05:30
2026-06-29 00:00:00+05:30,TATAMOTORS-EQ,345.05,0.0057962614113895,1,0,0.3300288510847936,0.6699711489152065,5,2025-09-23 00:00:00+05:30,2026-06-05 00:00:00+05:30,2026-06-08 00:00:00+05:30,2026-08-05 00:00:00+05:30
2026-06-30 00:00:00+05:30,TATAMOTORS-EQ,352.2,-0.0281090289608176,0,0,0.3728094216440179,0.6271905783559821,5,2025-09-23 00:00:00+05:30,2026-06-05 00:00:00+05:30,2026-06-08 00:00:00+05:30,2026-08-05 00:00:00+05:30
2026-06-30 00:00:00+05:30,SUZLON-EQ,58.9,-0.0767402376910015,0,0,0.308533112709802,0.691466887290198,5,2025-09-23 00:00:00+05:30,2026-06-05 00:00:00+05:30,2026-06-08 00:00:00+05:30,2026-08-05 00:00:00+05:30
2026-06-30 00:00:00+05:30,RELIANCE-EQ,1293.9,0.0112064301723471,1,0,0.41251257844216443,0.5874874215578356,5,2025-09-23 00:00:00+05:30,2026-06-05 00:00:00+05:30,2026-06-08 00:00:00+05:30,2026-08-05 00:00:00+05:30
2026-06-30 00:00:00+05:30,ITC-EQ,286.95,0.0062728698379508,1,0,0.3509821019427731,0.649017898057227,5,2025-09-23 00:00:00+05:30,2026-06-05 00:00:00+05:30,2026-06-08 00:00:00+05:30,2026-08-05 00:00:00+05:30
2026-06-30 00:00:00+05:30,SBIN-EQ,1026.9,0.0109066121336058,1,1,0.5729599158460799,0.42704008415392014,5,2025-09-23 00:00:00+05:30,2026-06-05 00:00:00+05:30,2026-06-08 00:00:00+05:30,2026-08-05 00:00:00+05:30
2026-07-01 00:00:00+05:30,ITC-EQ,290.3,-0.0332414743368929,0,0,0.39120293904780484,0.6087970609521951,5,2025-09-23 00:00:00+05:30,2026-06-05 00:00:00+05:30,2026-06-08 00:00:00+05:30,2026-08-05 00:00:00+05:30
2026-07-01 00:00:00+05:30,RELIANCE-EQ,1308.0,-0.0245412844036696,0,1,0.5292742888660901,0.47072571113390993,5,2025-09-23 00:00:00+05:30,2026-06-05 00:00:00+05:30,2026-06-08 00:00:00+05:30,2026-08-05 00:00:00+05:30
2026-07-01 00:00:00+05:30,SBIN-EQ,1047.4,-0.0291197250334162,0,1,0.5631438382542305,0.43685616174576947,5,2025-09-23 00:00:00+05:30,2026-06-05 00:00:00+05:30,2026-06-08 00:00:00+05:30,2026-08-05 00:00:00+05:30
2026-07-01 00:00:00+05:30,SUZLON-EQ,58.35,-0.0894601542416452,0,0,0.3701081057369649,0.6298918942630352,5,2025-09-23 00:00:00+05:30,2026-06-05 00:00:00+05:30,2026-06-08 00:00:00+05:30,2026-08-05 00:00:00+05:30
2026-07-01 00:00:00+05:30,TATAMOTORS-EQ,347.8,-0.0452846463484761,0,0,0.391402368423661,0.6085976315763391,5,2025-09-23 00:00:00+05:30,2026-06-05 00:00:00+05:30,2026-06-08 00:00:00+05:30,2026-08-05 00:00:00+05:30
2026-07-02 00:00:00+05:30,ITC-EQ,289.9,-0.0270783028630561,0,0,0.42988102765154407,0.5701189723484559,5,2025-09-23 00:00:00+05:30,2026-06-05 00:00:00+05:30,2026-06-08 00:00:00+05:30,2026-08-05 00:00:00+05:30
2026-07-02 00:00:00+05:30,RELIANCE-EQ,1303.5,-0.0181818181818181,0,1,0.5511731942372189,0.4488268057627811,5,2025-09-23 00:00:00+05:30,2026-06-05 00:00:00+05:30,2026-06-08 00:00:00+05:30,2026-08-05 00:00:00+05:30
2026-07-02 00:00:00+05:30,SBIN-EQ,1051.6,-0.0280524914416127,0,1,0.6162280276573179,0.3837719723426821,5,2025-09-23 00:00:00+05:30,2026-06-05 00:00:00+05:30,2026-06-08 00:00:00+05:30,2026-08-05 00:00:00+05:30
2026-07-02 00:00:00+05:30,SUZLON-EQ,57.67,-0.0688399514478931,0,0,0.3236506890421039,0.6763493109578961,5,2025-09-23 00:00:00+05:30,2026-06-05 00:00:00+05:30,2026-06-08 00:00:00+05:30,2026-08-05 00:00:00+05:30
2026-07-02 00:00:00+05:30,TATAMOTORS-EQ,345.95,-0.0417690417690417,0,1,0.5096942865868151,0.49030571341318485,5,2025-09-23 00:00:00+05:30,2026-06-05 00:00:00+05:30,2026-06-08 00:00:00+05:30,2026-08-05 00:00:00+05:30
2026-07-03 00:00:00+05:30,TATAMOTORS-EQ,344.1,-0.0178727114210985,0,0,0.40472038940079125,0.5952796105992088,5,2025-09-23 00:00:00+05:30,2026-06-05 00:00:00+05:30,2026-06-08 00:00:00+05:30,2026-08-05 00:00:00+05:30
2026-07-03 00:00:00+05:30,SUZLON-EQ,56.87,-0.0518726921048003,0,0,0.354066143184513,0.645933856815487,5,2025-09-23 00:00:00+05:30,2026-06-05 00:00:00+05:30,2026-06-08 00:00:00+05:30,2026-08-05 00:00:00+05:30
2026-07-03 00:00:00+05:30,SBIN-EQ,1040.0,-0.0038461538461538,0,1,0.5647456155844541,0.43525438441554587,5,2025-09-23 00:00:00+05:30,2026-06-05 00:00:00+05:30,2026-06-08 00:00:00+05:30,2026-08-05 00:00:00+05:30
2026-07-03 00:00:00+05:30,RELIANCE-EQ,1304.0,0.0029141104294478,1,1,0.5567375978604587,0.44326240213954127,5,2025-09-23 00:00:00+05:30,2026-06-05 00:00:00+05:30,2026-06-08 00:00:00+05:30,2026-08-05 00:00:00+05:30
2026-07-03 00:00:00+05:30,ITC-EQ,289.95,-0.0282807380582859,0,0,0.3725949203319974,0.6274050796680026,5,2025-09-23 00:00:00+05:30,2026-06-05 00:00:00+05:30,2026-06-08 00:00:00+05:30,2026-08-05 00:00:00+05:30
2026-07-06 00:00:00+05:30,ITC-EQ,288.25,-0.0298352124891587,0,0,0.35840482829197107,0.6415951717080289,5,2025-09-23 00:00:00+05:30,2026-06-05 00:00:00+05:30,2026-06-08 00:00:00+05:30,2026-08-05 00:00:00+05:30
2026-07-06 00:00:00+05:30,RELIANCE-EQ,1321.3,-0.0184666616211306,0,1,0.5362204488434801,0.4637795511565199,5,2025-09-23 00:00:00+05:30,2026-06-05 00:00:00+05:30,2026-06-08 00:00:00+05:30,2026-08-05 00:00:00+05:30
2026-07-06 00:00:00+05:30,SBIN-EQ,1037.7,-0.0006745687578298,0,1,0.6795751923826824,0.3204248076173176,5,2025-09-23 00:00:00+05:30,2026-06-05 00:00:00+05:30,2026-06-08 00:00:00+05:30,2026-08-05 00:00:00+05:30
2026-07-06 00:00:00+05:30,SUZLON-EQ,55.47,-0.0414638543356769,0,0,0.33018259129516686,0.6698174087048332,5,2025-09-23 00:00:00+05:30,2026-06-05 00:00:00+05:30,2026-06-08 00:00:00+05:30,2026-08-05 00:00:00+05:30
2026-07-06 00:00:00+05:30,TATAMOTORS-EQ,347.05,-0.0138308601066129,0,1,0.5295636859889273,0.47043631401107266,5,2025-09-23 00:00:00+05:30,2026-06-05 00:00:00+05:30,2026-06-08 00:00:00+05:30,2026-08-05 00:00:00+05:30
2026-07-07 00:00:00+05:30,ITC-EQ,288.75,-0.0457142857142857,0,0,0.41074668776738377,0.5892533122326162,5,2025-09-23 00:00:00+05:30,2026-06-05 00:00:00+05:30,2026-06-08 00:00:00+05:30,2026-08-05 00:00:00+05:30
2026-07-07 00:00:00+05:30,RELIANCE-EQ,1308.4,-0.0117701008865791,0,1,0.5125360910386122,0.4874639089613878,5,2025-09-23 00:00:00+05:30,2026-06-05 00:00:00+05:30,2026-06-08 00:00:00+05:30,2026-08-05 00:00:00+05:30
2026-07-07 00:00:00+05:30,SBIN-EQ,1038.1,-0.0218668721703111,0,1,0.6454758651428404,0.3545241348571596,5,2025-09-23 00:00:00+05:30,2026-06-05 00:00:00+05:30,2026-06-08 00:00:00+05:30,2026-08-05 00:00:00+05:30
2026-07-07 00:00:00+05:30,SUZLON-EQ,54.38,-0.0351232070614196,0,0,0.24399957319876533,0.7560004268012347,5,2025-09-23 00:00:00+05:30,2026-06-05 00:00:00+05:30,2026-06-08 00:00:00+05:30,2026-08-05 00:00:00+05:30
2026-07-07 00:00:00+05:30,TATAMOTORS-EQ,342.3,-0.0261466549810107,0,0,0.36557443534898837,0.6344255646510116,5,2025-09-23 00:00:00+05:30,2026-06-05 00:00:00+05:30,2026-06-08 00:00:00+05:30,2026-08-05 00:00:00+05:30
2026-07-08 00:00:00+05:30,SUZLON-EQ,53.13,-0.0133634481460568,0,0,0.33029008248082103,0.669709917519179,5,2025-09-23 00:00:00+05:30,2026-06-05 00:00:00+05:30,2026-06-08 00:00:00+05:30,2026-08-05 00:00:00+05:30
2026-07-08 00:00:00+05:30,SBIN-EQ,1016.9,0.0129806273969907,1,0,0.3985646892576837,0.6014353107423163,5,2025-09-23 00:00:00+05:30,2026-06-05 00:00:00+05:30,2026-06-08 00:00:00+05:30,2026-08-05 00:00:00+05:30
2026-07-08 00:00:00+05:30,TATAMOTORS-EQ,332.05,0.0028610149073933,1,0,0.3690510785281438,0.6309489214718562,5,2025-09-23 00:00:00+05:30,2026-06-05 00:00:00+05:30,2026-06-08 00:00:00+05:30,2026-08-05 00:00:00+05:30
2026-07-08 00:00:00+05:30,ITC-EQ,280.65,-0.0142526278282558,0,0,0.3145711664297945,0.6854288335702055,5,2025-09-23 00:00:00+05:30,2026-06-05 00:00:00+05:30,2026-06-08 00:00:00+05:30,2026-08-05 00:00:00+05:30
2026-07-08 00:00:00+05:30,RELIANCE-EQ,1275.9,0.0153617054628105,1,0,0.3659531253507845,0.6340468746492155,5,2025-09-23 00:00:00+05:30,2026-06-05 00:00:00+05:30,2026-06-08 00:00:00+05:30,2026-08-05 00:00:00+05:30
2026-07-09 00:00:00+05:30,ITC-EQ,282.05,-0.0095727707853217,0,0,0.43421080930885014,0.5657891906911499,5,2025-09-23 00:00:00+05:30,2026-06-05 00:00:00+05:30,2026-06-08 00:00:00+05:30,2026-08-05 00:00:00+05:30
2026-07-09 00:00:00+05:30,RELIANCE-EQ,1279.8,0.0131270511017345,1,1,0.5248682039366013,0.4751317960633987,5,2025-09-23 00:00:00+05:30,2026-06-05 00:00:00+05:30,2026-06-08 00:00:00+05:30,2026-08-05 00:00:00+05:30
2026-07-09 00:00:00+05:30,SBIN-EQ,1022.1,0.0089032384306819,1,0,0.44611281308518214,0.5538871869148179,5,2025-09-23 00:00:00+05:30,2026-06-05 00:00:00+05:30,2026-06-08 00:00:00+05:30,2026-08-05 00:00:00+05:30
2026-07-09 00:00:00+05:30,SUZLON-EQ,53.7,-0.0322160148975791,0,0,0.2677968816192689,0.7322031183807312,5,2025-09-23 00:00:00+05:30,2026-06-05 00:00:00+05:30,2026-06-08 00:00:00+05:30,2026-08-05 00:00:00+05:30
2026-07-09 00:00:00+05:30,TATAMOTORS-EQ,331.5,0.0009049773755656,1,0,0.41317826174851713,0.5868217382514829,5,2025-09-23 00:00:00+05:30,2026-06-05 00:00:00+05:30,2026-06-08 00:00:00+05:30,2026-08-05 00:00:00+05:30
2026-07-10 00:00:00+05:30,ITC-EQ,281.75,-0.0037267080745342,0,0,0.40861708628639176,0.5913829137136082,5,2025-09-23 00:00:00+05:30,2026-06-05 00:00:00+05:30,2026-06-08 00:00:00+05:30,2026-08-05 00:00:00+05:30
2026-07-10 00:00:00+05:30,RELIANCE-EQ,1307.8,0.0148340724881481,1,0,0.45765165765748167,0.5423483423425184,5,2025-09-23 00:00:00+05:30,2026-06-05 00:00:00+05:30,2026-06-08 00:00:00+05:30,2026-08-05 00:00:00+05:30
2026-07-10 00:00:00+05:30,SBIN-EQ,1036.0,0.008011583011583,1,1,0.5927894998648999,0.4072105001351001,5,2025-09-23 00:00:00+05:30,2026-06-05 00:00:00+05:30,2026-06-08 00:00:00+05:30,2026-08-05 00:00:00+05:30
2026-07-10 00:00:00+05:30,SUZLON-EQ,53.92,-0.035793768545994,0,0,0.2562221175216993,0.7437778824783007,5,2025-09-23 00:00:00+05:30,2026-06-05 00:00:00+05:30,2026-06-08 00:00:00+05:30,2026-08-05 00:00:00+05:30
2026-07-10 00:00:00+05:30,TATAMOTORS-EQ,337.95,-0.0069536913744635,0,1,0.5128685110710193,0.4871314889289807,5,2025-09-23 00:00:00+05:30,2026-06-05 00:00:00+05:30,2026-06-08 00:00:00+05:30,2026-08-05 00:00:00+05:30
2026-07-13 00:00:00+05:30,SUZLON-EQ,53.17,-0.001504607861576,0,0,0.2658927805980915,0.7341072194019085,5,2025-09-23 00:00:00+05:30,2026-06-05 00:00:00+05:30,2026-06-08 00:00:00+05:30,2026-08-05 00:00:00+05:30
2026-07-13 00:00:00+05:30,SBIN-EQ,1037.0,0.0221793635486982,1,1,0.6321284436897717,0.3678715563102283,5,2025-09-23 00:00:00+05:30,2026-06-05 00:00:00+05:30,2026-06-08 00:00:00+05:30,2026-08-05 00:00:00+05:30
2026-07-13 00:00:00+05:30,TATAMOTORS-EQ,342.25,-0.0169466764061358,0,1,0.5415735396726905,0.4584264603273095,5,2025-09-23 00:00:00+05:30,2026-06-05 00:00:00+05:30,2026-06-08 00:00:00+05:30,2026-08-05 00:00:00+05:30
2026-07-13 00:00:00+05:30,ITC-EQ,279.65,0.0109064902556768,1,0,0.37631427887275565,0.6236857211272444,5,2025-09-23 00:00:00+05:30,2026-06-05 00:00:00+05:30,2026-06-08 00:00:00+05:30,2026-08-05 00:00:00+05:30
2026-07-13 00:00:00+05:30,RELIANCE-EQ,1296.9,0.0202020202020201,1,1,0.5440275166693683,0.4559724833306317,5,2025-09-23 00:00:00+05:30,2026-06-05 00:00:00+05:30,2026-06-08 00:00:00+05:30,2026-08-05 00:00:00+05:30
2026-07-14 00:00:00+05:30,ITC-EQ,275.55,0.0197786245690436,1,0,0.3845300935940777,0.6154699064059224,5,2025-09-23 00:00:00+05:30,2026-06-05 00:00:00+05:30,2026-06-08 00:00:00+05:30,2026-08-05 00:00:00+05:30
2026-07-14 00:00:00+05:30,RELIANCE-EQ,1293.0,0.0082753286929622,1,1,0.5147637572309022,0.4852362427690978,5,2025-09-23 00:00:00+05:30,2026-06-05 00:00:00+05:30,2026-06-08 00:00:00+05:30,2026-08-05 00:00:00+05:30
2026-07-14 00:00:00+05:30,SBIN-EQ,1015.4,0.0285601733307072,1,0,0.3950197854684171,0.6049802145315829,5,2025-09-23 00:00:00+05:30,2026-06-05 00:00:00+05:30,2026-06-08 00:00:00+05:30,2026-08-05 00:00:00+05:30
2026-07-14 00:00:00+05:30,SUZLON-EQ,52.47,0.0133409567371831,1,0,0.3010027793928663,0.6989972206071338,5,2025-09-23 00:00:00+05:30,2026-06-05 00:00:00+05:30,2026-06-08 00:00:00+05:30,2026-08-05 00:00:00+05:30
2026-07-14 00:00:00+05:30,TATAMOTORS-EQ,333.35,0.0013499325033747,1,0,0.37401551101029973,0.6259844889897003,5,2025-09-23 00:00:00+05:30,2026-06-05 00:00:00+05:30,2026-06-08 00:00:00+05:30,2026-08-05 00:00:00+05:30
2026-07-15 00:00:00+05:30,TATAMOTORS-EQ,333.0,-0.0159159159159159,0,1,0.5108673619767642,0.4891326380232358,5,2025-09-23 00:00:00+05:30,2026-06-05 00:00:00+05:30,2026-06-08 00:00:00+05:30,2026-08-05 00:00:00+05:30
2026-07-15 00:00:00+05:30,SUZLON-EQ,52.42,0.0112552460892787,1,0,0.42964729284004344,0.5703527071599566,5,2025-09-23 00:00:00+05:30,2026-06-05 00:00:00+05:30,2026-06-08 00:00:00+05:30,2026-08-05 00:00:00+05:30
2026-07-15 00:00:00+05:30,SBIN-EQ,1030.1,-0.0049509756334336,0,1,0.5296021980020853,0.4703978019979147,5,2025-09-23 00:00:00+05:30,2026-06-05 00:00:00+05:30,2026-06-08 00:00:00+05:30,2026-08-05 00:00:00+05:30
2026-07-15 00:00:00+05:30,ITC-EQ,276.65,0.0150009036688958,1,1,0.5589488020168496,0.4410511979831504,5,2025-09-23 00:00:00+05:30,2026-06-05 00:00:00+05:30,2026-06-08 00:00:00+05:30,2026-08-05 00:00:00+05:30
2026-07-15 00:00:00+05:30,RELIANCE-EQ,1295.5,-0.0053261289077577,0,1,0.6109242105420502,0.38907578945794985,5,2025-09-23 00:00:00+05:30,2026-06-05 00:00:00+05:30,2026-06-08 00:00:00+05:30,2026-08-05 00:00:00+05:30
2026-07-16 00:00:00+05:30,ITC-EQ,279.35,0.006980490424199,1,1,0.5399784369601286,0.4600215630398714,5,2025-09-23 00:00:00+05:30,2026-06-05 00:00:00+05:30,2026-06-08 00:00:00+05:30,2026-08-05 00:00:00+05:30
2026-07-16 00:00:00+05:30,RELIANCE-EQ,1296.6,-0.0188184482492672,0,1,0.5814396672598242,0.4185603327401758,5,2025-09-23 00:00:00+05:30,2026-06-05 00:00:00+05:30,2026-06-08 00:00:00+05:30,2026-08-05 00:00:00+05:30
2026-07-16 00:00:00+05:30,SBIN-EQ,1031.2,-0.0180372381691233,0,1,0.6458582402047609,0.3541417597952391,5,2025-09-23 00:00:00+05:30,2026-06-05 00:00:00+05:30,2026-06-08 00:00:00+05:30,2026-08-05 00:00:00+05:30
2026-07-16 00:00:00+05:30,SUZLON-EQ,51.97,0.0080815855301135,1,0,0.4390592468237692,0.5609407531762308,5,2025-09-23 00:00:00+05:30,2026-06-05 00:00:00+05:30,2026-06-08 00:00:00+05:30,2026-08-05 00:00:00+05:30
2026-07-16 00:00:00+05:30,TATAMOTORS-EQ,331.8,-0.0226039783001807,0,1,0.5819554471042436,0.41804455289575637,5,2025-09-23 00:00:00+05:30,2026-06-05 00:00:00+05:30,2026-06-08 00:00:00+05:30,2026-08-05 00:00:00+05:30
2026-07-17 00:00:00+05:30,TATAMOTORS-EQ,335.6,-0.035160905840286,0,1,0.5569636762999259,0.44303632370007406,5,2025-09-23 00:00:00+05:30,2026-06-05 00:00:00+05:30,2026-06-08 00:00:00+05:30,2026-08-05 00:00:00+05:30
2026-07-17 00:00:00+05:30,SBIN-EQ,1044.3,-0.028057071722685,0,1,0.6159604094347211,0.3840395905652789,5,2025-09-23 00:00:00+05:30,2026-06-05 00:00:00+05:30,2026-06-08 00:00:00+05:30,2026-08-05 00:00:00+05:30
2026-07-17 00:00:00+05:30,SUZLON-EQ,51.99,0.0055779957684169,1,1,0.5587187481319702,0.4412812518680298,5,2025-09-23 00:00:00+05:30,2026-06-05 00:00:00+05:30,2026-06-08 00:00:00+05:30,2026-08-05 00:00:00+05:30
2026-07-17 00:00:00+05:30,ITC-EQ,280.7,0.0097969362308514,1,1,0.5313531491541013,0.46864685084589874,5,2025-09-23 00:00:00+05:30,2026-06-05 00:00:00+05:30,2026-06-08 00:00:00+05:30,2026-08-05 00:00:00+05:30
2026-07-17 00:00:00+05:30,RELIANCE-EQ,1327.2,-0.0370705244122966,0,1,0.5067505719336546,0.4932494280663454,5,2025-09-23 00:00:00+05:30,2026-06-05 00:00:00+05:30,2026-06-08 00:00:00+05:30,2026-08-05 00:00:00+05:30
2026-07-20 00:00:00+05:30,ITC-EQ,282.7,0.0111425539441105,1,1,0.5620890467406563,0.4379109532593437,5,2025-09-23 00:00:00+05:30,2026-06-05 00:00:00+05:30,2026-06-08 00:00:00+05:30,2026-08-05 00:00:00+05:30
2026-07-20 00:00:00+05:30,RELIANCE-EQ,1323.1,-0.0325750132265134,0,0,0.49418019593179907,0.5058198040682009,5,2025-09-23 00:00:00+05:30,2026-06-05 00:00:00+05:30,2026-06-08 00:00:00+05:30,2026-08-05 00:00:00+05:30
2026-07-20 00:00:00+05:30,SBIN-EQ,1060.0,-0.0371698113207547,0,1,0.583006666966003,0.416993333033997,5,2025-09-23 00:00:00+05:30,2026-06-05 00:00:00+05:30,2026-06-08 00:00:00+05:30,2026-08-05 00:00:00+05:30
2026-07-20 00:00:00+05:30,SUZLON-EQ,53.09,0.0011301563382932,1,1,0.5090143100897545,0.4909856899102455,5,2025-09-23 00:00:00+05:30,2026-06-05 00:00:00+05:30,2026-06-08 00:00:00+05:30,2026-08-05 00:00:00+05:30
2026-07-20 00:00:00+05:30,TATAMOTORS-EQ,336.45,-0.0261554465745281,0,1,0.5621813129265602,0.43781868707343985,5,2025-09-23 00:00:00+05:30,2026-06-05 00:00:00+05:30,2026-06-08 00:00:00+05:30,2026-08-05 00:00:00+05:30
2026-07-21 00:00:00+05:30,ITC-EQ,281.0,0.0129893238434162,1,1,0.5794847148796548,0.4205152851203452,5,2025-09-23 00:00:00+05:30,2026-06-05 00:00:00+05:30,2026-06-08 00:00:00+05:30,2026-08-05 00:00:00+05:30
2026-07-21 00:00:00+05:30,RELIANCE-EQ,1303.7,-0.0276137148116898,0,1,0.5121802717925871,0.48781972820741293,5,2025-09-23 00:00:00+05:30,2026-06-05 00:00:00+05:30,2026-06-08 00:00:00+05:30,2026-08-05 00:00:00+05:30
2026-07-21 00:00:00+05:30,SBIN-EQ,1044.4,-0.0298736116430486,0,1,0.5474680843971114,0.45253191560288863,5,2025-09-23 00:00:00+05:30,2026-06-05 00:00:00+05:30,2026-06-08 00:00:00+05:30,2026-08-05 00:00:00+05:30
2026-07-21 00:00:00+05:30,SUZLON-EQ,53.17,-0.0968591310889599,0,1,0.5863286724637915,0.4136713275362085,5,2025-09-23 00:00:00+05:30,2026-06-05 00:00:00+05:30,2026-06-08 00:00:00+05:30,2026-08-05 00:00:00+05:30
2026-07-21 00:00:00+05:30,TATAMOTORS-EQ,333.8,-0.0281605751947274,0,1,0.5686250956277548,0.43137490437224524,5,2025-09-23 00:00:00+05:30,2026-06-05 00:00:00+05:30,2026-06-08 00:00:00+05:30,2026-08-05 00:00:00+05:30
2026-07-22 00:00:00+05:30,SUZLON-EQ,53.01,-0.1048858705904545,0,1,0.5438221635797245,0.45617783642027554,5,2025-09-23 00:00:00+05:30,2026-06-05 00:00:00+05:30,2026-06-08 00:00:00+05:30,2026-08-05 00:00:00+05:30
2026-07-22 00:00:00+05:30,SBIN-EQ,1025.0,-0.0110243902439024,0,1,0.5100762139696603,0.4899237860303397,5,2025-09-23 00:00:00+05:30,2026-06-05 00:00:00+05:30,2026-06-08 00:00:00+05:30,2026-08-05 00:00:00+05:30
2026-07-22 00:00:00+05:30,TATAMOTORS-EQ,327.7,0.0064083002746415,1,0,0.4991601196780027,0.5008398803219973,5,2025-09-23 00:00:00+05:30,2026-06-05 00:00:00+05:30,2026-06-08 00:00:00+05:30,2026-08-05 00:00:00+05:30
2026-07-22 00:00:00+05:30,ITC-EQ,280.8,0.0194088319088319,1,1,0.5755436272570906,0.42445637274290937,5,2025-09-23 00:00:00+05:30,2026-06-05 00:00:00+05:30,2026-06-08 00:00:00+05:30,2026-08-05 00:00:00+05:30
2026-07-22 00:00:00+05:30,RELIANCE-EQ,1288.6,-0.0098556573024987,0,1,0.5599078860671601,0.44009211393283987,5,2025-09-23 00:00:00+05:30,2026-06-05 00:00:00+05:30,2026-06-08 00:00:00+05:30,2026-08-05 00:00:00+05:30
2026-07-23 00:00:00+05:30,TATAMOTORS-EQ,324.3,0.0305272895467159,1,0,0.4668619790542521,0.5331380209457479,5,2025-09-23 00:00:00+05:30,2026-06-05 00:00:00+05:30,2026-06-08 00:00:00+05:30,2026-08-05 00:00:00+05:30
2026-07-23 00:00:00+05:30,SUZLON-EQ,52.39,-0.0952471845772093,0,1,0.5508329299500432,0.4491670700499568,5,2025-09-23 00:00:00+05:30,2026-06-05 00:00:00+05:30,2026-06-08 00:00:00+05:30,2026-08-05 00:00:00+05:30
2026-07-23 00:00:00+05:30,ITC-EQ,281.3,0.0133309633842872,1,1,0.5410829979721709,0.45891700202782915,5,2025-09-23 00:00:00+05:30,2026-06-05 00:00:00+05:30,2026-06-08 00:00:00+05:30,2026-08-05 00:00:00+05:30
2026-07-23 00:00:00+05:30,RELIANCE-EQ,1272.2,0.0162710265681496,1,1,0.5080746514208169,0.49192534857918313,5,2025-09-23 00:00:00+05:30,2026-06-05 00:00:00+05:30,2026-06-08 00:00:00+05:30,2026-08-05 00:00:00+05:30
2026-07-23 00:00:00+05:30,SBIN-EQ,1012.6,0.0125419711633418,1,1,0.6194841395095275,0.3805158604904725,5,2025-09-23 00:00:00+05:30,2026-06-05 00:00:00+05:30,2026-06-08 00:00:00+05:30,2026-08-05 00:00:00+05:30
2026-07-24 00:00:00+05:30,ITC-EQ,283.45,-0.008643499735403,0,0,0.4757191604490248,0.5242808395509753,5,2025-09-23 00:00:00+05:30,2026-06-05 00:00:00+05:30,2026-06-08 00:00:00+05:30,2026-08-05 00:00:00+05:30
2026-07-24 00:00:00+05:30,RELIANCE-EQ,1278.0,0.023317683881064,1,0,0.4538228444397982,0.5461771555602017,5,2025-09-23 00:00:00+05:30,2026-06-05 00:00:00+05:30,2026-06-08 00:00:00+05:30,2026-08-05 00:00:00+05:30
2026-07-24 00:00:00+05:30,SUZLON-EQ,52.28,-0.0816755929609793,0,1,0.5692004517633089,0.4307995482366911,5,2025-09-23 00:00:00+05:30,2026-06-05 00:00:00+05:30,2026-06-08 00:00:00+05:30,2026-08-05 00:00:00+05:30
2026-07-24 00:00:00+05:30,TATAMOTORS-EQ,323.8,0.0492588017294626,1,0,0.47848926235900563,0.5215107376409944,5,2025-09-23 00:00:00+05:30,2026-06-05 00:00:00+05:30,2026-06-08 00:00:00+05:30,2026-08-05 00:00:00+05:30
2026-07-24 00:00:00+05:30,SBIN-EQ,1015.0,0.012216748768473,1,0,0.479240684195232,0.520759315804768,5,2025-09-23 00:00:00+05:30,2026-06-05 00:00:00+05:30,2026-06-08 00:00:00+05:30,2026-08-05 00:00:00+05:30
2026-07-27 00:00:00+05:30,ITC-EQ,285.85,0.0040230890327093,1,0,0.45661034153129443,0.5433896584687056,5,2025-09-23 00:00:00+05:30,2026-06-05 00:00:00+05:30,2026-06-08 00:00:00+05:30,2026-08-05 00:00:00+05:30
2026-07-27 00:00:00+05:30,RELIANCE-EQ,1280.0,0.03046875,1,0,0.3961637468768439,0.603836253123156,5,2025-09-23 00:00:00+05:30,2026-06-05 00:00:00+05:30,2026-06-08 00:00:00+05:30,2026-08-05 00:00:00+05:30
2026-07-27 00:00:00+05:30,SBIN-EQ,1020.6,0.0239075053889867,1,0,0.4236674866580024,0.5763325133419976,5,2025-09-23 00:00:00+05:30,2026-06-05 00:00:00+05:30,2026-06-08 00:00:00+05:30,2026-08-05 00:00:00+05:30
2026-07-27 00:00:00+05:30,SUZLON-EQ,53.15,-0.095014111006585,0,0,0.4991267543378356,0.5008732456621644,5,2025-09-23 00:00:00+05:30,2026-06-05 00:00:00+05:30,2026-06-08 00:00:00+05:30,2026-08-05 00:00:00+05:30
2026-07-27 00:00:00+05:30,TATAMOTORS-EQ,327.65,0.0660766061345949,1,0,0.4386990382180253,0.5613009617819746,5,2025-09-23 00:00:00+05:30,2026-06-05 00:00:00+05:30,2026-06-08 00:00:00+05:30,2026-08-05 00:00:00+05:30
2026-07-28 00:00:00+05:30,TATAMOTORS-EQ,324.4,0.0744451294697905,1,0,0.4529517731907462,0.5470482268092538,5,2025-09-23 00:00:00+05:30,2026-06-05 00:00:00+05:30,2026-06-08 00:00:00+05:30,2026-08-05 00:00:00+05:30
2026-07-28 00:00:00+05:30,SUZLON-EQ,48.02,-0.0002082465639318,0,0,0.40672895167746065,0.5932710483225394,5,2025-09-23 00:00:00+05:30,2026-06-05 00:00:00+05:30,2026-06-08 00:00:00+05:30,2026-08-05 00:00:00+05:30
2026-07-28 00:00:00+05:30,RELIANCE-EQ,1267.7,0.0183008598248797,1,0,0.39434724145280875,0.6056527585471913,5,2025-09-23 00:00:00+05:30,2026-06-05 00:00:00+05:30,2026-06-08 00:00:00+05:30,2026-08-05 00:00:00+05:30
2026-07-28 00:00:00+05:30,ITC-EQ,284.65,0.015281925171263,1,0,0.4164383544690222,0.5835616455309778,5,2025-09-23 00:00:00+05:30,2026-06-05 00:00:00+05:30,2026-06-08 00:00:00+05:30,2026-08-05 00:00:00+05:30
2026-07-28 00:00:00+05:30,SBIN-EQ,1013.2,0.0291156731148836,1,0,0.41146945251566214,0.5885305474843379,5,2025-09-23 00:00:00+05:30,2026-06-05 00:00:00+05:30,2026-06-08 00:00:00+05:30,2026-08-05 00:00:00+05:30
2026-07-29 00:00:00+05:30,ITC-EQ,286.25,0.0024454148471615,1,0,0.448556902048461,0.551443097951539,5,2025-09-23 00:00:00+05:30,2026-06-05 00:00:00+05:30,2026-06-08 00:00:00+05:30,2026-08-05 00:00:00+05:30
2026-07-29 00:00:00+05:30,RELIANCE-EQ,1275.9,0.0032134179794653,1,1,0.6018366331617713,0.3981633668382287,5,2025-09-23 00:00:00+05:30,2026-06-05 00:00:00+05:30,2026-06-08 00:00:00+05:30,2026-08-05 00:00:00+05:30
2026-07-29 00:00:00+05:30,SBIN-EQ,1013.7,0.0407418368353555,1,1,0.6355115003841533,0.36448849961584673,5,2025-09-23 00:00:00+05:30,2026-06-05 00:00:00+05:30,2026-06-08 00:00:00+05:30,2026-08-05 00:00:00+05:30
2026-07-29 00:00:00+05:30,SUZLON-EQ,47.45,0.0147523709167542,1,0,0.39131651695741887,0.6086834830425811,5,2025-09-23 00:00:00+05:30,2026-06-05 00:00:00+05:30,2026-06-08 00:00:00+05:30,2026-08-05 00:00:00+05:30
2026-07-29 00:00:00+05:30,TATAMOTORS-EQ,329.8,0.0606428138265615,1,1,0.5667556642167695,0.4332443357832305,5,2025-09-23 00:00:00+05:30,2026-06-05 00:00:00+05:30,2026-06-08 00:00:00+05:30,2026-08-05 00:00:00+05:30
2026-07-30 00:00:00+05:30,ITC-EQ,285.05,0.0029819329942113,1,0,0.4675198212684539,0.5324801787315461,5,2025-09-23 00:00:00+05:30,2026-06-05 00:00:00+05:30,2026-06-08 00:00:00+05:30,2026-08-05 00:00:00+05:30
2026-07-30 00:00:00+05:30,RELIANCE-EQ,1292.9,0.0248279062572511,1,1,0.5319369883191899,0.4680630116808101,5,2025-09-23 00:00:00+05:30,2026-06-05 00:00:00+05:30,2026-06-08 00:00:00+05:30,2026-08-05 00:00:00+05:30
2026-07-30 00:00:00+05:30,SBIN-EQ,1025.3,0.0582268604310933,1,1,0.6241585444999744,0.37584145550002557,5,2025-09-23 00:00:00+05:30,2026-06-05 00:00:00+05:30,2026-06-08 00:00:00+05:30,2026-08-05 00:00:00+05:30
2026-07-30 00:00:00+05:30,SUZLON-EQ,47.4,0.0147679324894516,1,0,0.3722767401267313,0.6277232598732687,5,2025-09-23 00:00:00+05:30,2026-06-05 00:00:00+05:30,2026-06-08 00:00:00+05:30,2026-08-05 00:00:00+05:30
2026-07-30 00:00:00+05:30,TATAMOTORS-EQ,334.2,0.0333632555356075,1,1,0.5290386075940605,0.4709613924059395,5,2025-09-23 00:00:00+05:30,2026-06-05 00:00:00+05:30,2026-06-08 00:00:00+05:30,2026-08-05 00:00:00+05:30
2026-07-31 00:00:00+05:30,TATAMOTORS-EQ,339.75,0.0213392200147166,1,1,0.5795656615304647,0.42043433846953526,5,2025-09-23 00:00:00+05:30,2026-06-05 00:00:00+05:30,2026-06-08 00:00:00+05:30,2026-08-05 00:00:00+05:30
2026-07-31 00:00:00+05:30,SBIN-EQ,1027.4,0.0679384854973719,1,1,0.666354627494989,0.33364537250501103,5,2025-09-23 00:00:00+05:30,2026-06-05 00:00:00+05:30,2026-06-08 00:00:00+05:30,2026-08-05 00:00:00+05:30
2026-07-31 00:00:00+05:30,SUZLON-EQ,48.01,0.0029160591543428,1,0,0.32084460531743175,0.6791553946825682,5,2025-09-23 00:00:00+05:30,2026-06-05 00:00:00+05:30,2026-06-08 00:00:00+05:30,2026-08-05 00:00:00+05:30
2026-07-31 00:00:00+05:30,ITC-EQ,281.0,0.0181494661921708,1,1,0.5135038402910339,0.4864961597089661,5,2025-09-23 00:00:00+05:30,2026-06-05 00:00:00+05:30,2026-06-08 00:00:00+05:30,2026-08-05 00:00:00+05:30
2026-07-31 00:00:00+05:30,RELIANCE-EQ,1307.8,0.0206453586175257,1,1,0.5013877714127248,0.49861222858727516,5,2025-09-23 00:00:00+05:30,2026-06-05 00:00:00+05:30,2026-06-08 00:00:00+05:30,2026-08-05 00:00:00+05:30
2026-08-03 00:00:00+05:30,ITC-EQ,287.0,-0.0151567944250872,0,0,0.3592028315291973,0.6407971684708027,5,2025-09-23 00:00:00+05:30,2026-06-05 00:00:00+05:30,2026-06-08 00:00:00+05:30,2026-08-05 00:00:00+05:30
2026-08-03 00:00:00+05:30,RELIANCE-EQ,1319.0,0.0062926459438967,1,1,0.5523968579390921,0.4476031420609079,5,2025-09-23 00:00:00+05:30,2026-06-05 00:00:00+05:30,2026-06-08 00:00:00+05:30,2026-08-05 00:00:00+05:30
2026-08-03 00:00:00+05:30,SBIN-EQ,1045.0,0.0248803827751196,1,1,0.558894843511734,0.441105156488266,5,2025-09-23 00:00:00+05:30,2026-06-05 00:00:00+05:30,2026-06-08 00:00:00+05:30,2026-08-05 00:00:00+05:30
2026-08-03 00:00:00+05:30,SUZLON-EQ,48.1,-0.0124740124740124,0,0,0.2788404949747743,0.7211595050252257,5,2025-09-23 00:00:00+05:30,2026-06-05 00:00:00+05:30,2026-06-08 00:00:00+05:30,2026-08-05 00:00:00+05:30
2026-08-03 00:00:00+05:30,TATAMOTORS-EQ,349.3,-0.0062983109075293,0,1,0.5450242066611763,0.45497579333882365,5,2025-09-23 00:00:00+05:30,2026-06-05 00:00:00+05:30,2026-06-08 00:00:00+05:30,2026-08-05 00:00:00+05:30
2026-08-04 00:00:00+05:30,TATAMOTORS-EQ,348.55,-0.0027255773920527,0,0,0.4958382679733109,0.5041617320266891,5,2025-09-23 00:00:00+05:30,2026-06-05 00:00:00+05:30,2026-06-08 00:00:00+05:30,2026-08-05 00:00:00+05:30
2026-08-04 00:00:00+05:30,SUZLON-EQ,48.01,-0.0106227869193917,0,1,0.5063643566180329,0.4936356433819671,5,2025-09-23 00:00:00+05:30,2026-06-05 00:00:00+05:30,2026-06-08 00:00:00+05:30,2026-08-05 00:00:00+05:30
2026-08-04 00:00:00+05:30,RELIANCE-EQ,1290.9,0.0255635603067627,1,0,0.4857468701224432,0.5142531298775568,5,2025-09-23 00:00:00+05:30,2026-06-05 00:00:00+05:30,2026-06-08 00:00:00+05:30,2026-08-05 00:00:00+05:30
2026-08-04 00:00:00+05:30,ITC-EQ,289.0,-0.0346020761245674,0,0,0.46450577719036074,0.5354942228096393,5,2025-09-23 00:00:00+05:30,2026-06-05 00:00:00+05:30,2026-06-08 00:00:00+05:30,2026-08-05 00:00:00+05:30
2026-08-04 00:00:00+05:30,SBIN-EQ,1042.7,0.0223458329337296,1,1,0.6651617849102262,0.33483821508977385,5,2025-09-23 00:00:00+05:30,2026-06-05 00:00:00+05:30,2026-06-08 00:00:00+05:30,2026-08-05 00:00:00+05:30
2026-08-05 00:00:00+05:30,SUZLON-EQ,48.15,-0.022429906542056,0,1,0.5236566663488,0.47634333365119996,5,2025-09-23 00:00:00+05:30,2026-06-05 00:00:00+05:30,2026-06-08 00:00:00+05:30,2026-08-05 00:00:00+05:30
2026-08-05 00:00:00+05:30,ITC-EQ,286.95,-0.0364174943369924,0,0,0.4004225391494505,0.5995774608505495,5,2025-09-23 00:00:00+05:30,2026-06-05 00:00:00+05:30,2026-06-08 00:00:00+05:30,2026-08-05 00:00:00+05:30
2026-08-05 00:00:00+05:30,RELIANCE-EQ,1280.0,0.031640625,1,1,0.5330516992009583,0.4669483007990417,5,2025-09-23 00:00:00+05:30,2026-06-05 00:00:00+05:30,2026-06-08 00:00:00+05:30,2026-08-05 00:00:00+05:30
2026-08-05 00:00:00+05:30,SBIN-EQ,1055.0,0.024170616113744,1,1,0.7394922688048794,0.2605077311951206,5,2025-09-23 00:00:00+05:30,2026-06-05 00:00:00+05:30,2026-06-08 00:00:00+05:30,2026-08-05 00:00:00+05:30
2026-08-05 00:00:00+05:30,TATAMOTORS-EQ,349.8,-0.0222984562607204,0,1,0.5112103240487526,0.48878967595124745,5,2025-09-23 00:00:00+05:30,2026-06-05 00:00:00+05:30,2026-06-08 00:00:00+05:30,2026-08-05 00:00:00+05:30
