date,Symbol,close,volume,return_1d,return_5d,return_10d,sma20,sma120,sma20_sma120_ratio,rsi,etq_5m,etq_20m,etq_60m,high_low_range,open_close_range,volatility_10d,volatility_20d,volume_change,volume_ratio,momentum_5d,momentum_20d,future_return,target
2025-09-23 00:00:00+05:30,ITC-EQ,403.2,14936357,-0.009214891264283098,-0.023965141612200536,-0.01670527984392156,409.4225,417.9075,0.9796964639304152,40.60868222107513,199151.42666666667,796605.7066666667,2389817.12,0.014880952380952382,-0.009579955784819539,0.0062628860824722665,0.00975617994764598,0.672458471987718,1.113050726875509,-0.023965141612200536,0.009640666082383786,-0.0040922619047618625,0
2025-09-23 00:00:00+05:30,RELIANCE-EQ,1389.8,14014702,-0.0005752912411908229,-0.01102967337934957,0.009882284551663956,1384.325,1401.9095833333333,0.9874566922557714,47.797655987051414,186862.69333333333,747450.7733333333,2242352.32,0.013095409411426137,-0.0008626887131560355,0.005959786310532964,0.008827344388427328,0.8064908732567926,1.390798174459935,-0.01102967337934957,-0.01614045023361177,-0.01856382213268093,0
2025-09-23 00:00:00+05:30,SBIN-EQ,870.6,14357863,0.01794796843028368,0.046960495460285134,0.07634295604871122,824.4725000000001,805.2933333333333,1.0238163733298014,75.13170675424385,191438.17333333334,765752.6933333334,2297258.08,0.026475993567654437,0.01872220922068804,0.011208279495798144,0.009731033587385864,1.177402027347751,1.883308437322637,0.046960495460285134,0.06632371853757113,0.0021249712841717727,1
2025-09-23 00:00:00+05:30,SUZLON-EQ,58.75,43152416,-0.019689637910896063,-0.0038996269922007,0.0296179460217314,57.987,61.33991666666667,0.9453387476072541,47.86224301038022,575365.5466666666,2301462.1866666665,6904386.56,0.02553191489361702,-0.020833333333333332,0.01347428875979366,0.012263701383908424,-0.304864900043075,0.8430497616441027,-0.0038996269922007,0.022984502873062862,-0.06297872340425537,0
2025-09-23 00:00:00+05:30,TATAMOTORS-EQ,424.58,19665022,0.007331134783743254,-0.016675158645606536,-0.019830551515571337,423.721,413.12,1.0256608249419055,52.25270660708752,262200.29333333333,1048801.1733333333,3146403.52,0.015403457534504736,-0.000635518418265361,0.009276808300271206,0.014397622550613795,0.22872973730706114,1.2238496444670972,-0.016675158645606536,0.021189600019241306,-0.030170992510245465,0
2025-09-24 00:00:00+05:30,ITC-EQ,401.0,12380865,-0.005456349206349187,-0.020278524309797263,-0.029173223580680308,409.305,417.86041666666665,0.9795256589870023,38.26626638098161,165078.2,660312.8,1980938.4,0.009850374064837877,-0.005456349206349178,0.005481268490516742,0.009575738862996772,-0.17109205410663386,0.9272284027513393,-0.020278524309797263,-0.00582620552869717,0.011471321695760706,1
2025-09-24 00:00:00+05:30,RELIANCE-EQ,1383.0,5922759,-0.004892790329543817,-0.021785259584099603,0.004357298474945592,1384.23,1402.99625,0.9866241623953023,45.13558181681145,78970.12,315880.48,947641.44,0.011279826464208177,-0.0016602901898505411,0.006246984698500739,0.007718561344595493,-0.57738958702083,0.6064915711700535,-0.021785259584099603,-0.0013719402122898128,-0.010339840925524202,0
2025-09-24 00:00:00+05:30,SBIN-EQ,866.2,12840160,-0.005053985756949153,0.010558245347955575,0.05866536299193359,827.39,806.0808333333333,1.0264355208379639,71.32136854226144,171202.13333333333,684808.5333333333,2054425.6,0.01852920803509577,-0.011187214611872094,0.011748065794763625,0.009393515345378547,-0.10570535461997377,1.6220798189761267,0.010558245347955575,0.07222875533824347,-0.002424382359732191,0
2025-09-24 00:00:00+05:30,SUZLON-EQ,57.5,36883372,-0.021276595744680882,-0.030190588632147075,-0.0012159110647906868,58.0135,61.3545,0.9455459664735267,42.248240762031806,491778.29333333333,1967113.1733333333,5901339.5200000005,0.026434782608695705,-0.021776114324600224,0.015264665409806113,0.01311760256483954,-0.14527677894095203,0.7330101369491904,-0.030190588632147075,0.009303142004563725,-0.04034782608695653,0
2025-09-24 00:00:00+05:30,TATAMOTORS-EQ,413.44,21891003,-0.026237693720853494,-0.050327322843689015,-0.03687655787732658,423.76050000000004,413.17600000000004,1.0256174124344104,43.77136282728543,291880.04000000004,1167520.1600000001,3502560.48,0.0322174922600619,-0.02504362590199501,0.01194687646211981,0.015553024853302741,0.11319494074301062,1.3232354482269968,-0.050327322843689015,0.0019144553495697991,0.051833397832817374,1
2025-09-25 00:00:00+05:30,ITC-EQ,400.1,22006368,-0.0022443890274314038,-0.027821649860284237,-0.036019756655824575,409.265,417.78583333333336,0.9796047815567385,37.3179198940234,293418.24,1173672.96,3521018.88,0.012496875781054736,-0.0033628098144226327,0.004775647278803732,0.009491031278497482,0.7774499600795259,1.5912875951903498,-0.027821649860284237,-0.0019955101022697264,0.010497375656085994,1
2025-09-25 00:00:00+05:30,RELIANCE-EQ,1372.4,11411143,-0.007664497469269671,-0.03010600706713773,-0.007879707944769665,1383.5549999999998,1404.0066666666667,0.9854333550173074,41.276385690698504,152148.57333333333,608594.2933333333,1825782.88,0.011294083357621684,-0.006443205675812542,0.006541586710353547,0.007900631766919776,0.926660024491964,1.179071609966718,-0.03010600706713773,-0.009740962551410659,-0.006557854852812572,0
2025-09-25 00:00:00+05:30,SBIN-EQ,861.15,8678821,-0.005830062341260711,0.00795926727921814,0.04552904753232556,830.35,806.7908333333334,1.0292010837174856,67.11430789834881,115717.61333333334,462870.45333333337,1388611.36,0.011844626371712167,-0.006231608101090505,0.01229512862644636,0.00930945266252614,-0.324087783952848,1.0910057268296744,0.00795926727921814,0.07382006359498705,0.007141612959414623,1
2025-09-25 00:00:00+05:30,SUZLON-EQ,56.64,38206699,-0.014956521739130424,-0.04129993229519291,-0.005268703898840821,58.029500000000006,61.34791666666667,0.9459082419261725,38.870167468838616,509422.6533333334,2037690.6133333335,6113071.840000001,0.03089689265536723,-0.014956521739130426,0.015632190220378313,0.013310292133540319,0.03587868809825734,0.7743414025726103,-0.04129993229519291,0.005681818181818121,-0.03848870056497178,0
2025-09-25 00:00:00+05:30,TATAMOTORS-EQ,402.15,40780847,-0.027307469040247723,-0.06594044688066159,-0.05885794523753807,423.42299999999994,413.13766666666663,1.0248956562501765,37.184079474930996,543744.6266666667,2174978.506666667,6524935.52,0.029665547681213496,-0.008359224737387294,0.01410323973257772,0.016623033148441994,0.8629044544007418,2.2909623488298556,-0.06594044688066159,-0.01650770359501097,0.07798085291557877,1
2025-09-26 00:00:00+05:30,ITC-EQ,405.1,14414044,0.012496875781054628,-0.013515158894435553,-0.020906344410876132,409.0325,417.75,0.9791322561340515,45.41188333856614,192187.25333333333,768749.0133333333,2306247.04,0.015058010367810333,0.012496875781054736,0.0070026425606117245,0.008505985219892447,-0.34500577287446976,1.084803984010622,-0.013515158894435553,-0.011348383160463604,-0.010738089360651792,0
2025-09-26 00:00:00+05:30,RELIANCE-EQ,1377.6,9879109,0.0037889828038470963,-0.021173795651556193,-0.012473118279569984,1384.575,1405.0808333333332,0.9854059404648725,43.81434925020281,131721.45333333334,526885.8133333334,1580657.44,0.012122531939605144,0.004081632653061158,0.005949463189261102,0.006341175824844703,-0.1342577163391958,1.0698521666127299,-0.021173795651556193,0.015030946065428763,-0.0018873403019743495,0
2025-09-26 00:00:00+05:30,SBIN-EQ,856.95,6959545,-0.004877199094234341,-0.0062619586014959205,0.040556128953919135,833.0725,807.4387499999999,1.0317469900967722,63.746420939819885,92793.93333333333,371175.73333333334,1113527.2,0.013244646712176933,-0.005858468677494147,0.012583606171696435,0.009482855250064065,-0.19810017973639504,0.8743381496476067,-0.0062619586014959205,0.06785046728971977,0.01995448976019598,1
2025-09-26 00:00:00+05:30,SUZLON-EQ,55.28,54393034,-0.02401129943502822,-0.08476821192052975,-0.032043424969357304,57.972,61.3295,0.9452547305945752,34.21153792231178,725240.4533333333,2900961.813333333,8702885.44,0.03762662807525322,-0.029494382022471906,0.017228710570988032,0.014371402912571413,0.42365175279863876,1.1155739007103136,-0.08476821192052975,-0.02037923090554672,-0.021164978292329995,0
2025-09-26 00:00:00+05:30,TATAMOTORS-EQ,407.36,26067304,0.012955364913589618,-0.04882433978564915,-0.05919305295734312,423.5415,413.23333333333335,1.024945148019682,41.55517973974745,347564.05333333334,1390256.2133333334,4170768.64,0.026757659073055717,0.010367577756833193,0.01404880930100286,0.016753366187095147,-0.3607954243814504,1.4146494744539724,-0.04882433978564915,0.00585199634558875,0.0590632364493322,1
2025-09-29 00:00:00+05:30,ITC-EQ,407.25,19717660,0.005307331523080716,0.0007371913011426923,-0.013086150490730586,409.1025,417.7295833333333,0.9793476840579682,48.4918561138723,262902.1333333333,1051608.5333333332,3154825.6,0.01178637200736651,0.0008601622020152931,0.007373837225879995,0.008326128506170961,0.3679478153389846,1.4434901543661005,0.0007371913011426923,0.0034495503264753147,-0.018293431553100037,0
2025-09-29 00:00:00+05:30,RELIANCE-EQ,1372.8,14231999,-0.0034843205574912606,-0.012800230116496447,-0.01893804044879588,1385.52,1406.4816666666668,0.9850963811591333,42.00949298368509,189759.98666666666,759039.9466666667,2277119.84,0.015297202797202798,-0.006369426751592324,0.005779536738201196,0.006373399789060027,0.44061564661347496,1.5166116514827885,-0.012800230116496447,0.013959672058497574,0.00874125874125875,1
2025-09-29 00:00:00+05:30,SBIN-EQ,870.75,22641712,0.01610362331524584,0.01812335574393442,0.055774477114276966,836.3075000000001,808.2995833333333,1.0346504158163305,69.2130920119622,301889.49333333335,1207557.9733333334,3622673.92,0.020097616996841802,0.014801002272594892,0.01308997136152486,0.009904050540133973,2.2533322221495804,2.5697441397423804,0.01812335574393442,0.08026797345077852,-0.0069480333046223475,0
2025-09-29 00:00:00+05:30,SUZLON-EQ,55.28,49687799,0.0,-0.07759052227598862,-0.048045462372998116,57.842999999999996,61.328833333333336,0.9431615906601842,34.21153792231176,662503.9866666666,2650015.9466666663,7950047.839999999,0.02188856729377715,-0.007540394973070048,0.01583180742201776,0.012983277361315819,-0.08650436745264112,1.032947769210308,-0.07759052227598862,-0.04459039059799508,-0.022973950795947995,0
2025-09-29 00:00:00+05:30,TATAMOTORS-EQ,407.11,21498284,-0.0006137077769049482,-0.03411706090298705,-0.05667678476261084,423.00699999999995,413.52916666666664,1.022919382953641,41.40628673509278,286643.7866666667,1146575.1466666667,3439725.44,0.022303554321927696,-0.016808752143357353,0.01413108300660184,0.015057956705936995,-0.17527781162179257,1.1392730444446812,-0.03411706090298705,-0.025586404978458543,0.03799955785905529,1
2025-09-30 00:00:00+05:30,ITC-EQ,401.55,9465490,-0.013996316758747684,-0.0040922619047618625,-0.027959331880900495,408.84250000000003,417.69208333333336,0.9788131408603427,41.76406353401395,126206.53333333334,504826.13333333336,1514478.4000000001,0.01581372182791688,-0.012784265519360759,0.008315481426932454,0.00889012933575796,-0.5199486145921981,0.7202158475213138,-0.0040922619047618625,-0.012784265519360738,-0.0044826298094882144,0
2025-09-30 00:00:00+05:30,RELIANCE-EQ,1364.0,14604684,-0.0064102564102563875,-0.01856382213268093,-0.029388742617234676,1385.395,1408.1341666666667,0.9838515624398952,38.84982505817202,194729.12,778916.48,2336749.44,0.010483870967741902,-0.009512744172536424,0.005490808334212298,0.006225235755147868,0.026186412744970022,1.5311364888161871,-0.01856382213268093,-0.0018294914013904373,0.002492668621701055,1
2025-09-30 00:00:00+05:30,SBIN-EQ,872.45,12831593,0.0019523399368361893,0.0021249712841717727,0.04918525644880045,839.735,809.3458333333333,1.0375478138208327,69.8168884989555,171087.90666666668,684351.6266666667,2053054.8800000001,0.011461974898274972,0.0028737283751939765,0.01309559152486564,0.009795759349395304,-0.4332763794539918,1.3949372239314333,0.0021249712841717727,0.08527179997512135,-0.016276004355550544,0
2025-09-30 00:00:00+05:30,SUZLON-EQ,55.05,57639009,-0.0041606367583213455,-0.06297872340425537,-0.06663275686673453,57.68299999999999,61.35325,0.9401783931576565,33.42579265424716,768520.12,3074080.48,9222241.44,0.019073569482288905,-0.0059588299024919715,0.014133850486623491,0.012816025990672249,0.16002338924290038,1.2176724110044017,-0.06297872340425537,-0.05493562231759663,-0.04141689373296997,0
2025-09-30 00:00:00+05:30,TATAMOTORS-EQ,411.77,24780778,0.011446537790769096,-0.030170992510245465,-0.046343045069248245,422.8795,414.0359166666667,1.0213594593544721,45.337859808299164,330410.37333333335,1321641.4933333334,3964924.48,0.02477111008572744,0.012192423981711314,0.015060975367778524,0.015212833576891599,0.15268632603420818,1.273390699290635,-0.030170992510245465,-0.006154663062367227,0.0019914029676761924,1
2025-10-01 00:00:00+05:30,ITC-EQ,405.6,17643039,0.010085917071348538,0.011471321695760706,-0.009039824089909554,408.53499999999997,417.63416666666666,0.978212590365172,47.353152321147164,235240.52,940962.08,2822886.2399999998,0.015409270216962524,0.008077544426494346,0.008883582575608086,0.008733952575573268,0.8639329818107673,1.3188201198851408,0.011471321695760706,-0.014936247723132956,-0.014053254437869978,0
2025-10-01 00:00:00+05:30,RELIANCE-EQ,1368.7,12045916,0.003445747800586485,-0.010339840925524202,-0.03189984439100291,1385.2,1409.6883333333333,0.9826285479178022,41.385529977922936,160612.21333333332,642448.8533333333,1927346.56,0.011616862716446163,0.0012435991221653587,0.005060938852105586,0.006190243285932898,-0.17520187359069184,1.2356841882883371,-0.010339840925524202,-0.002841323036572807,0.006648644699349671,1
2025-10-01 00:00:00+05:30,SBIN-EQ,864.1,10832384,-0.009570749040059612,-0.002424382359732191,0.008108265764452005,842.3325000000001,810.1416666666667,1.0397348200417624,63.25482533414135,144431.78666666668,577727.1466666667,1733181.44,0.015796782779770965,-0.009400435629943749,0.010105227252442806,0.010141658900679026,-0.15580364807393754,1.1369921781815189,-0.002424382359732191,0.06396601613002528,-0.002314546927438932,0
2025-10-01 00:00:00+05:30,SUZLON-EQ,55.18,46144026,0.0023614895549501913,-0.04034782608695653,-0.0693202900995109,57.5425,61.37075000000001,0.9376209350545657,34.34367276902704,615253.68,2461014.72,7383044.16,0.013773106197897752,0.002361489554950092,0.013887418571396644,0.012858597286612494,-0.19943061477687796,0.9727941798202262,-0.04034782608695653,-0.04845663045352655,-0.03642624139180861,0
2025-10-01 00:00:00+05:30,TATAMOTORS-EQ,434.87,49825846,0.05609927872355924,0.051833397832817374,-0.0011025611576892524,423.6755,414.68925,1.021669840730137,59.753995183880775,664344.6133333334,2657378.4533333336,7972135.360000001,0.05679858348471954,0.054844030466210676,0.02434587269045153,0.019650110621461533,1.0106651211677051,2.3230609261210375,0.051833397832817374,0.037999761308032065,-0.05185457722997677,0
2025-10-03 00:00:00+05:30,ITC-EQ,404.3,16987141,-0.0032051282051281937,0.010497375656085994,-0.017616328514153845,407.95500000000004,417.5341666666667,0.9770577657317465,45.83261327085415,226495.21333333335,905980.8533333334,2717942.56,0.007914914667326214,-0.0014818473697208346,0.008612416427733072,0.008367241081493311,-0.03717602165930711,1.320564268766811,0.010497375656085994,-0.027891320028852973,-0.003710116250309148,0
2025-10-03 00:00:00+05:30,RELIANCE-EQ,1363.4,12842347,-0.003872287572148747,-0.006557854852812572,-0.03646643109540626,1385.405,1411.1720833333334,0.9817406511667458,39.40137721256015,171231.29333333333,684925.1733333333,2054775.52,0.01078186885726846,0.00014671361502350752,0.00485467599276091,0.005844114128525924,0.06611626712323071,1.319961293761664,-0.006557854852812572,0.003016258368277791,0.013422326536599583,1
2025-10-03 00:00:00+05:30,SBIN-EQ,867.3,8019442,0.0037032750839023354,0.007141612959414623,0.015157722244981464,845.2275,811.1841666666667,1.0419674529314653,64.62697140993109,106925.89333333334,427703.57333333336,1283110.72,0.010607632883661993,0.0024851181875975,0.010029551391359273,0.010024278971978506,-0.25967894048069196,0.8263544757011876,0.007141612959414623,0.07153446997776136,0.015392597717053036,1
2025-10-03 00:00:00+05:30,SUZLON-EQ,54.46,69042422,-0.013048205871692642,-0.03848870056497178,-0.0781990521327014,57.39450000000001,61.39783333333334,0.9347968305070483,31.734041376082146,920565.6266666667,3682262.506666667,11046787.52,0.029930224017627533,-0.01767676767676762,0.01394422040922434,0.012976065992548405,0.4962374977857371,1.4203203381056817,-0.03848870056497178,-0.051549982584465304,-0.002754315093646653,0
2025-10-03 00:00:00+05:30,TATAMOTORS-EQ,433.51,45900514,-0.003127371398348955,0.07798085291557877,0.006898313745528739,424.5415,415.36125,1.0221018450806376,58.77125481686649,612006.8533333334,2448027.4133333336,7344082.24,0.03448594034739694,-0.003333639874931002,0.024068232441341986,0.019585203322972592,-0.07878104066712688,2.0280014557087696,0.07798085291557877,0.04161560825584476,-0.05187884939217091,0
2025-10-06 00:00:00+05:30,ITC-EQ,400.75,13989077,-0.008780608459065031,-0.010738089360651792,-0.02410812127115547,407.625,417.36083333333335,0.9766728630102249,41.87799767126065,186521.02666666667,746084.1066666667,2238252.32,0.010230817217716697,-0.005583126550868486,0.008897906419469026,0.007291843812116169,-0.17649020514988367,1.0960677487271975,-0.010738089360651792,-0.016202283048975086,-0.0037429819089207506,0
2025-10-06 00:00:00+05:30,RELIANCE-EQ,1375.0,12396580,0.008508141411177839,-0.0018873403019743495,-0.023021173795651606,1385.405,1412.4724999999999,0.9808367950526471,45.553988260667445,165287.73333333334,661150.9333333333,1983452.8,0.013381818181818248,0.011029411764705883,0.006137482647602649,0.005565195080386736,-0.03471071136763393,1.232229345202631,-0.0018873403019743495,0.0,0.0,0
2025-10-06 00:00:00+05:30,SBIN-EQ,874.05,7820352,0.0077827741265998895,0.01995448976019598,0.013567576969907735,848.6,812.1858333333332,1.0448347720092797,67.39295707417895,104271.36,417085.44,1251256.32,0.014301241347748985,0.0069700460829492565,0.009904377617520693,0.009927770616678622,-0.02482591681565871,0.7950842539649751,0.01995448976019598,0.08362261343912714,0.010182483839597412,1
2025-10-06 00:00:00+05:30,SUZLON-EQ,54.11,45009790,-0.006426735218509005,-0.021164978292329995,-0.10413907284768209,57.20649999999999,61.40708333333334,0.9315944821783587,30.519990044670863,600130.5333333333,2400522.1333333333,7201566.4,0.023101090371465533,-0.016181818181818193,0.009114940870510908,0.012764653452201343,-0.3480850077941936,0.9182912694191712,-0.021164978292329995,-0.06497321582858129,0.004435409351321473,1
2025-10-06 00:00:00+05:30,TATAMOTORS-EQ,431.42,17069343,-0.004821111393047417,0.0590632364493322,0.007355173138440696,425.1755,415.9545,1.0221682900413387,57.21397717906944,227591.24,910364.96,2731094.88,0.020420935515275143,-0.007454102056780033,0.024055699248533367,0.019623220510067804,-0.6281230532625408,0.7442797301341887,0.0590632364493322,0.030281320150929103,-0.07282926150850677,0
2025-10-07 00:00:00+05:30,ITC-EQ,399.8,12298968,-0.002370555208983105,-0.018293431553100037,-0.01756972601056639,407.2375,417.18916666666667,0.9761459130250666,40.86191668559625,163986.24,655944.96,1967834.88,0.007753876938469292,-0.006708074534161462,0.008592484493246044,0.00729343616493383,-0.12081633405835135,0.945567873550207,-0.018293431553100037,-0.019016071647650623,-0.007503751875937992,0
2025-10-07 00:00:00+05:30,RELIANCE-EQ,1384.8,11244040,0.007127272727272649,0.00874125874125875,-0.00417086149863366,1385.7199999999998,1413.6783333333333,0.9802229880206128,50.158082638064315,149920.53333333333,599682.1333333333,1799046.4,0.014442518775274409,0.006395348837209269,0.005764198866898054,0.0057655537038770665,-0.09297241658586486,1.0945072818593373,0.00874125874125875,0.004570184983677894,-0.006426920854996965,0
2025-10-07 00:00:00+05:30,SBIN-EQ,864.7,9242580,-0.010697328528116112,-0.0069480333046223475,0.011049400760011707,851.3949999999999,813.0291666666667,1.0471887539909903,60.353013749940125,123234.40000000001,492937.60000000003,1478812.8,0.016190586330519254,-0.01081050163015493,0.010196789179839323,0.010462740978199755,0.18186240210159332,0.9180796909120383,-0.0069480333046223475,0.06911473788328393,0.014166763039204389,1
2025-10-07 00:00:00+05:30,SUZLON-EQ,54.01,50646458,-0.001848087229717299,-0.022973950795947995,-0.09878191223093613,57.034499999999994,61.40408333333333,0.9288388801504786,30.164906708645276,675286.1066666666,2701144.4266666663,8103433.279999999,0.015737826328457587,-0.006255749770009263,0.009524344881403328,0.012733115790165733,0.1252320439619914,1.013281355320201,-0.022973950795947995,-0.059878154917319515,-0.001110905387891048,0
2025-10-07 00:00:00+05:30,TATAMOTORS-EQ,422.58,21638500,-0.020490473320662117,0.03799955785905529,0.0025860637263042108,424.526,416.33716666666663,1.0196687540507035,51.0521972311979,288513.3333333333,1154053.3333333333,3462160.0,0.022551942827393565,-0.020490473320662072,0.024459430056285057,0.01797614412888607,0.2676820660291377,0.9694567234816573,0.03799955785905529,-0.029822990564088436,-0.06420086137536085,0
2025-10-08 00:00:00+05:30,ITC-EQ,399.75,8402463,-0.0001250625312656517,-0.0044826298094882144,-0.008556547619047561,406.72249999999997,416.98333333333335,0.9753927015468243,40.8057995635398,112032.84,448131.36,1344394.08,0.009380863039399626,-0.000625,0.008184734058198681,0.007106050017324935,-0.3168156059923076,0.6470504292879886,-0.0044826298094882144,-0.025118887940495105,0.00037523452157595116,1
2025-10-08 00:00:00+05:30,RELIANCE-EQ,1367.4,8525081,-0.012564991334488629,0.002492668621701055,-0.016117426967908965,1385.28,1414.7458333333334,0.9791723483900229,43.1767829509379,113667.74666666666,454670.98666666663,1364012.96,0.017917215152844813,-0.012564991334488637,0.006932569161868248,0.006432085042870977,-0.24181335178458985,0.834835978934424,0.002492668621701055,-0.00639441941578256,0.0050460728389642995,1
2025-10-08 00:00:00+05:30,SBIN-EQ,858.25,7156112,-0.007459234416560712,-0.016276004355550544,-0.014185619113255221,853.865,813.75,1.0492964669738862,56.00664105010029,95414.82666666666,381659.30666666664,1144977.92,0.012292455578211424,-0.009863867097369583,0.008582703801389424,0.010720961443738249,-0.22574519235970913,0.70180404752971,-0.016276004355550544,0.061074364838968886,0.03244975240314596,1
2025-10-08 00:00:00+05:30,SUZLON-EQ,52.77,60453406,-0.022958711349749916,-0.04141689373296997,-0.10178723404255319,56.81999999999999,61.391,0.9255428320112068,26.108559004009194,806045.4133333333,3224181.6533333333,9672544.959999999,0.028046238393026415,-0.025124699796785506,0.009929700305269405,0.013477584222315793,0.19363541671561713,1.171954100930321,-0.04141689373296997,-0.07518401682439535,0.01819215463331436,1
2025-10-08 00:00:00+05:30,TATAMOTORS-EQ,412.59,27369876,-0.023640494107624588,0.0019914029676761924,-0.028239672146591954,423.497,416.6675833333333,1.0163905639407593,45.13621223813747,364931.68,1459726.72,4379180.16,0.03373809350687127,-0.01920745477452645,0.025442748031498683,0.01864121492129626,0.26486937634309227,1.1945895298017568,0.0019914029676761924,-0.04751021538887745,-0.05269153396834614,0
2025-10-09 00:00:00+05:30,ITC-EQ,399.9,15656267,0.00037523452157595116,-0.014053254437869978,-0.002743142144638444,406.065,416.7554166666667,0.9743484637772154,41.06727992768006,208750.22666666668,835000.9066666667,2505002.72,0.006126531632908199,0.002255639097744304,0.008024572868180539,0.006829946220748224,0.8632949648216244,1.1766333057933487,-0.014053254437869978,-0.03183633942621966,0.013128282070517638,1
2025-10-09 00:00:00+05:30,RELIANCE-EQ,1377.8,8826633,0.007605675003656387,0.006648644699349671,-0.0037599421547360734,1385.32,1415.6066666666666,0.9786051681022506,47.849037123038144,117688.43999999999,470753.75999999995,1412261.2799999998,0.007911162723181951,0.0027656477438136495,0.007385217582751568,0.006670171900474878,0.03537233253267624,0.8600043650909197,0.006648644699349671,0.0005809731299926124,0.014878792277543962,1
2025-10-09 00:00:00+05:30,SBIN-EQ,862.1,7020501,0.004485872414797587,-0.002314546927438932,-0.004733317940429527,856.0600000000001,814.2887499999999,1.0512978350738607,57.95311042519459,93606.68,374426.72,1123280.16,0.008931678459575376,0.0005803156917363045,0.008660602021073048,0.010539649652704165,-0.018950374169660833,0.689401620885548,-0.002314546927438932,0.053654363236372404,0.028824962301357226,1
2025-10-09 00:00:00+05:30,SUZLON-EQ,53.17,63749358,0.007580064430547706,-0.03642624139180861,-0.07530434782608697,56.6,61.375166666666665,0.9221970883989453,29.406340478947143,849991.44,3399965.76,10199897.28,0.018431446304307014,0.007007575757575844,0.01065896770029854,0.013413230746897577,0.054520534376508056,1.2046865443019104,-0.03642624139180861,-0.07642869550112907,0.008275343238668409,1
2025-10-09 00:00:00+05:30,TATAMOTORS-EQ,412.32,26765084,-0.0006544026757797639,-0.05185457722997677,-0.002708978328173406,422.6495,416.96799999999996,1.0136257458605937,44.98448681582531,356867.7866666666,1427471.1466666665,4282413.4399999995,0.023792200232828877,-0.005115336357494461,0.024046829739721196,0.01857581247197693,-0.022096994520545143,1.1441088650472473,-0.05185457722997677,-0.039485638409392676,-0.03764066744276284,0
2025-10-10 00:00:00+05:30,ITC-EQ,402.8,15085738,0.007251812953238401,-0.003710116250309148,0.006748312921769584,405.4525,416.58833333333337,0.9732689745672185,46.03087894347806,201143.17333333334,804572.6933333334,2413718.08,0.010799404170804425,0.005868398052191342,0.008318276514767235,0.006969300560324418,-0.03644093448329666,1.1054614142419494,-0.003710116250309148,-0.029514516323334572,0.023212512413108177,1
2025-10-10 00:00:00+05:30,RELIANCE-EQ,1381.7,6373084,0.0028305995064596967,0.013422326536599583,0.006776450014573054,1385.24,1416.325,0.978052353802976,49.52510655200371,84974.45333333334,339897.81333333335,1019693.44,0.009336324817254172,0.0028305995064596395,0.0069643192461398395,0.006619094657568836,-0.27797111310734224,0.6313844198957179,0.013422326536599583,-0.001156654377213795,0.025403488456249512,1
2025-10-10 00:00:00+05:30,SBIN-EQ,880.65,13713015,0.021517225379886318,0.015392597717053036,0.022644138651802814,858.9100000000001,814.8216666666667,1.0541079540922043,65.80377594751485,182840.2,731360.8,2194082.4,0.02549253392380633,0.02151722537988627,0.010818556017725632,0.011329715231326693,0.9532815393089467,1.3062666131345293,0.015392597717053036,0.0692041522491349,0.00965196161925852,1
2025-10-10 00:00:00+05:30,SUZLON-EQ,54.31,58987213,0.0214406620274592,-0.002754315093646653,-0.04113700564971745,56.46849999999999,61.32533333333333,0.9208021698482409,37.911258614465325,786496.1733333333,3145984.6933333334,9437954.08,0.02798747928558282,0.018949343339587338,0.013703119557748581,0.014431892896841223,-0.0747010660091667,1.0906474929112562,-0.002754315093646653,-0.04618897084650497,-0.025593813294052636,0
2025-10-10 00:00:00+05:30,TATAMOTORS-EQ,411.02,26545473,-0.0031528909584789266,-0.05187884939217091,0.022056446599527657,421.8355,417.2146666666667,1.0110754335897427,44.21383936772248,353939.64,1415758.56,4247275.68,0.031969247238577164,-0.008539174064067977,0.02213818196049154,0.01856744193850099,-0.00820513023609415,1.0940133614051872,-0.05187884939217091,-0.038099695764100217,-0.03508345092696208,0
2025-10-13 00:00:00+05:30,ITC-EQ,399.25,9508594,-0.00881330685203574,-0.0037429819089207506,-0.014440878795359269,404.7275,416.3020833333333,0.9721966720880771,41.43067342967761,126781.25333333333,507125.0133333333,1521375.04,0.006011271133375021,-0.001875,0.007665479702596185,0.007153787871498926,-0.3696964643029065,0.6924499585140389,-0.0037429819089207506,-0.035045317220543826,0.03456480901690684,1
2025-10-13 00:00:00+05:30,RELIANCE-EQ,1375.0,7600682,-0.004849098936093199,0.0,-0.0018873403019743495,1384.24,1417.0233333333333,0.9768646481944546,46.74561456537817,101342.42666666667,405369.70666666667,1216109.12,0.007200000000000066,-0.0013799113951631133,0.007073116372433964,0.006384900532726237,0.19262228459565267,0.7522678630624584,0.0,-0.014336917562724039,0.06676363636363636,1
2025-10-13 00:00:00+05:30,SBIN-EQ,882.95,11923143,0.002611707261681806,0.010182483839597412,0.03034015986930383,861.8799999999999,815.3262500000001,1.0570983088058306,66.6355870141174,158975.24,635900.96,1907702.88,0.013704060252562458,0.0044937428896473786,0.010522124632063966,0.011301303764624937,-0.1305235938267405,1.0999082930287152,0.010182483839597412,0.07212676825936515,0.0278045189421825,1
2025-10-13 00:00:00+05:30,SUZLON-EQ,54.35,44487704,0.0007365126127785171,0.004435409351321473,-0.016823444283646904,56.33050000000001,61.28433333333333,0.9191663992428736,38.19263296674551,593169.3866666667,2372677.546666667,7118032.640000001,0.013983440662373468,0.0011051759071652658,0.01181345586119713,0.014397567531932646,-0.24580766343376825,0.8123333391901408,0.004435409351321473,-0.048327788478375044,-0.023183072677092853,0
2025-10-13 00:00:00+05:30,TATAMOTORS-EQ,400.0,54988680,-0.026811347379689487,-0.07282926150850677,-0.01806755695208173,420.186,417.3655,1.006757865707635,38.23428435782919,733182.4,2932729.6,8798188.8,0.03222500000000011,-0.026882374407006474,0.023557602348250647,0.01901317415280526,1.071489929751864,2.0882723387596123,-0.07282926150850677,-0.07619113605395045,-0.0006249999999999867,0
2025-10-14 00:00:00+05:30,ITC-EQ,396.8,10291102,-0.00613650594865367,-0.007503751875937992,-0.02565991405770407,403.935,416.0183333333333,0.9709548056776345,38.56612366972393,137214.69333333333,548858.7733333333,1646576.3199999998,0.011718750000000085,-0.007999999999999972,0.007397948172238399,0.007218812194316368,0.08229481666795313,0.7371320218587455,-0.007503751875937992,-0.0384102750514963,0.04044858870967749,1
2025-10-14 00:00:00+05:30,RELIANCE-EQ,1375.9,9768174,0.0006545454545454632,-0.006426920854996965,0.002258158508158692,1383.0700000000002,1417.6558333333332,0.97560350508204,47.174494824646416,130242.32,520969.28,1562907.84,0.013009666400174497,-0.0029710144927535573,0.006977843599576119,0.006332014944039291,0.28517072546910915,0.9463208113010237,-0.006426920854996965,-0.016722647037804572,0.06490297259975275,1
2025-10-14 00:00:00+05:30,SBIN-EQ,876.95,7681973,-0.006795401778130095,0.014166763039204389,0.007120298593166874,864.49,815.8554166666667,1.0596117674036403,62.37320198860463,102426.30666666666,409705.2266666666,1229115.68,0.013740806203318266,-0.006851642129105271,0.009833115418714,0.011530018994510194,-0.35570906094139776,0.6963608157388903,0.014166763039204389,0.06329190663837525,0.0352357603056046,1
2025-10-14 00:00:00+05:30,SUZLON-EQ,53.95,40526897,-0.007359705611775458,-0.001110905387891048,-0.024059334298118684,56.12449999999999,61.234,0.9165577946892247,36.41541147294948,540358.6266666667,2161434.506666667,6484303.5200000005,0.020018535681186382,-0.01280878316559919,0.0119291470590869,0.013699965542449764,-0.08903149958019863,0.744998946333108,-0.001110905387891048,-0.07094885483037705,0.004263206672845188,1
2025-10-14 00:00:00+05:30,TATAMOTORS-EQ,395.45,52267874,-0.011375000000000024,-0.06420086137536085,-0.028640907862739873,418.38,417.33183333333335,1.0025115904969306,36.06549666850534,696904.9866666667,2787619.946666667,8362859.84,0.11442660260462764,-0.01137500000000003,0.02375370528606021,0.01908787085764794,-0.049479383756802275,1.8372255988928141,-0.06420086137536085,-0.08369441805500843,0.01618409407004684,1
2025-10-15 00:00:00+05:30,ITC-EQ,399.9,16043867,0.0078125,0.00037523452157595116,-0.004109077325364252,403.275,415.76708333333335,0.9699541309687615,43.855693922636,213918.22666666668,855672.9066666667,2567018.72,0.009002250562640717,0.0047738693467336115,0.006850005737494035,0.007517243719588171,0.5590037879325265,1.117942792614841,0.00037523452157595116,-0.03195352214960068,0.04013503375843963,1
2025-10-15 00:00:00+05:30,RELIANCE-EQ,1374.3,10882743,-0.001162875208954195,0.0050460728389642995,0.007551319648093857,1381.52,1418.2616666666668,0.974093873133425,46.458178230853505,145103.24,580412.96,1741238.8800000001,0.008222367750854947,-0.006290672451193091,0.006609103853479445,0.006216677960893318,0.11410208294815383,1.043202336214923,0.0050460728389642995,-0.02205934675869925,0.05391835843702264,1
2025-10-15 00:00:00+05:30,SBIN-EQ,886.1,8269225,0.010433890187582007,0.03244975240314596,0.015645595736145212,867.2175,816.4612500000001,1.0621661468930705,65.95017647104015,110256.33333333333,441025.3333333333,1323076.0,0.011793251326035488,0.009110579660630908,0.010302632692868558,0.011591296495373724,0.07644546524701412,0.753687904936155,0.03244975240314596,0.06560038482352248,0.028721363277282475,1
2025-10-15 00:00:00+05:30,SUZLON-EQ,53.73,56703266,-0.004077849860982474,0.01819215463331436,-0.023978201634877405,55.862,61.18083333333333,0.9130637318332266,35.43865442353827,756043.5466666666,3024174.1866666665,9072522.56,0.018983807928531608,-0.00885445489762044,0.011927793668442455,0.012929174335832138,0.39915143268925823,1.0691539343494691,0.01819215463331436,-0.0890132248219736,0.014889261120416997,1
2025-10-15 00:00:00+05:30,TATAMOTORS-EQ,390.85,26953559,-0.011632317612846,-0.05269153396834614,-0.05080506107778604,416.3335,417.21725000000004,0.9978817989908135,33.96770936346837,359380.7866666667,1437523.1466666667,4312569.44,0.03837789433286427,-0.03014888337468977,0.023349344589492622,0.019123927012638244,-0.4843188188599368,0.9297396089235773,-0.05269153396834614,-0.09479364491176046,0.038377894332864315,1
2025-10-16 00:00:00+05:30,ITC-EQ,405.15,22962049,0.013128282070517638,0.013128282070517638,-0.00110946745562146,403.0675,415.5783333333333,0.9698953666978147,51.47568066131571,306160.6533333333,1224642.6133333333,3673927.84,0.01592002961865973,0.01034912718204483,0.007411553972014913,0.0079727501463643,0.4312041479775419,1.5521557717550007,0.013128282070517638,-0.010139262154898687,0.02875478217943983,1
2025-10-16 00:00:00+05:30,RELIANCE-EQ,1398.3,12315932,0.01746343593101951,0.014878792277543962,0.021626360780302445,1380.7450000000001,1419.0774999999999,0.9729877332281008,57.00441580464951,164212.42666666664,656849.7066666665,1970549.1199999999,0.018236429950654366,0.016871500254526977,0.008465092907289421,0.007331241296315739,0.13169372831831083,1.1540546186725409,0.014878792277543962,-0.010963361154335827,0.03811771436744604,1
2025-10-16 00:00:00+05:30,SBIN-EQ,886.95,8493686,0.0009592596772374229,0.028824962301357226,0.026443698645990166,868.7074999999999,817.1970833333334,1.063033040275372,66.27095488901702,113249.14666666667,452996.58666666667,1358989.76,0.010598117143018183,-0.0015197568389056727,0.009544105991929216,0.009611017205824576,0.02714413986800457,0.8062984967577942,0.028824962301357226,0.03476637694685891,0.019786910197869156,1
2025-10-16 00:00:00+05:30,SUZLON-EQ,53.61,48868416,-0.002233389168062483,0.008275343238668409,-0.028452337803552052,55.577999999999996,61.141749999999995,0.9090024410488742,34.88894595160001,651578.88,2606315.52,7818946.56,0.01473605670583858,-0.005933617652512522,0.011813655522293144,0.012736596618065258,-0.1381728170648936,0.9344604437616354,0.008275343238668409,-0.09580030359251135,0.003917179630665846,1
2025-10-16 00:00:00+05:30,TATAMOTORS-EQ,396.8,21983752,0.015223231418702854,-0.03764066744276284,-0.08754340377584102,414.40599999999995,417.2183333333333,0.9932593246541579,38.91690252981388,293116.69333333336,1172466.7733333334,3517400.3200000003,0.02746975806451607,0.0034138323429005507,0.012555295950862386,0.019434701166213614,-0.18438407336114682,0.7552208900192398,-0.03764066744276284,-0.08854944297691514,0.016381048387096753,1
2025-10-17 00:00:00+05:30,ITC-EQ,412.15,21071344,0.0172775515241268,0.023212512413108177,0.019416275043284692,403.09749999999997,415.43958333333336,0.9702915084925103,59.389867875019235,280951.25333333336,1123805.0133333334,3371415.04,0.020866189494116276,0.01677562600222019,0.00909336636874504,0.008826924677994341,-0.08234043050774775,1.3987113485968987,0.023212512413108177,0.0014579030494470402,0.020623559383719625,1
2025-10-17 00:00:00+05:30,RELIANCE-EQ,1416.8,19335561,0.013230351140670837,0.025403488456249512,0.03916678891007774,1380.835,1419.4775,0.972776954900659,63.04671980194475,257807.47999999998,1031229.9199999999,3093689.76,0.01708074534161494,0.011277658815132017,0.00882769654809929,0.007950061084753428,0.5699632800830663,1.7307121995853645,0.025403488456249512,0.0012720848056537726,0.0475014116318464,1
2025-10-17 00:00:00+05:30,SBIN-EQ,889.15,8511854,0.002480410395174326,0.00965196161925852,0.025193128098697226,870.4475,817.7954166666666,1.0643829523378148,67.13398464163674,113491.38666666666,453965.54666666663,1361896.64,0.013214868132486082,0.0018591549295774391,0.009537002480370545,0.009538652760910822,0.0021390006647290516,0.8153334710030398,0.00965196161925852,0.04073272078188084,0.03778889951076869,1
2025-10-17 00:00:00+05:30,SUZLON-EQ,52.92,173663310,-0.012870733072188001,-0.025593813294052636,-0.028277634961439535,55.27,61.10125,0.9045641455780365,31.83146113684664,2315510.8,9262043.2,27786129.599999998,0.03684807256235833,-0.012870733072187982,0.011796703116646347,0.012852780619219063,2.5536922252605856,2.931111499546214,-0.025593813294052636,-0.10426540284360186,0.014928193499622155,1
2025-10-17 00:00:00+05:30,TATAMOTORS-EQ,396.6,16564547,-0.0005040322580645018,-0.03508345092696208,-0.08514221125233556,412.709,417.1526666666667,0.9893476249302813,38.81160036350355,220860.62666666665,883442.5066666666,2650327.5199999996,0.025844679778113968,-0.0005040322580644875,0.012719091516570344,0.019389190358366025,-0.24650955851394252,0.5725798293341211,-0.03508345092696208,-0.07883123519301338,0.03391326273323236,1
2025-10-20 00:00:00+05:30,ITC-EQ,413.05,13083621,0.002183670993570308,0.03456480901690684,0.030692451653150377,403.21750000000003,415.33166666666665,0.9708325474821329,60.28670169657933,174448.28000000003,697793.1200000001,2093379.36,0.008594601137876797,0.0012119743061447096,0.008278682189320463,0.00882117332749415,-0.3790799011206879,0.887401672559828,0.03456480901690684,0.005844393035431716,0.011741919864423078,1
2025-10-20 00:00:00+05:30,RELIANCE-EQ,1466.8,24721978,0.03529079616036146,0.06676363636363636,0.06676363636363636,1383.8049999999998,1420.0366666666666,0.9744854006117212,73.77407202840023,329626.3733333333,1318505.4933333332,3955516.48,0.027611126261248977,0.01861111111111108,0.013310859271487816,0.011067219773342745,0.2785756772198127,2.1066774897368723,0.06676363636363636,0.04220548529202772,0.01370329970002726,1
2025-10-20 00:00:00+05:30,SBIN-EQ,907.5,13546463,0.020637687679244232,0.0278045189421825,0.03827012184657641,872.7050000000002,818.5866666666666,1.0661119164739228,73.27611911345488,180619.50666666668,722478.0266666667,2167434.08,0.024903581267217655,0.014419852448021436,0.011067029540941941,0.010297123428373016,0.5914820672441046,1.3079873943523197,0.0278045189421825,0.05235693164028521,0.025068870523415887,1
2025-10-20 00:00:00+05:30,SUZLON-EQ,53.09,34409429,0.0032123960695389364,-0.023183072677092853,-0.01885048974311576,54.9045,61.06283333333333,0.8991475993307441,33.38050010093043,458792.38666666666,1835169.5466666666,5505508.64,0.014503673008099379,-0.0018800526414738544,0.011861229561970114,0.011296142112286285,-0.801861262462405,0.6064768801166651,-0.023183072677092853,-0.12102649006622512,0.05895648898097572,1
2025-10-20 00:00:00+05:30,TATAMOTORS-EQ,399.75,10471672,0.007942511346444636,-0.0006249999999999867,-0.07340874322006397,411.283,417.1260833333333,0.9859920451709945,41.49660683169109,139622.29333333333,558489.1733333333,1675467.52,0.017010631644777872,-0.0007499062617173138,0.013759063191579738,0.019565077985602593,-0.3678262375662914,0.36805193077358284,-0.0006249999999999867,-0.06659350409788212,0.029393370856785506,1
2025-10-21 00:00:00+05:30,ITC-EQ,412.85,1142130,-0.00048420288100714526,0.04044858870967749,0.03264132066033021,403.5125,415.22375,0.9717953272181564,59.96975805616343,15228.4,60913.6,182740.8,0.003875499576117151,-0.0015719467956468616,0.008161903372207931,0.008547910485539234,-0.9127053588605173,0.0795670473644249,0.04044858870967749,0.014498095589138726,0.021194138306891208,1
2025-10-21 00:00:00+05:30,RELIANCE-EQ,1465.2,2066169,-0.0010908099263702287,0.06490297259975275,0.058058925476603296,1387.535,1420.5383333333332,0.9767670237691581,73.04334551778216,27548.92,110195.68,330587.04,0.009555009555009555,-0.0019073569482288518,0.013524103728577095,0.010597594388946014,-0.9164237990989232,0.18044410036140188,0.06490297259975275,0.0536459082410472,0.026617526617526588,1
2025-10-21 00:00:00+05:30,SBIN-EQ,907.85,1783576,0.00038567493112950935,0.0352357603056046,0.04990170001156469,875.335,819.58,1.068028746431099,73.37831290212586,23781.013333333336,95124.05333333334,285372.16000000003,0.003965412788456268,-0.0001651982378854375,0.0099505900785991,0.009995597187646645,-0.8683364063372114,0.1763088906901801,0.0352357603056046,0.06150248465361008,0.035137963319931576,1
2025-10-21 00:00:00+05:30,SUZLON-EQ,54.18,22821584,0.02053117347899791,0.004263206672845188,0.0031475652656915987,54.617000000000004,61.044333333333334,0.8947104017298904,42.41582485388091,304287.7866666666,1217151.1466666665,3651453.44,0.017349575489110463,0.010820895522388027,0.013810183050756398,0.012785610798515161,-0.3367636527766852,0.4166516138440574,0.004263206672845188,-0.09594526948106119,0.07401255075673685,1
2025-10-21 00:00:00+05:30,TATAMOTORS-EQ,401.85,3449156,0.00525328330206376,0.01618409407004684,-0.04905580008519084,410.30100000000004,417.22475000000003,0.9834052270389041,43.283422220485235,45988.746666666666,183954.98666666666,551864.96,0.008336443946746213,-0.0023584905660377076,0.013465661504362705,0.01941956570936417,-0.6706203173667014,0.1239639838988958,0.01618409407004684,-0.046596597784051785,0.023640661938534313,1
2025-10-23 00:00:00+05:30,ITC-EQ,415.95,24305990,0.0075087804287270465,0.04013503375843963,0.04052532833020628,404.15,415.1045833333334,0.9736100641304248,63.19924564886238,324079.8666666667,1296319.4666666668,3888958.4,0.01658853227551383,-0.00012019230769233502,0.008168465453018168,0.008336707260912998,20.281281465332317,1.6397715009248748,0.04013503375843963,0.031622023809523725,0.006731578314701281,1
2025-10-23 00:00:00+05:30,RELIANCE-EQ,1448.4,18707090,-0.01146601146601145,0.05391835843702264,0.05923650724001761,1390.465,1420.755,0.9786803495324667,65.68635412246043,249427.86666666667,997711.4666666667,2993134.4,0.026442971554819235,-0.018033898305084683,0.013362318933527594,0.011043483537138537,8.053998003067512,1.6009374069433402,0.05391835843702264,0.04216434019283355,0.02768572217619436,1
2025-10-23 00:00:00+05:30,SBIN-EQ,911.55,13382769,0.004075563143691063,0.028721363277282475,0.06210311680745706,877.3825,820.5095833333334,1.0693141406534457,74.48894876015672,178436.91999999998,713747.6799999999,2141243.04,0.014480829356590473,-0.0004934210526316288,0.008976258508390476,0.009367962995466989,6.503335433982068,1.3293113199234368,0.028721363277282475,0.04703652653342516,0.025012341615928912,1
2025-10-23 00:00:00+05:30,SUZLON-EQ,54.53,76480331,0.006459948320413522,0.014889261120416997,0.03335228349440977,54.406000000000006,61.029999999999994,0.8914632148123875,44.995510384127826,1019737.7466666666,4078950.9866666663,12236852.959999999,0.018888685127452797,-0.00018335166850014687,0.011160624029479203,0.01253385084099364,2.3512279866287984,1.355068963582602,0.014889261120416997,-0.07182978723404254,0.07298734641481741,1
2025-10-23 00:00:00+05:30,TATAMOTORS-EQ,405.85,14126009,0.009953962921488202,0.038377894332864315,-0.01633582975835568,409.3645,417.3176666666667,0.9809421759443046,46.62724773311866,188346.78666666668,753387.1466666667,2260161.44,0.013059011950227803,-0.004049079754601171,0.0124313810481116,0.019496064537529504,3.0954972752754584,0.5127984060045976,0.038377894332864315,-0.04411418342832907,0.016262165824812103,1
2025-10-24 00:00:00+05:30,ITC-EQ,416.8,14935678,0.0020435148455344443,0.02875478217943983,0.04226056514128551,404.93999999999994,414.9366666666666,0.9759079698909874,64.05553269175098,199142.37333333335,796569.4933333334,2389708.48,0.010796545105566218,0.0020435148455343736,0.008102745797075326,0.008170046907796208,-0.3855145172033725,0.9990064901706003,0.02875478217943983,0.03940149625935163,0.008517274472168879,1
2025-10-24 00:00:00+05:30,RELIANCE-EQ,1451.6,9700837,0.002209334438000532,0.03811771436744604,0.05356365219915804,1393.895,1420.9241666666667,0.9809777556742707,66.38094719079132,129344.49333333335,517377.9733333334,1552133.9200000002,0.012951226233122042,0.0011034482758620063,0.0133924988906874,0.010919457685778273,-0.48143527400573793,0.8169821378731096,0.03811771436744604,0.0496023138105568,0.02397354643152405,1
2025-10-24 00:00:00+05:30,SBIN-EQ,904.5,5313227,-0.00773407931545167,0.019786910197869156,0.049182229439740155,879.2974999999999,821.4637500000001,1.0704032892504383,68.61503604730177,70843.02666666667,283372.1066666667,850116.32,0.01453841901603093,-0.007080520335913107,0.009991629559789106,0.009497603406414824,-0.6029799961428013,0.5482584784130744,0.019786910197869156,0.044216116370353165,0.03593145384190155,1
2025-10-24 00:00:00+05:30,SUZLON-EQ,53.82,44370005,-0.013020355767467517,0.003917179630665846,0.012224938875305513,54.222,61.00416666666668,0.8888245338433166,40.98446248046393,591600.0666666667,2366400.2666666666,7099200.8,0.028428093645484973,-0.0157278712509144,0.012148889888899577,0.012049179733309427,-0.41985077182785724,0.7809625871651044,0.003917179630665846,-0.06399999999999995,0.10182088442958004,1
2025-10-24 00:00:00+05:30,TATAMOTORS-EQ,403.3,6311744,-0.006283109523222863,0.016381048387096753,-0.021876212650368654,408.8575,417.34116666666665,0.9796721067935227,44.81337780210223,84156.58666666667,336626.3466666667,1009879.0399999999,0.018596578229605754,-0.00896916083056881,0.01251219757018379,0.01868828168162774,-0.5531827850314976,0.23579489138240475,0.016381048387096753,-0.02452592879256965,0.016612943218447862,1
2025-10-27 00:00:00+05:30,ITC-EQ,420.65,11603679,0.009237044145873341,0.020623559383719625,0.04431479642502478,405.96750000000003,414.8125,0.9786771131535333,67.71933181407522,154715.72,618862.88,1856588.6400000001,0.014501366932128768,0.008752997601918411,0.008210055015250685,0.008261510283408744,-0.22308990592860933,0.8041136331726921,0.020623559383719625,0.05136215946013478,-0.01592773089266608,0
2025-10-27 00:00:00+05:30,RELIANCE-EQ,1484.1,14113867,0.022389087903003535,0.0475014116318464,0.07411160165014108,1399.48,1421.4508333333333,0.9845433744044377,72.47503171194931,188184.89333333334,752739.5733333334,2258218.72,0.018192844147968467,0.014422419685577519,0.014381645119243058,0.011502373837241547,0.4549122926196987,1.175261865241759,0.0475014116318464,0.08139026522879611,0.0004042854255104089,1
2025-10-27 00:00:00+05:30,SBIN-EQ,922.75,9150761,0.020176893311221633,0.03778889951076869,0.047805598137739214,882.3775000000002,822.7025,1.0725353332462222,74.27111052849313,122010.14666666667,488040.58666666667,1464121.76,0.023841777296125712,0.01742102651744854,0.009749363757525399,0.010100348824765586,0.7222605019510742,0.9419503533288766,0.03778889951076869,0.07153225338210545,0.02920617718775409,1
2025-10-27 00:00:00+05:30,SUZLON-EQ,53.71,24719719,-0.0020438498699367758,0.014928193499622155,-0.011047689191677423,54.0755,61.00391666666666,0.8864266911823968,40.3838213093037,329596.2533333333,1318385.0133333332,3955155.0399999996,0.009867808601750029,-0.007208872458410362,0.009876407489547807,0.011729618922820604,-0.4428731977830519,0.44032150119247615,0.014928193499622155,-0.051730225988700584,0.102960342580525,1
2025-10-27 00:00:00+05:30,TATAMOTORS-EQ,410.05,10699376,0.016736920406645206,0.03391326273323236,-0.0023599824826041615,409.25249999999994,417.48825000000005,0.9802730975063367,50.32240822209688,142658.34666666668,570633.3866666667,1711900.1600000001,0.018900134129984147,0.014975247524752504,0.013843131704808474,0.018017661602875584,0.6951536690968454,0.4235050534253987,0.03391326273323236,0.01964441128931993,0.016949152542372836,1
2025-10-28 00:00:00+05:30,ITC-EQ,417.9,17163147,-0.006537501485795794,0.011741919864423078,0.04671258609893547,406.60749999999996,414.70208333333335,0.9804809677630024,62.79569382966305,228841.96,915367.84,2746103.52,0.013759272553242403,-0.0061831153388823374,0.007826415503206672,0.008149713386397469,0.479112529741645,1.1781521918515896,0.011741919864423078,0.0315971365095038,-0.021536252692031632,0
2025-10-28 00:00:00+05:30,RELIANCE-EQ,1486.9,17631577,0.001886665319048797,0.01370329970002726,0.08138181818181822,1404.945,1422.125,0.9879194866836599,72.93029834641953,235087.69333333333,940350.7733333333,2821052.32,0.009684578653574612,0.0018866653190487044,0.013900832186948594,0.011511916792456204,0.2492378594753657,1.4222742935815098,0.01370329970002726,0.07934088269454143,-0.009281054543009093,0
2025-10-28 00:00:00+05:30,SBIN-EQ,930.25,22066289,0.008127878623679141,0.025068870523415887,0.053570417350925714,886.0424999999999,823.9870833333334,1.0753111522278107,76.1716242254003,294217.18666666665,1176868.7466666666,3530606.24,0.019510884170921772,0.0033976917268902784,0.009772648331037935,0.009949565241259986,1.4114157281563795,2.1075663578266615,0.025068870523415887,0.08553591224692214,0.029400698736898656,1
2025-10-28 00:00:00+05:30,SUZLON-EQ,56.22,134473878,0.046732452057344886,0.05895648898097572,0.034406623735050657,54.1225,61.01658333333333,0.8870129568600886,56.16882497841734,1792985.0399999998,7171940.159999999,21515820.479999997,0.05104944859480608,0.04673245205734496,0.01809795872023916,0.015108815929041947,4.439943633663473,2.235857751273477,0.05895648898097572,0.01700434153400865,0.06705798648167915,1
2025-10-28 00:00:00+05:30,TATAMOTORS-EQ,411.5,10332279,0.0035361541275453767,0.029393370856785506,0.028750000000000053,409.4595,417.48541666666665,0.9807755759931734,51.443743453537245,137763.72,551054.88,1653164.64,0.013608748481166381,0.00048626306831993344,0.010194382772912413,0.017814114847919466,-0.0343101317310468,0.4221199283136172,0.029393370856785506,0.010163000785545995,-0.012150668286755817,0
2025-10-29 00:00:00+05:30,ITC-EQ,421.6,11470661,0.008853792773390934,0.021194138306891208,0.0625,407.325,414.62708333333336,0.9823887931424321,66.34155118064085,152942.14666666667,611768.5866666667,1835305.76,0.014587286527514176,0.00813008130081309,0.006924409058336248,0.008272552320786445,-0.3316691280451074,0.8103323214829767,0.021194138306891208,0.03523634131368936,-0.033444022770398485,0
2025-10-29 00:00:00+05:30,RELIANCE-EQ,1504.2,11884745,0.011634945187974921,0.026617526617526588,0.09324805581800999,1411.5149999999999,1422.9350000000002,0.9919743347377075,75.6141006859961,158463.26666666666,633853.0666666667,1901559.2,0.013429065283871855,0.00953020134228191,0.013693494594404918,0.011498795132565827,-0.3259397613724513,0.9678615038243769,0.026617526617526588,0.09571678321678334,-0.0053849222177903,0
2025-10-29 00:00:00+05:30,SBIN-EQ,939.75,12314222,0.010212308519215174,0.035137963319931576,0.07161183647870462,889.4925,825.4100000000001,1.0776371742527955,78.35283673840844,164189.62666666665,656758.5066666666,1970275.52,0.012556530992285134,0.006264053967234204,0.008877597623680322,0.009660322155100647,-0.44194413478405903,1.2371553821716215,0.035137963319931576,0.07924203273040487,0.022346368715083775,1
2025-10-29 00:00:00+05:30,SUZLON-EQ,58.19,154967971,0.035040910707933026,0.07401255075673685,0.0785912882298423,54.26800000000001,61.05858333333334,0.8887857699504438,64.18432893857295,2066239.6133333333,8264958.453333333,24794875.36,0.048118233373431935,0.03100637845499646,0.02011671618217141,0.016916391795908273,0.15240203751690728,2.369243432096634,0.07401255075673685,0.0526410998552822,0.024402818353669087,1
2025-10-29 00:00:00+05:30,TATAMOTORS-EQ,411.35,8485023,-0.00036452004860265674,0.023640661938534313,0.04020735870527248,409.67150000000004,417.4685,0.981323141746024,51.31470335204023,113133.64,452534.56,1357603.68,0.019326607511851192,-0.002787878787878733,0.009008725044278123,0.0178132684488038,-0.17878495150972984,0.3561177383328029,0.023640661938534313,0.010414875586450822,-0.008508569344840122,0
2025-10-30 00:00:00+05:30,ITC-EQ,418.75,12938674,-0.0067599620493359325,0.006731578314701281,0.04713678419604905,408.185,414.5870833333333,0.9845579286217513,61.480883088287726,172515.65333333332,690062.6133333333,2070187.8399999999,0.01325373134328361,-0.006759962049335917,0.007977785570656872,0.007684223403013233,0.127979808661419,0.9029610033460821,0.006731578314701281,0.04283401817955412,-0.035104477611940244,0
2025-10-30 00:00:00+05:30,RELIANCE-EQ,1488.5,9318663,-0.01043744182954398,0.02768572217619436,0.08309684930510075,1417.74,1423.8625,0.995700076376757,68.9346203080218,124248.84,496995.36,1490986.08,0.012831709774941155,-0.007666666666666666,0.014735627626406234,0.011735367026025437,-0.2159139300001809,0.7755802841826765,0.02768572217619436,0.09127565982404695,-0.007054081289889158,0
2025-10-30 00:00:00+05:30,SBIN-EQ,934.35,13044473,-0.005746209098164368,0.025012341615928912,0.05445209344317803,892.5875,826.7025,1.0796961422035134,74.19531198741839,173926.30666666667,695705.2266666667,2087115.6800000002,0.012682613581634316,-0.005428708286763556,0.009620632290070638,0.009891137832206786,0.05930143211645844,1.309120552729916,0.025012341615928912,0.07094962462032206,0.023010649114357573,1
2025-10-30 00:00:00+05:30,SUZLON-EQ,58.51,83463327,0.005499226671249469,0.07298734641481741,0.08896333519449096,54.44100000000001,61.10725,0.890909016524226,65.29456083335893,1112844.36,4451377.44,13354132.32,0.024098444710305873,0.00017094017094013692,0.019713769712456558,0.016847892047846275,-0.4614156302014175,1.2513350208691079,0.07298734641481741,0.06285195277020894,-0.019312937959323095,0
2025-10-30 00:00:00+05:30,TATAMOTORS-EQ,412.45,8783965,0.0026741217940924322,0.016262165824812103,0.05526416783932442,409.70550000000003,417.33133333333336,0.9817271488521511,52.26041103467756,117119.53333333333,468478.1333333333,1405434.4,0.02642744575100007,-0.000605766900896535,0.0072090216448119585,0.01764103456373953,0.03523172535890584,0.38147011769025385,0.016262165824812103,0.0016514073390485606,-0.016365620075160625,0
2025-10-31 00:00:00+05:30,ITC-EQ,420.35,18599864,0.003820895522388179,0.008517274472168879,0.0375169690238184,408.9225,414.4608333333333,0.9866372576419566,63.11477235151612,247998.18666666665,991992.7466666666,2975978.2399999998,0.019507553229451618,-0.00035671819262776997,0.007400132873299583,0.0074673471418893675,0.4375401992507115,1.2937233433224578,0.008517274472168879,0.03636587771203148,-0.03520875460925421,0
2025-10-31 00:00:00+05:30,RELIANCE-EQ,1486.4,8758053,-0.0014108162579777872,0.02397354643152405,0.06300507759422169,1423.625,1424.2783333333332,0.999541288161139,68.0684760308965,116774.04000000001,467096.16000000003,1401288.48,0.010226049515608212,-0.0026838432635534083,0.014612867287737258,0.011807085772947994,-0.06015991779078178,0.7390330579688182,0.02397354643152405,0.08599400891356757,0.0019510226049515023,1
2025-10-31 00:00:00+05:30,SBIN-EQ,937.0,12078252,0.002836196286188253,0.03593145384190155,0.056429336490219306,896.2325000000001,827.8304166666666,1.082628134888738,74.89920143545848,161043.36,644173.44,1932520.3199999998,0.017556029882604105,0.002246229543266684,0.009543287988735603,0.009406797577236697,-0.07407129440951732,1.2046214189895907,0.03593145384190155,0.08436523550514985,0.015101387406616817,1
2025-10-31 00:00:00+05:30,SUZLON-EQ,59.3,108026021,0.013501965475986921,0.10182088442958004,0.10613691475470999,54.647000000000006,61.12683333333334,0.8939936361826912,67.93700877084322,1440346.9466666668,5761387.786666667,17284163.36,0.025632377740303594,0.008846546444368764,0.01936630974412065,0.01700267149926696,0.2942932528917761,1.5477943063206998,0.10182088442958004,0.07466473359913017,-0.03153456998313653,0
2025-10-31 00:00:00+05:30,TATAMOTORS-EQ,410.0,8012169,-0.005940113953206372,0.016612943218447862,0.03326612903225801,408.462,417.11175000000003,0.9792627515288168,49.93386135713939,106828.92,427315.68,1281947.04,0.02060975609756095,-0.009781427363844974,0.007116154017942191,0.011780743182563893,-0.08786419344794749,0.38269945952603324,0.016612943218447862,-0.057189504909513245,0.001097560975609646,1
2025-11-03 00:00:00+05:30,ITC-EQ,413.95,7635440,-0.015225407398596458,-0.01592773089266608,0.004367341987140616,409.40500000000003,414.34458333333333,0.988078561825051,53.36399373644825,101805.86666666667,407223.4666666667,1221670.4,0.02017151829931143,-0.014287415168472437,0.007901954642899464,0.00832684273982567,-0.5894894715359209,0.5489403073607471,-0.01592773089266608,0.023868414543655625,-0.017151829931151052,0
2025-11-03 00:00:00+05:30,RELIANCE-EQ,1484.7,8452085,-0.0011437029063509074,0.0004042854255104089,0.04792490118577075,1429.69,1424.8533333333332,1.0033945014223686,67.33094235469672,112694.46666666667,450777.8666666667,1352333.6,0.010574526840439176,-0.0008748317631224458,0.01455390192169913,0.011724391348342762,-0.034935618681458114,0.7266748468063688,0.0004042854255104089,0.08896875458412778,0.005859769650434554,1
2025-11-03 00:00:00+05:30,SBIN-EQ,949.7,11744735,0.013553895410885808,0.02920617718775409,0.06809874599336463,900.3525000000002,829.0633333333333,1.085987600464782,77.99685679910056,156596.46666666667,626385.8666666667,1879157.6,0.01674212909339789,0.011664447403462098,0.009787477554569527,0.00963994304467151,-0.027613018837494008,1.1499946675076456,0.02920617718775409,0.0950074945232331,0.003790670738127666,1
2025-11-03 00:00:00+05:30,SUZLON-EQ,59.24,75149800,-0.0010118043844855595,0.102960342580525,0.11942554799697658,54.886,61.140499999999996,0.8977028320017011,67.51654560921348,1001997.3333333334,4007989.3333333335,12023968.0,0.022788656313301847,-0.0038674962165797357,0.01811197854563785,0.016584965551294198,-0.3043361284222438,1.0720540018675886,0.102960342580525,0.08777084098420862,-0.023970290344361933,0
2025-11-03 00:00:00+05:30,TATAMOTORS-EQ,417.0,8952229,0.017073170731707332,0.016949152542372836,0.05143721633888032,407.63649999999996,417.01658333333336,0.9775066898818371,55.96566982396854,119363.05333333334,477452.2133333334,1432356.6400000001,0.01858513189448441,0.007246376811594203,0.008165458365016332,0.01259563114568054,0.11732902788246236,0.46898508163193725,0.016949152542372836,-0.03808447325321218,-0.022541966426858462,0
2025-11-04 00:00:00+05:30,ITC-EQ,408.9,10085404,-0.012199541007368087,-0.021536252692031632,-0.010047209780898236,409.8125,414.17625000000004,0.9894640264863086,47.17126714578524,134472.05333333334,537888.2133333334,1613664.64,0.015040352164343306,-0.0123188405797102,0.008810915616296428,0.008574225360806313,0.3208674287270936,0.7353968147254889,-0.021536252692031632,0.02033686837180282,-0.004646612863780875,0
2025-11-04 00:00:00+05:30,RELIANCE-EQ,1473.1,10007806,-0.007813026200579332,-0.009281054543009093,0.004295064085083178,1434.595,1425.2591666666667,1.0065502706817648,62.36533009698714,133437.41333333333,533749.6533333333,1601248.96,0.015409680266105523,-0.007278118471595243,0.01026732203520067,0.011983792630909706,0.18406357721201339,0.8693565004074102,-0.009281054543009093,0.07134545454545438,0.02606747674971155,1
2025-11-04 00:00:00+05:30,SBIN-EQ,957.6,19154518,0.008318416342002699,0.029400698736898656,0.055206611570247865,904.53,830.3708333333333,1.0893084916879507,79.67698260296135,255393.57333333333,1021574.2933333333,3064722.88,0.01858813700918959,0.006940063091482674,0.008525568111451956,0.009650012442882888,0.6309025278135267,1.776928050933986,0.029400698736898656,0.09558949716835419,-0.00046992481203012026,0
2025-11-04 00:00:00+05:30,SUZLON-EQ,59.99,317089760,0.012660364618501063,0.06705798648167915,0.12996797890374823,55.18000000000001,61.141083333333334,0.9025028179361123,70.01472840750056,4227863.466666667,16911453.866666667,50734361.6,0.04234039006501082,0.006712535660345672,0.017877094653655216,0.016481393131414477,3.2194358468019875,3.788277202388895,0.06705798648167915,0.10866752910737398,-0.025170861810301814,0
2025-11-04 00:00:00+05:30,TATAMOTORS-EQ,406.5,8889004,-0.025179856115107868,-0.012150668286755817,0.016885553470919357,406.3905,416.878,0.9748427597522537,46.8482358185221,118520.05333333333,474080.2133333333,1422240.64,0.030504305043050375,-0.026114039290848053,0.012456085440317389,0.013627596772708125,-0.0070624868957217535,0.47586951952733225,-0.012150668286755817,-0.05776273700802004,-0.010701107011070188,0
2025-11-06 00:00:00+05:30,ITC-EQ,407.5,10095563,-0.003423820004891165,-0.033444022770398485,-0.012958701707642017,410.19750000000005,413.96666666666664,0.9908949995973912,45.591690800740814,134607.50666666665,538430.0266666666,1615290.08,0.016564417177914112,-0.006097560975609756,0.00884173290526381,0.00859948629462245,0.0010072972783241596,0.74209906580304,-0.033444022770398485,0.019259629814907475,-0.004417177914110448,0
2025-11-06 00:00:00+05:30,RELIANCE-EQ,1496.1,16772678,0.015613332428212612,-0.0053849222177903,0.021089271089270945,1440.16,1425.6083333333333,1.010207338387706,67.48555448582238,223635.70666666667,894542.8266666667,2683628.48,0.01697747476772934,0.008153638814016111,0.01129182669468911,0.012265191817164432,0.6759595459784093,1.4228396177358085,-0.0053849222177903,0.08037261698440212,0.009892386872535353,1
2025-11-06 00:00:00+05:30,SBIN-EQ,960.75,23088096,0.0032894736842103978,0.022346368715083775,0.058269537919259706,909.3325000000001,831.6458333333334,1.0934131616523461,80.32219380862463,307841.28,1231365.12,3694095.36,0.016757741347905305,-0.009178569586964346,0.008383287052711986,0.008964043306083967,0.20536032282305405,2.0125879495664365,0.022346368715083775,0.11107898693188378,-0.007025761124121788,0
2025-11-06 00:00:00+05:30,SUZLON-EQ,59.61,147235071,-0.006334389064844181,0.024402818353669087,0.10022148394241426,55.46,61.12766666666666,0.9072814819258056,67.19500809068415,1963134.2800000003,7852537.120000001,23557611.360000003,0.03422244589833919,-0.03073170731707318,0.018531897076577566,0.016613777825692216,-0.5356675314901371,1.6630657087929377,0.024402818353669087,0.10368450286983899,-0.03405468881060225,0
2025-11-06 00:00:00+05:30,TATAMOTORS-EQ,407.85,6862359,0.0033210332103321694,-0.008508569344840122,0.014930944382232081,405.654,416.6036666666667,0.9737168259840887,48.02072882517714,91498.12,365992.48,1097977.44,0.01054309182297416,0.0017192680830161993,0.01241053727976481,0.013035528280258982,-0.22799460996980092,0.3825024804645908,-0.008508569344840122,-0.034857305125656546,-0.024273630011033553,0
2025-11-07 00:00:00+05:30,ITC-EQ,404.05,8411611,-0.008466257668711674,-0.035104477611940244,-0.028609207837480444,410.4125,413.7029166666667,0.9920464262297723,41.870775171394634,112154.81333333332,448619.2533333333,1345857.76,0.014849647320876128,-0.0049255017854943975,0.008516924190039772,0.008854854726527885,-0.16680119771428303,0.6182952642916064,-0.035104477611940244,0.010756722951844822,0.010147259002598608,1
2025-11-07 00:00:00+05:30,RELIANCE-EQ,1478.0,7821765,-0.012098121783303162,-0.007054081289889158,0.020436343551505143,1445.69,1425.7883333333332,1.0139583598781026,60.508779764494896,104290.20000000001,417160.80000000005,1251482.4000000001,0.015223274695534507,-0.011106650608858498,0.011377934996200684,0.01223251947436749,-0.533660337365327,0.6655118642370143,-0.007054081289889158,0.08088342840427076,0.027672530446549493,1
2025-11-07 00:00:00+05:30,SBIN-EQ,955.85,13371323,-0.0051001821493624755,0.023010649114357573,0.0485985409467391,914.2125000000002,833.0104166666666,1.0974802736060227,76.2660337575997,178284.30666666667,713137.2266666667,2139411.68,0.02181304598001781,-0.0030247718383311366,0.009057248233912366,0.008801100907812073,-0.4208564014979841,1.1348358824944234,0.023010649114357573,0.1137197786192834,0.01255427106763607,1
2025-11-07 00:00:00+05:30,SUZLON-EQ,57.38,122840652,-0.03740983056534131,-0.019312937959323095,0.05226480836236935,55.69050000000001,61.09683333333333,0.911512053270628,53.562308583389765,1637875.3599999999,6551501.4399999995,19654504.32,0.04478912513070757,-0.035630252100840296,0.02383161775151493,0.01814117580898302,-0.16568348039849823,1.3402988848030528,-0.019312937959323095,0.08736024256206165,0.005228302544440622,1
2025-11-07 00:00:00+05:30,TATAMOTORS-EQ,405.7,6930046,-0.005271545911487152,-0.016365620075160625,-0.0003695946778367043,405.3095,416.29825,0.9736036603564873,46.27014538465083,92400.61333333333,369602.4533333333,1108807.3599999999,0.01417303426176978,-0.0024588148512417014,0.012197462153645856,0.012014795365731868,0.00986351777865302,0.4096086578756051,-0.016365620075160625,-0.016699386800455573,-0.035740695094897745,0
2025-11-10 00:00:00+05:30,ITC-EQ,405.55,6650003,0.0037124118302189757,-0.03520875460925421,-0.02699136276391556,410.695,413.45458333333335,0.9933255466390403,44.01035590355637,88666.70666666667,354666.82666666666,1064000.48,0.008506965848847357,0.003712411830219032,0.008639281753521686,0.008882345086564068,-0.2094257568496689,0.505541878711139,-0.03520875460925421,0.014128532133033334,0.003821970163974786,1
2025-11-10 00:00:00+05:30,RELIANCE-EQ,1489.3,7068438,0.007645466847090665,0.0019510226049515023,0.025971341967484296,1451.2649999999999,1426.1925,1.017580025136859,63.075303945781485,94245.84000000001,376983.36000000004,1130950.08,0.01712213791714228,0.007713647743419624,0.011513693720586493,0.012233145692182453,-0.09631163810214194,0.6059476739769921,0.0019510226049515023,0.080926114094934,0.01947223527831876,1
2025-11-10 00:00:00+05:30,SBIN-EQ,951.15,7343249,-0.0049170895014908345,0.015101387406616817,0.0515754560530679,918.665,834.3116666666666,1.1011053023750117,72.48497044819797,97909.98666666666,391639.94666666666,1174919.8399999999,0.014824160227093543,-0.0050732217573222,0.008659392473046661,0.00910059915821042,-0.4508210593671247,0.6223755651179589,0.015101387406616817,0.10329428140586927,0.023340167166062242,1
2025-11-10 00:00:00+05:30,SUZLON-EQ,57.43,63054794,0.0008713837574068073,-0.03153456998313653,0.06707543664065407,55.903499999999994,61.06266666666667,0.9155102954341986,53.78869113237752,840730.5866666667,3362922.3466666667,10088767.04,0.020720877590109783,-0.008117443868739187,0.023032550356268545,0.01814036314330686,-0.4866944047154683,0.6882437027973164,-0.03153456998313653,0.08012036862892602,0.004701375587671919,1
2025-11-10 00:00:00+05:30,TATAMOTORS-EQ,410.45,7913640,0.011708158737983698,0.001097560975609646,0.01772873791222418,405.216,416.0385,0.9739867824732567,50.558453197580604,105515.20000000001,422060.80000000005,1266182.4000000001,0.016932634912900448,0.010960591133004897,0.012486215066355258,0.012334948134159491,0.14193181401681887,0.4953415557930126,0.001097560975609646,-0.004535312378734946,-0.09197222560604212,0
2025-11-11 00:00:00+05:30,ITC-EQ,406.85,12005318,0.0032055233633336844,-0.017151829931151052,-0.032806371092356956,410.89750000000004,413.22083333333336,0.9943775019410526,45.86991354146603,160070.90666666668,640283.6266666667,1920850.8800000001,0.00847978370406781,0.0020935960591133567,0.007891577936645248,0.008771589697331961,0.8053101630179715,0.9234727197519264,-0.017151829931151052,0.010054617676266142,-0.002457908320019686,0
2025-11-11 00:00:00+05:30,RELIANCE-EQ,1493.4,7127506,0.0027529711945211144,0.005859769650434554,0.00626642409541156,1456.85,1426.7658333333334,1.0210855670663077,63.98975605778852,95033.41333333333,380133.6533333333,1140400.96,0.012454801124949717,-0.002404809619238416,0.009213457234986034,0.01223353815520215,0.008356584580638593,0.6090418850376924,0.005859769650434554,0.0808424404718826,0.017409937056381386,1
2025-11-11 00:00:00+05:30,SBIN-EQ,953.3,8648917,0.002260421594911355,0.003790670738127666,0.03310755892711992,922.2975,835.70875,1.1036111563986855,73.14096241357232,115318.89333333333,461275.5733333333,1383826.72,0.010384978495751696,-0.00031459731543631315,0.006852623527464486,0.00823484202548903,0.1778052194607591,0.7491134096220577,0.003790670738127666,0.0824958837222507,0.02008811496905505,1
2025-11-11 00:00:00+05:30,SUZLON-EQ,57.82,50483890,0.006790875848859512,-0.023970290344361933,0.07652206293055297,56.07900000000001,61.04158333333333,0.9187015954970589,55.60659159697865,673118.5333333333,2692474.1333333333,8077422.4,0.020581113801452746,0.003819444444444425,0.02282624868257781,0.01768993239751772,-0.19936476201952225,0.5536012541041078,-0.023970290344361933,0.06462898177131282,-0.015911449325492932,0
2025-11-11 00:00:00+05:30,TATAMOTORS-EQ,407.6,8120946,-0.006943598489462688,-0.022541966426858462,-0.00597488111205946,405.045,415.80850000000004,0.9741142857829986,48.07896888615433,108279.28,433117.12,1299351.3599999999,0.027109911678115828,-0.011998545630832599,0.011555674321568819,0.012412324461465202,0.02619603621089661,0.5394220631049033,-0.022541966426858462,-0.008320762979903584,-0.08905789990186463,0
2025-11-12 00:00:00+05:30,ITC-EQ,407.0,7987236,0.00036868624800279193,-0.004646612863780875,-0.02608279492701593,411.285,413.00416666666666,0.9958374108412951,46.09239027673609,106496.48,425985.92,1277957.76,0.006265356265356293,-0.0024509803921568627,0.007879148013895696,0.008492293417163958,-0.33469184239851035,0.6180100917594069,-0.004646612863780875,0.019411396368190337,-0.00847665847665846,0
2025-11-12 00:00:00+05:30,RELIANCE-EQ,1511.5,12384459,0.012119994643096321,0.02606747674971155,0.016544488533189794,1463.675,1427.4516666666668,1.0253762240636284,67.78298252649648,165126.12,660504.48,1981513.4400000002,0.016341382732385078,0.004318936877076412,0.009906691665684269,0.012178387675438645,0.7375585513361897,1.0370501144351263,0.02606747674971155,0.09927272727272718,0.00489579887528957,1
2025-11-12 00:00:00+05:30,SBIN-EQ,957.15,7043323,0.004038602748347886,-0.00046992481203012026,0.028916957807041177,926.0075,837.1258333333333,1.1061747984920627,74.32156580788552,93910.97333333333,375643.8933333333,1126931.68,0.010604398474638226,-0.0005742925759633164,0.0066504476942331,0.008228329282540352,-0.18564104615641475,0.6232176250249573,-0.00046992481203012026,0.08403646865620917,0.026746069059186084,1
2025-11-12 00:00:00+05:30,SUZLON-EQ,58.48,53042828,0.01141473538567972,-0.025170861810301814,0.04019921736037002,56.2855,61.018249999999995,0.9224371397082021,58.57643350404326,707237.7066666667,2828950.8266666667,8486852.48,0.02188782489740084,0.00481099656357378,0.018409592050566758,0.017769967888708077,0.050688209644700555,0.5789466273989984,-0.025170861810301814,0.07598896044158221,-0.03334473324213394,0
2025-11-12 00:00:00+05:30,TATAMOTORS-EQ,402.15,12940220,-0.013370951913640905,-0.010701107011070188,-0.022721749696233307,405.15250000000003,415.49325000000005,0.9751121107262272,43.668616003372435,172536.26666666666,690145.0666666667,2070435.2,0.023623026233992293,-0.013370951913640934,0.012116470537569413,0.011209495148565377,0.5934375133143355,0.9990535826755227,-0.010701107011070188,0.005374999999999908,-0.10269799825935588,0
2025-11-13 00:00:00+05:30,ITC-EQ,405.7,6617185,-0.0031941031941031817,-0.004417177914110448,-0.03771347248576862,411.73,412.83416666666665,0.9973253990201878,44.389589696565814,88229.13333333333,352916.5333333333,1058749.6,0.007394626571358146,-0.003194103194103222,0.006774980555297387,0.008387062403438821,-0.1715300511966843,0.5193850232541726,-0.004417177914110448,0.022429435483870996,-0.0006162188809465396,0
2025-11-13 00:00:00+05:30,RELIANCE-EQ,1510.9,7196443,-0.00039695666556394116,0.009892386872535353,0.004454194920888277,1470.425,1428.2975,1.0294949056481582,67.52904279176451,95952.57333333333,383810.29333333333,1151430.88,0.010126414719703457,-0.0027062706270626464,0.009274649175034577,0.012199538119900762,-0.418913413981184,0.6091752559626098,0.009892386872535353,0.09811759575550538,0.02528294394069741,1
2025-11-13 00:00:00+05:30,SBIN-EQ,954.0,8894441,-0.0032910202162670377,-0.007025761124121788,0.015163607342378205,929.86,838.5320833333333,1.108914039762939,71.5504144825416,118592.54666666666,474370.18666666665,1423110.5599999998,0.012054507337526206,-0.00026198585276395077,0.006359547151038935,0.008019330187331588,0.26281884275362644,0.7828118254823323,-0.007025761124121788,0.08786133759051262,0.028878406708595428,1
2025-11-13 00:00:00+05:30,SUZLON-EQ,57.58,40221624,-0.01538987688098492,-0.03405468881060225,-0.010482900842069043,56.467000000000006,60.98966666666666,0.9258453617825972,53.3365347604339,536288.3200000001,2145153.2800000003,6435459.84,0.016151441472733705,-0.012180476925716261,0.015700824574378373,0.018123023254870804,-0.24171418612898998,0.43908016450208853,-0.03405468881060225,0.06728452270620933,-0.015283084404306924,0
2025-11-13 00:00:00+05:30,TATAMOTORS-EQ,397.95,13165727,-0.010443864229764954,-0.024273630011033553,-0.03257566549167379,405.27750000000003,415.19016666666664,0.9761249965377312,40.57931399295511,175543.02666666667,702172.1066666667,2106516.32,0.01658499811534118,-0.014975247524752504,0.01236086947002107,0.011160156054614491,0.01742682891017311,1.1971703855660558,-0.024273630011033553,0.006321911746111963,-0.09586631486367625,0
2025-11-14 00:00:00+05:30,ITC-EQ,408.15,64020258,0.006038945033275844,0.010147259002598608,-0.025313432835820993,412.14250000000004,412.5995833333333,0.9988921866337319,48.26839455530039,853603.44,3414413.76,10243241.28,0.02119318877863525,0.008524833209784997,0.007342260555222729,0.00832195764424214,8.674847839375808,4.22876223449155,0.010147259002598608,0.020630157539384797,-0.0007350238882762872,0
2025-11-14 00:00:00+05:30,RELIANCE-EQ,1518.9,7682823,0.0052948573697795265,0.027672530446549493,0.02042324487739333,1477.655,1429.0649999999998,1.0340012525672382,69.18661630746877,102437.63999999998,409750.55999999994,1229251.68,0.010138916321021851,0.008900697442710123,0.008520003301719623,0.01211970047078451,0.06758616722177879,0.6592760346503318,0.027672530446549493,0.10521720148439218,0.018236881954045492,1
2025-11-14 00:00:00+05:30,SBIN-EQ,967.85,11032927,0.014517819706499013,0.01255427106763607,0.0358538021084176,933.9474999999999,840.01,1.1118290258449304,75.81949763211024,147105.69333333333,588422.7733333333,1765268.3199999998,0.01761636617244403,0.015635657694527495,0.006983351081139813,0.008234196973028973,0.24042949972910055,0.9593553374684722,0.01255427106763607,0.09225821013429636,0.004907785297308509,1
2025-11-14 00:00:00+05:30,SUZLON-EQ,57.68,41214942,0.001736714136853168,0.005228302544440622,-0.014185609297555968,56.66450000000001,60.95191666666666,0.9296590345121772,53.83072616435936,549532.56,2198130.24,6594390.72,0.021844660194174723,0.0031304347826086906,0.015573920540382877,0.018042938950588068,0.024696118684814916,0.45375979387643633,0.005228302544440622,0.07351572678205853,-0.044729542302357816,0
2025-11-14 00:00:00+05:30,TATAMOTORS-EQ,391.2,21834856,-0.016961929890689786,-0.035740695094897745,-0.0515213965329131,405.295,414.82675,0.9770223352278994,36.152707358232476,291131.41333333333,1164525.6533333333,3493576.96,0.03144171779141107,-0.016961929890689786,0.012866758202809758,0.011519776468944155,0.6584618532649205,2.0327688124416925,-0.035740695094897745,0.000895484201099972,-0.07400306748466257,0
2025-11-17 00:00:00+05:30,ITC-EQ,407.1,7855399,-0.0025725836089671716,0.003821970163974786,-0.03152135125490663,412.23999999999995,412.3012499999999,0.9998514435743283,46.7629941114294,104738.65333333334,418954.61333333334,1256863.84,0.014738393515106852,-0.006467358145210439,0.006997453981821048,0.00785022829097324,-0.8772982295697715,0.546124027713535,0.003821970163974786,0.0048130322102926115,-0.008720216163104921,0
2025-11-17 00:00:00+05:30,RELIANCE-EQ,1518.3,5871416,-0.00039502271380609244,0.01947223527831876,0.02146124865446697,1483.655,1429.7608333333335,1.0376945328268772,68.90252444866421,78285.54666666666,313142.18666666665,939426.56,0.0080353026411118,-0.0017095141034914434,0.008480034117541297,0.011813615231447062,-0.23577362123271617,0.5181637480792576,0.01947223527831876,0.08581849388543228,0.011591912006849947,1
2025-11-17 00:00:00+05:30,SBIN-EQ,973.35,7415026,0.0056826987653044725,0.023340167166062242,0.03879402347918903,938.2675000000002,841.5012499999999,1.114992401972071,77.27767084664336,98867.01333333332,395468.0533333333,1186404.16,0.007705347511172754,0.002420185375901156,0.007008959677057366,0.008196334338483303,-0.327918511560894,0.6478029525392173,0.023340167166062242,0.0974124809741248,-0.0028252940874300414,0
2025-11-17 00:00:00+05:30,SUZLON-EQ,57.7,36049802,0.0003467406380028848,0.004701375587671919,-0.026981450252950956,56.86899999999999,60.89633333333333,0.9338657499904208,53.935800440900415,480664.0266666667,1922656.1066666667,5767968.32,0.01143847487001727,-0.0017301038062282755,0.014715010001159112,0.018007419635696784,-0.12532202520144275,0.39971423590424865,0.004701375587671919,0.07629173661630295,-0.053552859618717585,0
2025-11-17 00:00:00+05:30,TATAMOTORS-EQ,372.7,32393346,-0.04729038854805723,-0.09197222560604212,-0.09097560975609764,404.09000000000003,414.2549166666667,0.9754621701331648,27.3475473618211,431911.27999999997,1727645.1199999999,5182935.359999999,0.04561309364099812,-0.019210526315789504,0.018529169708811043,0.015120799615291195,0.4835612380498411,2.8763619802107114,-0.09197222560604212,-0.060735887096774244,-0.038636973437080724,0
2025-11-18 00:00:00+05:30,ITC-EQ,405.85,7661681,-0.0030704986489805686,-0.002457908320019686,-0.019567580625679315,411.925,412.06750000000005,0.9996541828705248,44.965075970368055,102155.74666666667,408622.9866666667,1225868.96,0.01293581372428237,-0.005878750765462283,0.005584886582391624,0.006774837356180751,-0.024660491465805845,0.5586992182282429,-0.002457908320019686,-0.015285696954992045,-0.012443020820500195,0
2025-11-18 00:00:00+05:30,RELIANCE-EQ,1519.4,11045042,0.0007244945004281078,0.017409937056381386,0.023371724927594872,1488.785,1430.5716666666667,1.0406923572511222,69.15260579500442,147267.22666666665,589068.9066666666,1767206.72,0.01138607345004604,-0.0015114674377340832,0.008419577484317247,0.011639656407510735,0.881154733372665,1.0117590782245725,0.017409937056381386,0.07241671372106162,0.013360537054100341,1
2025-11-18 00:00:00+05:30,SBIN-EQ,972.45,6594686,-0.000924641701340656,0.02008811496905505,0.0239549331367801,942.4325000000001,842.9908333333334,1.1179629276316765,76.46508088583145,87929.14666666667,351716.58666666667,1055149.76,0.008072394467581904,-0.003228782287822855,0.006230506415128693,0.008279594627759892,-0.11063211376467186,0.5810007505662504,0.02008811496905505,0.09368498003711423,0.011465885135482523,1
2025-11-18 00:00:00+05:30,SUZLON-EQ,56.9,29797672,-0.013864818024263537,-0.015911449325492932,-0.03950033760972327,57.068,60.82558333333334,0.9382236367098821,49.12022302237907,397302.29333333333,1589209.1733333333,4767627.5200000005,0.02073813708260105,-0.016931582584657982,0.0151136500833657,0.018057263447789566,-0.17343035615008373,0.35902689122701664,-0.015911449325492932,0.07520786092214649,-0.04762741652021096,0
2025-11-18 00:00:00+05:30,TATAMOTORS-EQ,371.3,17484757,-0.003756372417493936,-0.08905789990186463,-0.10959232613908865,402.82500000000005,413.73474999999996,0.9736310522623495,26.815292117635124,233130.09333333332,932520.3733333333,2797561.1199999996,0.013062213843253494,-0.004824443848834123,0.01626268078696633,0.015109827877769091,-0.46023615467201195,1.546239051092494,-0.08905789990186463,-0.06379223398890577,-0.05076757339078919,0
2025-11-19 00:00:00+05:30,ITC-EQ,403.55,7882450,-0.005667118393495207,-0.00847665847665846,-0.013083883590119805,411.45,411.92875,0.9988377844469463,41.78191601609097,105099.33333333333,420397.3333333333,1261192.0,0.006814521125015487,-0.003211065826849478,0.004538079775583825,0.006823299125011794,0.02881469484307697,0.5859090212763107,-0.00847665847665846,-0.022999636847839233,-0.0030975096022797244,0
2025-11-19 00:00:00+05:30,RELIANCE-EQ,1518.9,5692366,-0.0003290772673423259,0.00489579887528957,0.031090896748353858,1491.39,1431.4550000000002,1.0418699854344007,68.88144903194058,75898.21333333333,303592.85333333333,910778.56,0.006781223253670389,0.0009885330170027679,0.007719893623495408,0.008942462571424297,-0.4846225120737432,0.5712249540937065,0.00489579887528957,0.035519498227434054,0.03357693067351364,1
2025-11-19 00:00:00+05:30,SBIN-EQ,982.75,8291226,0.010591804205871691,0.026746069059186084,0.026263575605680822,946.195,844.5425,1.1203639840505362,79.16521783207159,110549.68000000001,442198.72000000003,1326596.1600000001,0.015924701093869335,0.01059180420587172,0.006506331352175781,0.007520230009194153,0.25725864734120774,0.7477790593262589,0.026746069059186084,0.0829201101928374,0.0011701857033832308,1
2025-11-19 00:00:00+05:30,SUZLON-EQ,56.53,35976206,-0.006502636203866374,-0.03334473324213394,-0.05767627937989661,57.239999999999995,60.744,0.9423152903990517,47.028847607635896,479682.74666666664,1918730.9866666666,5756192.96,0.013797983371661085,-0.007374890254609336,0.01394801922128995,0.01820358881878622,0.2073495540188508,0.43306219350618114,-0.03334473324213394,0.0647956300621586,-0.01680523615779239,0
2025-11-19 00:00:00+05:30,TATAMOTORS-EQ,360.85,17854517,-0.02814435766226764,-0.10269799825935588,-0.11230012300122993,400.88,413.1199166666667,0.9703720005430222,23.187600847294462,238060.22666666668,952240.9066666667,2856722.72,0.030206456976583,-0.027882543103448183,0.016565597162583476,0.0158482969966921,0.021147562988722113,1.5290239286429117,-0.10269799825935588,-0.09731081926203877,-0.004433975336012308,0
2025-11-20 00:00:00+05:30,ITC-EQ,405.45,6693410,0.00470821459546511,-0.0006162188809465396,-0.005030674846625782,411.08000000000004,411.8179166666667,0.998208148220846,45.231183958246696,89245.46666666667,356981.8666666667,1070945.6,0.00924898261191269,0.00470821459546519,0.004835453170170353,0.006947245620962753,-0.1508465007706995,0.487469439939824,-0.0006162188809465396,-0.017924185539542337,-0.002836354667653196,0
2025-11-20 00:00:00+05:30,RELIANCE-EQ,1549.1,18171724,0.01988280992823732,0.02528294394069741,0.035425439475970766,1495.585,1432.5491666666667,1.0440025618666957,75.20542466054079,242289.65333333332,969158.6133333333,2907475.84,0.015621974049448097,0.012483660130718895,0.008561446608047604,0.00977825605240148,2.1922971924152455,1.6871803583412148,0.02528294394069741,0.057261807261807185,0.009231166483764985,1
2025-11-20 00:00:00+05:30,SBIN-EQ,981.55,6440857,-0.0012210633426609219,0.028878406708595428,0.021649752797293642,949.8800000000001,846.0774999999999,1.1226867515091705,78.04183123643381,85878.09333333332,343512.3733333333,1030537.1199999999,0.007386276807090826,-0.004513184584178545,0.006609884817791563,0.007569493314166892,-0.2231719410374292,0.5689468345185721,0.028878406708595428,0.08118081180811809,-0.00886353216850888,0
2025-11-20 00:00:00+05:30,SUZLON-EQ,56.7,37658777,0.0030072527861313425,-0.015283084404306924,-0.04881731253145438,57.366,60.67133333333333,0.9455206742338502,48.1217684600845,502117.0266666666,2008468.1066666665,6025404.319999999,0.01111111111111103,0.001766784452296845,0.014220946808299245,0.01774657252731948,0.046768995040777694,0.44930374657581934,-0.015283084404306924,0.04651162790697683,-0.031216931216931254,0
2025-11-20 00:00:00+05:30,TATAMOTORS-EQ,359.8,15999034,-0.0029097963142580285,-0.09586631486367625,-0.11781292141718769,398.77750000000003,412.4635833333333,0.9668186868214428,22.85305947852818,213320.4533333333,853281.8133333332,2559845.44,0.01431350750416892,-0.006077348066298311,0.0160462294671354,0.01567491983763697,-0.10392232957071867,1.3002521836961238,-0.09586631486367625,-0.10464103521214385,-0.005558643690939391,0
2025-11-21 00:00:00+05:30,ITC-EQ,407.85,5808131,0.005919348871624264,-0.0007350238882762872,0.009404776636554812,410.675,411.7329166666667,0.9974305754438303,49.31608466726689,77441.74666666667,309766.9866666667,929300.96,0.009317150913326005,0.007037037037037093,0.004311545057612563,0.0068546963866913295,-0.1322612838597964,0.45354623142036826,-0.0007350238882762872,-0.019473494410385817,-0.008826774549466787,0
2025-11-21 00:00:00+05:30,RELIANCE-EQ,1546.6,9615271,-0.0016138402943645103,0.018236881954045492,0.04641407307171841,1500.4950000000001,1433.5966666666668,1.0466646825350692,73.86716616563776,128203.61333333334,512814.45333333337,1538443.36,0.011444458812879896,0.003634003893575541,0.006921150476282671,0.009254094986058076,-0.4708663305694055,0.9320845800602804,0.018236881954045492,0.06779895056614182,0.013513513513513598,1
2025-11-21 00:00:00+05:30,SBIN-EQ,972.6,5377241,-0.009118231368753449,0.004907785297308509,0.0175236700319088,952.9325000000001,847.4133333333334,1.1245191248662596,70.05688292502349,71696.54666666666,286786.18666666665,860358.5599999999,0.00981904174377963,-0.007247116464223765,0.007196596392033187,0.008112282920261124,-0.16513578860701306,0.49240377594775253,0.004907785297308509,0.06697383577423088,0.006580300226197711,1
2025-11-21 00:00:00+05:30,SUZLON-EQ,55.1,42894379,-0.02821869488536155,-0.044729542302357816,-0.039735099337748325,57.394499999999994,60.53483333333334,0.9481235321811957,39.79885128369158,571925.0533333333,2287700.2133333334,6863100.640000001,0.031215970961887454,-0.02770425269101818,0.01201176140808759,0.018982607998273542,0.1390274038904662,0.5222325008638449,-0.044729542302357816,0.010452961672473782,-0.019782214156079947,0
2025-11-21 00:00:00+05:30,TATAMOTORS-EQ,362.25,10829322,0.006809338521400754,-0.07400306748466257,-0.1070988415085038,396.59749999999997,411.8525833333333,0.9629598454625047,25.552091180274402,144390.96,577563.84,1732691.52,0.01725327812284334,0.009052924791086351,0.017060140582688135,0.0155279602956272,-0.32312650876296656,0.8920563990068657,-0.07400306748466257,-0.10742885302451655,-0.01504485852311932,0
2025-11-24 00:00:00+05:30,ITC-EQ,403.55,11037491,-0.010543091822974193,-0.008720216163104921,-0.0049315744051288135,410.0125,411.60166666666663,0.9961390664922802,43.11186882464184,147166.54666666666,588666.1866666666,1765998.56,0.014744145706851662,-0.011875612144955843,0.005490367192652114,0.0071363900996393856,0.9003515933094484,0.8752182224111118,-0.008720216163104921,-0.03178982725527835,0.0017346053772766545,1
2025-11-24 00:00:00+05:30,RELIANCE-EQ,1535.9,18433951,-0.0069184016552436,0.011591912006849947,0.0312898677230915,1504.71,1434.615,1.04885979862193,68.26784370571094,245786.0133333333,983144.0533333332,2949432.1599999997,0.011849729800117224,-0.009096774193548329,0.007691217972497088,0.009532930620164066,0.9171535570864304,1.7143820397534388,0.011591912006849947,0.05807384954532946,0.019662738459534923,1
2025-11-24 00:00:00+05:30,SBIN-EQ,970.6,9901946,-0.002056343820686868,-0.0028252940874300414,0.020448930242338292,956.2375000000002,848.72125,1.126680285193755,68.37334415074068,132025.94666666666,528103.7866666666,1584311.3599999999,0.009942303729651856,-0.005074060786223087,0.006954379300063744,0.007799981498605334,0.8414547534692978,0.888080812458283,-0.0028252940874300414,0.07307904919845232,0.002575726354832053,1
2025-11-24 00:00:00+05:30,SUZLON-EQ,54.61,96347031,-0.00889292196007263,-0.053552859618717585,-0.049103256137907,57.434000000000005,60.39666666666666,0.9509465202273858,37.65115400757415,1284627.08,5138508.32,15415524.959999999,0.020875297564548628,-0.00889292196007263,0.011970297340628527,0.01884766193336227,1.2461458411602138,1.1370339057035888,-0.053552859618717585,0.014678558156818955,-0.016297381431972124,0
2025-11-24 00:00:00+05:30,TATAMOTORS-EQ,358.3,12671925,-0.010904071773636947,-0.038636973437080724,-0.127055670605433,394.34749999999997,411.24858333333333,0.958902999260585,24.088833721616453,168959.0,675836.0,2027508.0000000002,0.01688529165503771,-0.011586206896551692,0.015080365483656075,0.015573752787239312,0.17014943317781106,1.0171931707981956,-0.038636973437080724,-0.11157946937763452,0.015350265140943398,1
2025-11-25 00:00:00+05:30,ITC-EQ,400.8,8199785,-0.00681452112501546,-0.012443020820500195,-0.014870345336118973,409.02,411.46708333333333,0.9940527847002747,39.67426284078861,109330.46666666667,437321.8666666667,1311965.6,0.010978043912175592,-0.006814521125015487,0.005654759564343571,0.006746653350179476,-0.2570970159794468,0.6590971367904883,-0.012443020820500195,-0.04718887436110775,0.00037425149700598404,1
2025-11-25 00:00:00+05:30,RELIANCE-EQ,1539.7,15033482,0.0024741194088155893,0.013360537054100341,0.03100308021963305,1507.49,1435.7333333333333,1.049979104754829,69.1618825754641,200446.42666666667,801785.7066666667,2405357.12,0.022406962395271804,0.0024741194088156483,0.007693170284551578,0.008353904615020476,-0.184467724797576,1.3921805440158384,0.013360537054100341,0.03746378276396478,0.004286549327791045,1
2025-11-25 00:00:00+05:30,SBIN-EQ,983.6,9140201,0.013393777045126676,0.011465885135482523,0.03178432812336096,959.28,850.1695833333332,1.1283395910717815,72.9274176594544,121869.34666666666,487477.38666666666,1462432.16,0.01789345262301751,0.008251755420019546,0.00782841542650341,0.0071607757010556695,-0.07692881783035377,0.8198006270780793,0.011465885135482523,0.06594418856678419,-0.016571777145180988,0
2025-11-25 00:00:00+05:30,SUZLON-EQ,54.19,36680917,-0.007690899102728466,-0.04762741652021096,-0.06278104462123835,57.45799999999999,60.28033333333334,0.953179865185439,35.864638146586316,489078.8933333333,1956315.5733333332,5868946.72,0.015501014947407334,-0.005688073394495455,0.011245117397729702,0.018936122957387863,-0.6192833695103692,0.4298538222643013,-0.04762741652021096,0.008936883261962292,-0.014209263701789876,0
2025-11-25 00:00:00+05:30,TATAMOTORS-EQ,352.45,12577566,-0.016327100195367095,-0.05076757339078919,-0.13530421982335628,391.46750000000003,410.6349166666667,0.9533224869861083,22.072811110960387,167700.88,670803.52,2012410.56,0.017307419492126608,-0.015502793296089418,0.01492571326880346,0.01479293500060138,-0.007446303541095767,1.0020650278829952,-0.05076757339078919,-0.1404706743080113,0.02638672152078314,1
2025-11-26 00:00:00+05:30,ITC-EQ,402.3,11443953,0.0037425149700598404,-0.0030975096022797244,-0.011547911547911571,408.24,411.3445833333334,0.9924525970217588,42.37340319766863,152586.03999999998,610344.1599999999,1831032.48,0.007457121551081283,0.003241895261845415,0.005873892637386429,0.006805567473941125,0.39564061740643197,0.9415035571625591,-0.0030975096022797244,-0.03732950466618801,-0.004474272930648837,0
2025-11-26 00:00:00+05:30,RELIANCE-EQ,1569.9,14054299,0.019614210560498835,0.03357693067351364,0.03863711544823034,1511.64,1436.9533333333334,1.0519757078633962,75.15334428468735,187390.65333333332,749562.6133333333,2248687.84,0.019810178992292444,0.017895351099008062,0.008935831078489848,0.009247987857234415,-0.06513348005472053,1.3234238423518778,0.03357693067351364,0.05582083529490878,-0.019810178992292538,0
2025-11-26 00:00:00+05:30,SBIN-EQ,983.9,13943490,0.00030500203334682396,0.0011701857033832308,0.02794755263020421,961.9625,851.6479166666667,1.1295307382011834,73.02395329371221,185913.2,743652.8,2230958.4,0.017125724158959268,-0.00273667139671604,0.00787084559581822,0.0070920470096686545,0.5255124039394756,1.297894968485266,0.0011701857033832308,0.05767266863746312,-0.033387539384083786,0
2025-11-26 00:00:00+05:30,SUZLON-EQ,55.58,43866679,0.025650489020114353,-0.01680523615779239,-0.049589603283173744,57.426,60.1875,0.9541183800623053,45.14189496837824,584889.0533333333,2339556.2133333334,7018668.640000001,0.02788772939906436,0.02546125461254604,0.014251051679376075,0.01668700130255977,0.1958991919422297,0.5428835665758182,-0.01680523615779239,-0.011383849163998594,-0.053796329614969274,0
2025-11-26 00:00:00+05:30,TATAMOTORS-EQ,359.25,13130211,0.019293516810895195,-0.004433975336012308,-0.10667661320402833,388.855,410.0511666666667,0.9483084834534877,29.462673478792937,175069.48,700277.92,2100833.7600000002,0.023799582463465585,0.013542107490478239,0.018342159403231705,0.015793734549081704,0.04393894653385244,1.0345637954773206,-0.004433975336012308,-0.1269744835965978,-0.006680584551148172,0
2025-11-27 00:00:00+05:30,ITC-EQ,404.3,8679529,0.004971414367387572,-0.002836354667653196,-0.0034508257333004666,407.375,411.22124999999994,0.9906467625396306,45.85218498496839,115727.05333333333,462908.2133333333,1388724.64,0.0095226317091268,0.001982651796778219,0.006119843776553783,0.006533259566723206,-0.2415619847442575,0.7223658883147169,-0.002836354667653196,-0.04103415559772294,-0.0030917635419243084,0
2025-11-27 00:00:00+05:30,RELIANCE-EQ,1563.4,9794643,-0.004140391107713914,0.009231166483764985,0.03474750148917871,1514.6,1437.9616666666666,1.0532965065132704,71.9147681440723,130595.23999999999,522380.95999999996,1567142.88,0.012472815658180886,-0.007365079365079307,0.009207051532051357,0.009123103251096608,-0.3030856252595736,0.931479536852635,0.009231166483764985,0.03935646855471342,-0.01778175770756052,0
2025-11-27 00:00:00+05:30,SBIN-EQ,972.85,11909168,-0.011230816139851552,-0.00886353216850888,0.019758909853249573,963.6175,853.0383333333333,1.1296297743555879,63.97507984881869,158788.90666666668,635155.6266666667,1905466.88,0.02019838618492057,-0.01403668794973145,0.008887070891431726,0.007525109358902385,-0.14589761960599534,1.1106289086452996,-0.00886353216850888,0.035222133546156,-0.025440715423754923,0
2025-11-27 00:00:00+05:30,SUZLON-EQ,54.93,28645872,-0.011694854264123755,-0.031216931216931254,-0.0460229246266064,57.263,60.08883333333333,0.9529724047451966,42.07677343475109,381944.95999999996,1527779.8399999999,4583339.52,0.019843437101765816,-0.013824057450628422,0.013996842740806191,0.014598579143900007,-0.3469787854238977,0.38457544476128747,-0.031216931216931254,-0.05602337171335281,-0.07427635172037139,0
2025-11-27 00:00:00+05:30,TATAMOTORS-EQ,357.8,8871759,-0.004036186499651984,-0.005558643690939391,-0.10089207186832516,386.1775,409.45025,0.9431609823171436,28.834749177658992,118290.12000000001,473160.48000000004,1419481.4400000002,0.017747344885410906,-0.01160220994475135,0.018477634198769,0.01573811280259958,-0.32432471953421005,0.697965763959425,-0.005558643690939391,-0.13018111097605445,-0.003773057574063765,0
2025-11-28 00:00:00+05:30,ITC-EQ,404.25,6883500,-0.0001236705416769457,-0.008826774549466787,-0.009555310547592732,406.65,411.08125,0.9892205008134036,45.77778314691639,91780.0,367120.0,1101360.0,0.006184291898577613,-0.00012367054167700066,0.005703500662326671,0.006450659091465558,-0.20692701182287654,0.5876973869954764,-0.008826774549466787,-0.03462686567164175,0.0017316017316018062,1
2025-11-28 00:00:00+05:30,RELIANCE-EQ,1567.5,8959508,0.0026224894460789017,0.013513513513513598,0.03199683981828949,1518.55,1438.995,1.0552851121789861,72.71351395774339,119460.10666666667,477840.4266666667,1433521.28,0.01167464114832533,-0.00031887755102040814,0.009186617154915231,0.00864294368992769,-0.08526446548383637,0.8535150637819867,0.013513513513513598,0.0530735639905946,-0.0171610845295056,0
2025-11-28 00:00:00+05:30,SBIN-EQ,979.0,8117842,0.00632163231741778,0.006580300226197711,0.011520380224208315,965.85,854.42125,1.1304143009083634,66.46574506960923,108237.89333333334,432951.57333333336,1298854.7200000002,0.01016343207354448,0.002252252252252299,0.007930145457191593,0.007373933203943324,-0.3183535575281161,0.7748566105565893,0.006580300226197711,0.04778723176539845,-0.00766087844739527,0
2025-11-28 00:00:00+05:30,SUZLON-EQ,54.01,52551047,-0.016748589113417145,-0.019782214156079947,-0.06362690707350904,57.038,59.983,0.9509027557808045,38.13039794538061,700680.6266666667,2802722.506666667,8408167.52,0.023143862247731902,-0.018000000000000037,0.014282899754106912,0.014781270030692262,0.8345068008402747,0.7204558111220593,-0.019782214156079947,-0.07690992992650825,-0.042029253841881054,0
2025-11-28 00:00:00+05:30,TATAMOTORS-EQ,356.8,10905212,-0.0027948574622693734,-0.01504485852311932,-0.08793456032719826,383.39500000000004,408.83675,0.9377703936840317,28.38543779988018,145402.82666666666,581611.3066666666,1744833.92,0.013032511210762267,-0.003351955307262538,0.01846365660272554,0.015611287785953432,0.22920516664169988,0.8508434997434743,-0.01504485852311932,-0.13492544550854646,-0.008968609865470767,0
2025-12-01 00:00:00+05:30,ITC-EQ,404.25,13442658,0.0,0.0017346053772766545,-0.007000736919675843,405.84499999999997,410.9245833333333,0.9876386482109957,45.77778314691639,179235.44,716941.76,2150825.2800000003,0.018058132343846657,0.003599801390268095,0.0056799007399609205,0.006332781436418499,0.9528812377424276,1.1735392766888275,0.0017346053772766545,-0.03830141548709409,-0.0048237476808905555,0
2025-12-01 00:00:00+05:30,RELIANCE-EQ,1566.1,8920233,-0.0008931419457736123,0.019662738459534923,0.03148257920042141,1522.535,1439.9725,1.0573361644059174,71.9609278483754,118936.44,475745.76,1427237.28,0.008875550731115569,-0.005650793650793708,0.009209550548854044,0.008630990379883251,-0.004383611242938734,0.8491176484502784,0.019662738459534923,0.05361948331539268,-0.014750015963220675,0
2025-12-01 00:00:00+05:30,SBIN-EQ,973.1,8808306,-0.006026557711950931,0.002575726354832053,-0.00025684491703914514,967.655,855.6966666666667,1.1308388097028153,62.03467688213706,117444.07999999999,469776.31999999995,1409328.96,0.021940191141712077,-0.012532345628900524,0.00805400384905598,0.007606602809088762,0.08505511686480216,0.8540910670501319,0.002575726354832053,0.03852721451440777,-0.017161648340355606,0
2025-12-01 00:00:00+05:30,SUZLON-EQ,53.72,33170385,-0.005369376041473806,-0.016297381431972124,-0.06897746967071061,56.75899999999999,59.87125,0.9480176211453742,36.953847659666636,442271.8,1769087.2,5307261.6,0.022710349962769896,-0.010681399631675845,0.014093304800256693,0.014203733136732523,-0.3687968766825902,0.47935047720845425,-0.016297381431972124,-0.09409780775716692,-0.036113179448994726,0
2025-12-01 00:00:00+05:30,TATAMOTORS-EQ,363.8,12714139,0.019618834080717518,0.015350265140943398,-0.023879796082640126,381.085,408.24725,0.933466177665618,35.91345837664646,169521.85333333333,678087.4133333333,2034262.2400000002,0.0173172072567345,0.013370473537604488,0.01481052754670183,0.016718410780556636,0.16587728876797625,0.9741111940674871,0.015350265140943398,-0.11268292682926828,-0.04260582737768004,0
2025-12-02 00:00:00+05:30,ITC-EQ,400.95,8093808,-0.008163265306122436,0.00037425149700598404,-0.012073426142663601,405.195,410.70750000000004,0.9865780391154287,40.72016061352184,107917.44,431669.76,1295009.28,0.012470382840753212,-0.008163265306122477,0.006127930196803583,0.005719744363305965,-0.39790121864292016,0.7051756753072179,0.00037425149700598404,-0.03140475902886819,0.0002494076568151371,1
2025-12-02 00:00:00+05:30,RELIANCE-EQ,1546.3,11389150,-0.012642870825617769,0.004286549327791045,0.01770435698301953,1525.615,1440.8708333333334,1.0588145479151785,62.16181830072622,151855.3333333333,607421.3333333333,1822264.0,0.01649097846472224,-0.009480494523092662,0.010481731763385167,0.00925730891930235,0.276777187322349,1.0691878953658946,0.004286549327791045,0.041489863272041516,-0.010929315139364792,0
2025-12-02 00:00:00+05:30,SBIN-EQ,967.3,13444314,-0.005960332956530756,-0.016571777145180988,-0.0052959021029359565,968.5350000000001,856.94875,1.1302134462533495,57.94501590598654,179257.52000000002,717030.0800000001,2151090.24,0.016075674558048248,-0.008913934426229555,0.008272930410990786,0.007280237805207055,0.5263223144155074,1.2929643278425291,-0.016571777145180988,0.01853216805306923,-0.008218753230641918,0
2025-12-02 00:00:00+05:30,SUZLON-EQ,53.42,41115861,-0.005584512285926935,-0.014209263701789876,-0.06115992970123019,56.467999999999996,59.74733333333334,0.9451133104964237,35.725762173341494,548211.48,2192845.92,6578537.76,0.016660426806439546,-0.006139534883720899,0.013889048417134075,0.014175770523147356,0.23953523602454418,0.6091517572439015,-0.014209263701789876,-0.0982444294395679,-0.0162860351928118,0
2025-12-02 00:00:00+05:30,TATAMOTORS-EQ,361.75,8576018,-0.0056349642660803445,0.02638672152078314,-0.02572044169135468,378.3225,407.56783333333334,0.9282442554552268,34.76103345815156,114346.90666666668,457387.6266666667,1372162.8800000001,0.012163096060815417,-0.006181318681318681,0.014842719269635757,0.015828858156416818,-0.3254739467611609,0.6580117030388982,0.02638672152078314,-0.13249400479616302,-0.04713199723565997,0
2025-12-03 00:00:00+05:30,ITC-EQ,400.5,10772192,-0.001122334455667784,-0.004474272930648837,-0.00755792342956263,404.775,410.49375,0.9860686064038734,40.07003889137361,143629.22666666668,574516.9066666667,1723550.72,0.008364544319600414,-0.002987303958177716,0.005924731830478513,0.005144552304562232,0.33091765952441676,0.9357312092428164,-0.004474272930648837,-0.02054292002934699,0.006616729088639195,1
2025-12-03 00:00:00+05:30,RELIANCE-EQ,1538.8,6090883,-0.004850287783741858,-0.019810178992292538,0.013101586674566956,1528.9,1441.6200000000001,1.0605430002358458,58.890549571663485,81211.77333333333,324847.0933333333,974541.28,0.012607226410189817,-0.004141858659073318,0.01067967999292646,0.009113333504367903,-0.4652030221746135,0.5825082170526029,-0.019810178992292538,0.04459982350145952,-0.001234728359760795,0
2025-12-03 00:00:00+05:30,SBIN-EQ,951.05,14051968,-0.016799338364519745,-0.033387539384083786,-0.03225642330195888,968.2075000000001,858.0820833333332,1.1283390235102801,48.33129943279214,187359.5733333333,749438.2933333332,2248314.88,0.02628673571315914,-0.019990725951878088,0.0087151149080703,0.008065252608447279,0.045197843489820366,1.3853957062997204,-0.033387539384083786,-0.006840016708437813,0.009147784028179506,1
2025-12-03 00:00:00+05:30,SUZLON-EQ,52.59,42825048,-0.015537251965555887,-0.053796329614969274,-0.06969750574915967,56.098,59.62233333333334,0.9408890404602301,32.507010397985454,571000.64,2284002.56,6852007.68,0.027191481270203453,-0.015721504772599593,0.014200940521882355,0.013715221521893525,0.041570016009150335,0.7962462385785868,-0.053796329614969274,-0.12335389231538585,-0.01996577296063895,0
2025-12-03 00:00:00+05:30,TATAMOTORS-EQ,356.85,9504331,-0.013545266067726214,-0.006680584551148172,-0.011084938340030437,375.84000000000003,406.82658333333336,0.9238334351717019,32.10883023785952,126724.41333333334,506897.6533333334,1520692.9600000002,0.021297463920414643,-0.013408902405308173,0.01258700772060773,0.015329982160521975,0.10824522523157021,0.7275209361564015,-0.006680584551148172,-0.12214022140221392,-0.03769090654336571,0
2025-12-04 00:00:00+05:30,ITC-EQ,403.05,8057989,0.006367041198501955,-0.0030917635419243084,-0.005919348871624042,404.5525,410.34416666666664,0.9858858316088325,45.39068388398862,107439.85333333333,429759.41333333333,1289278.24,0.011164867882396725,0.007373156710822265,0.0061144843589863735,0.005365342800934877,-0.25196385285371814,0.7062105469884661,-0.0030917635419243084,-0.01092024539877301,-0.00037216226274661146,0
2025-12-04 00:00:00+05:30,RELIANCE-EQ,1535.6,11867930,-0.0020795425006499,-0.01778175770756052,-0.008714737589568089,1530.875,1442.4033333333332,1.0613362882781285,57.500164806861235,158239.06666666665,632956.2666666666,1898868.7999999998,0.027936962750716395,-0.00026041666666672586,0.008476862025822745,0.008588777316023356,0.9484744658533089,1.162261540826695,-0.01778175770756052,0.026401978477374577,0.006121385777546395,1
2025-12-04 00:00:00+05:30,SBIN-EQ,948.1,13622724,-0.0031018348141527152,-0.025440715423754923,-0.034078752992715566,967.575,859.2666666666667,1.126047404763752,46.81287266966712,181636.32,726545.28,2179635.8400000003,0.008543402594662915,-0.003101834814152707,0.00868697116255391,0.00804161876477103,-0.03054689563767865,1.4088112468291603,-0.025440715423754923,-0.013166796773354084,0.01597932707520311,1
2025-12-04 00:00:00+05:30,SUZLON-EQ,50.85,76794810,-0.0330861380490588,-0.07427635172037139,-0.10317460317460314,55.660000000000004,59.498749999999994,0.9354818378537366,27.01252520306413,1023930.8,4095723.2,12287169.6,0.04405113077679453,-0.034188034188034136,0.015836936686361148,0.014950095240507869,0.7932218079475357,1.527900367351172,-0.07427635172037139,-0.14695520885757418,0.023402163225171968,1
2025-12-04 00:00:00+05:30,TATAMOTORS-EQ,356.45,9173145,-0.001120919153706157,-0.003773057574063765,-0.009310728182323591,373.27,406.18825000000004,0.9189581431762242,31.894894233977226,122308.6,489234.4,1467703.2000000002,0.014588301304530758,-0.0015406162464986313,0.012570230276786571,0.015213787011515026,-0.03484579819452838,0.6960142682111222,-0.003773057574063765,-0.12602672551183036,-0.02749333707392343,0
2025-12-05 00:00:00+05:30,ITC-EQ,404.95,4419747,0.004714055328123079,0.0017316017316018062,-0.007110457275959381,404.59749999999997,410.2695833333334,0.986174740795432,49.02228979859411,58929.96,235719.84,707159.52,0.008272626250154397,0.004714055328123005,0.005982665177854011,0.00514483528983376,-0.451507441869181,0.39424762816706066,0.0017316017316018062,0.0022274470981313854,-0.011976787257686028,0
2025-12-05 00:00:00+05:30,RELIANCE-EQ,1540.6,10183266,0.0032560562646521962,-0.0171610845295056,-0.0038794775636881162,1534.005,1443.3425,1.0628142661911502,59.12407387898455,135776.88,543107.52,1629322.56,0.016357263403868654,0.006664924202822672,0.008567048656641638,0.007989847919056601,-0.14195095522134016,0.9858772727741613,-0.0171610845295056,0.04235453315290938,0.010320654290536302,1
2025-12-05 00:00:00+05:30,SBIN-EQ,971.5,17347847,0.0246809408290265,-0.00766087844739527,-0.0011309891013777662,968.3574999999998,860.7595833333332,1.1250034489886112,58.06675509334016,231304.62666666665,925218.5066666666,2775655.52,0.02738033968090572,0.02387100173894712,0.012122612508558188,0.009747082552634408,0.2734492014959711,1.7579037803568827,-0.00766087844739527,0.016372861850708853,-0.008594956253216712,0
2025-12-05 00:00:00+05:30,SUZLON-EQ,51.74,61141969,0.017502458210422844,-0.042029253841881054,-0.060980036297640594,55.378,59.390499999999996,0.9324386896894286,33.22925040789812,815226.2533333333,3260905.013333333,9782715.04,0.02705836876691145,0.011930373557598267,0.016793809443186657,0.014253811292777226,-0.20382680808768194,1.2960197398519595,-0.042029253841881054,-0.09829208783548271,0.02473908001546188,1
2025-12-05 00:00:00+05:30,TATAMOTORS-EQ,353.6,5667381,-0.007995511291906232,-0.008968609865470767,-0.023878536922015137,370.665,405.54275,0.9139973529301165,30.343593632190476,75565.08,302260.32,906780.96,0.010039592760181027,-0.0039436619718309215,0.012437180869135778,0.015213448831001881,-0.38217688698914054,0.4320834891115648,-0.008968609865470767,-0.12842001478925302,-0.017392533936651633,0
2025-12-08 00:00:00+05:30,ITC-EQ,402.3,6056866,-0.006544017779972822,-0.0048237476808905555,-0.0030975096022797244,404.435,410.1370833333333,0.9860971280943669,44.57029692358777,80758.21333333333,323032.85333333333,969098.56,0.011682823763360647,-0.00654401777997278,0.0053517895517027885,0.005277759733277528,0.37041011623516007,0.5417140058295512,-0.0048237476808905555,-0.008013808408334322,0.0,0
2025-12-08 00:00:00+05:30,RELIANCE-EQ,1543.0,11301491,0.001557834609892339,-0.014750015963220675,0.004622696790155478,1536.69,1444.2191666666665,1.0640282551759517,59.91579755012957,150686.54666666666,602746.1866666666,1808238.56,0.010369410239792612,0.002468814968814939,0.00825939260852422,0.007882967603954094,0.10981005504520858,1.0721669238911151,-0.014750015963220675,0.03605720808433488,0.008554763447828906,1
2025-12-08 00:00:00+05:30,SBIN-EQ,956.4,15386438,-0.015542974781266095,-0.017161648340355606,-0.014630125695446194,968.6200000000001,862.1254166666665,1.1235256277968069,50.62303862832745,205152.50666666665,820610.0266666666,2461830.08,0.02174822250104554,-0.014883864654684087,0.013083101967115427,0.010349386221174109,-0.11306354039207289,1.4980986003176198,-0.017161648340355606,0.0055196341271093186,0.011344625679631903,1
2025-12-08 00:00:00+05:30,SUZLON-EQ,51.78,97482417,0.0007730962504832739,-0.036113179448994726,-0.05182201062076541,55.0955,59.27691666666667,0.9294596125810637,33.5033873244645,1299765.56,5199062.24,15597186.719999999,0.027616840478949394,-0.004422226494904766,0.016895946900171713,0.014251674357165699,0.5943617550164275,1.9935826023926433,-0.036113179448994726,-0.09838063729757962,0.02626496716879112,1
2025-12-08 00:00:00+05:30,TATAMOTORS-EQ,348.3,7186158,-0.014988687782805488,-0.04260582737768004,-0.02790957298353336,367.5575,404.98125,0.9075914008364585,27.650262527463866,95815.44,383261.76,1149785.28,0.02985931668102204,-0.01596270659697691,0.012810979545392646,0.014671372779098359,0.2679856886276042,0.5493992616300492,-0.04260582737768004,-0.15141917407723227,-0.0033017513637669804,0
2025-12-09 00:00:00+05:30,ITC-EQ,401.05,9426717,-0.0031071339796171493,0.0002494076568151371,0.0006237524950098994,404.14500000000004,410.00083333333333,0.9857175087042507,42.60481794216531,125689.56,502758.24,1508274.72,0.01122054606657524,-0.0023631840796019617,0.004964554650075352,0.005240107072739061,0.556368755722844,0.8529422402919544,0.0002494076568151371,-0.014255868256114024,0.0016207455429497752,1
2025-12-09 00:00:00+05:30,RELIANCE-EQ,1529.4,11503971,-0.008813998703823711,-0.010929315139364792,-0.006689614860037607,1538.49,1445.0375,1.0646713320588568,53.58235061563719,153386.28,613545.12,1840635.36,0.01464626650974244,-0.007076543530480987,0.00871706697293069,0.008226363532074076,0.017916220081049428,1.0691802888477202,-0.010929315139364792,0.024106066693451167,0.008434680266771188,1
2025-12-09 00:00:00+05:30,SBIN-EQ,959.35,9580294,0.003084483479715683,-0.008218753230641918,-0.02465433102887349,968.9225,863.5175,1.1220646946935064,51.919794817181824,127737.25333333334,510949.01333333337,1532847.04,0.01412414655756497,0.004765395894428225,0.012161944523570827,0.010359128788358025,-0.3773546547940465,0.9285738084361104,-0.008218753230641918,0.006346375747403821,0.0018762703914108059,1
2025-12-09 00:00:00+05:30,SUZLON-EQ,52.55,64804664,0.014870606411741871,-0.0162860351928118,-0.030263886325890388,54.831999999999994,59.17716666666667,0.9265735939819129,38.71919036896239,864062.1866666666,3456248.7466666666,10368746.24,0.03368220742150339,0.010771302173494809,0.017993863662582415,0.014712586368779264,-0.3352168935245009,1.3061731093167148,-0.0162860351928118,-0.0911449325492909,0.002283539486203745,1
2025-12-09 00:00:00+05:30,TATAMOTORS-EQ,344.7,9143402,-0.010335917312661591,-0.04713199723565997,-0.021988934600652543,364.4125,404.44975,0.9010080980393733,25.96443579036125,121912.02666666666,487648.10666666663,1462944.3199999998,0.020162460110240758,-0.010903873744619832,0.012232684596856662,0.014677244516340289,0.27236306243196995,0.6963138106557343,-0.04713199723565997,-0.15431795878312082,0.0021758050478677404,1
2025-12-10 00:00:00+05:30,ITC-EQ,403.15,6969146,0.0052362548310682655,0.006616729088639195,0.0021128511061396793,403.9525,409.8945833333334,0.9855033865414581,46.845691411457544,92921.94666666666,371687.7866666666,1115063.3599999999,0.00843358551407659,0.0051109449015207045,0.00510762594279775,0.0054030835721052255,-0.26070274518689807,0.6334956800549327,0.006616729088639195,-0.009459459459459474,-0.008309562197693077,0
2025-12-10 00:00:00+05:30,RELIANCE-EQ,1536.9,7991629,0.004903883876029802,-0.001234728359760795,-0.02102044716223961,1539.76,1445.9275000000002,1.0648943325305036,56.32421843947427,106555.05333333333,426220.2133333333,1278660.64,0.010475632767258708,0.0018904823989570345,0.005605918069729072,0.00787400288183218,-0.30531561666836604,0.7582207931108154,-0.001234728359760795,0.016804498842209803,0.004879953152449712,1
2025-12-10 00:00:00+05:30,SBIN-EQ,959.75,6989178,0.0004169489758689693,0.009147784028179506,-0.024545177355422276,969.0525,864.91625,1.1204003855864657,52.103474296576216,93189.04000000001,372756.16000000003,1118268.48,0.00906486064079192,-0.00036454535985837175,0.012164789828937863,0.010323164424869226,-0.27046309852286365,0.6776066638576778,0.009147784028179506,0.0027163976388235866,0.016775201875488532,1
2025-12-10 00:00:00+05:30,SUZLON-EQ,51.54,59123651,-0.01921979067554702,-0.01996577296063895,-0.07268801727240015,54.48499999999999,59.072750000000006,0.922337287497196,34.857053460230205,788315.3466666667,3153261.3866666667,9459784.16,0.0358944509119131,-0.023863636363636326,0.015498646094523921,0.014544251940468047,-0.08766364408586391,1.184411008960178,-0.01996577296063895,-0.11867305061559508,0.007760962359332435,1
2025-12-10 00:00:00+05:30,TATAMOTORS-EQ,343.4,8705054,-0.003771395416304113,-0.03769090654336571,-0.04411969380654146,361.475,403.9301666666667,0.894894785856136,25.36306686917304,116067.38666666666,464269.54666666663,1392808.64,0.01616191030867796,-0.010374639769452515,0.009638858360101421,0.014657638001502798,-0.04794145548888695,0.6737974454372585,-0.03769090654336571,-0.14608976749968916,0.008590564938846912,1
2025-12-11 00:00:00+05:30,ITC-EQ,402.9,6980147,-0.000620116581917407,-0.00037216226274661146,-0.0034627751669553675,403.81250000000006,409.78541666666666,0.9854242820175195,46.40608882246523,93068.62666666666,372274.50666666665,1116823.52,0.007197815835194781,-0.0006201165819174005,0.0048284529082126175,0.005365083485864509,0.0015785291339858176,0.633450691215141,-0.00037216226274661146,-0.006901651466600933,-0.006205013651029989,0
2025-12-11 00:00:00+05:30,RELIANCE-EQ,1545.0,4706197,0.005270349404645547,0.006121385777546395,-0.011769220928745106,1541.465,1446.8583333333333,1.0653876502537105,59.131950861985835,62749.293333333335,250997.17333333334,752991.52,0.016828478964401296,0.005270349404645656,0.006002684772457265,0.007928069385053235,-0.4111091743623234,0.45184709130210354,0.006121385777546395,0.022569329538685512,-0.00038834951456301336,0
2025-12-11 00:00:00+05:30,SBIN-EQ,963.25,5979035,0.0036467830164104154,0.01597932707520311,-0.009867913861335231,969.515,866.4008333333334,1.1190143899907758,53.767775229903854,79720.46666666667,318881.8666666667,956645.6000000001,0.008357124318712644,0.001195301943664876,0.011873194192759584,0.01031673676114371,-0.144529585596475,0.5879821421654219,0.01597932707520311,0.00969601677148857,0.014845574876719336,1
2025-12-11 00:00:00+05:30,SUZLON-EQ,52.04,52982896,0.009701202949165655,0.023402163225171968,-0.05261241580192977,54.20799999999999,58.98533333333334,0.9190081150116411,38.14632853944309,706438.6133333333,2825754.453333333,8477263.36,0.021521906225979968,0.0065764023210831005,0.016297587652830684,0.01478951983502145,-0.10386291942627157,1.0479989059710988,0.023402163225171968,-0.09621396318166031,-0.004996156802459573,0
2025-12-11 00:00:00+05:30,TATAMOTORS-EQ,346.65,6756893,0.00946418171228891,-0.02749333707392343,-0.03116266070430418,358.91,403.4273333333333,0.8896521637106064,29.744033971642537,90091.90666666668,360367.6266666667,1081102.8800000001,0.01961632770806292,0.009464181712288876,0.01060219417116113,0.015134159522412607,-0.22379654393872805,0.5363059860386951,-0.02749333707392343,-0.12891066716924238,-0.0024520409635078178,0
2025-12-12 00:00:00+05:30,ITC-EQ,400.1,12407516,-0.006949615289153499,-0.011976787257686028,-0.010265924551638772,403.40999999999997,409.6316666666667,0.9848115583512015,41.687626774101545,165433.54666666666,661734.1866666666,1985202.56,0.010372406898275373,-0.006949615289153523,0.005258397911453001,0.005339294907380403,0.7775436534502784,1.47032772564354,-0.011976787257686028,-0.0197231410020825,0.002374406398400364,1
2025-12-12 00:00:00+05:30,RELIANCE-EQ,1556.5,5106655,0.007443365695792847,0.010320654290536302,-0.007017543859649145,1543.345,1447.6108333333334,1.0661325298638618,62.789407009556776,68088.73333333334,272354.93333333335,817064.7999999999,0.008801798907806004,0.003675522311065286,0.00651275124043931,0.008001458481340264,0.08509163556051735,0.496434927218593,0.010320654290536302,0.02475475673184535,0.005525216832637181,1
2025-12-12 00:00:00+05:30,SBIN-EQ,963.15,5681930,-0.00010381520892810414,-0.008594956253216712,-0.016189989785495462,969.2800000000001,867.7924999999999,1.1169490402371536,53.71035003649445,75759.06666666667,303036.26666666666,909108.8,0.009344338888023673,-0.002950310559006235,0.011608176313876162,0.009777542673467633,-0.049691129086884445,0.5738635842291557,-0.008594956253216712,-0.004856124399442163,0.017806156881067237,1
2025-12-12 00:00:00+05:30,SUZLON-EQ,53.02,42524157,0.0188316679477325,0.02473908001546188,-0.018329938900203624,53.975,58.90025,0.9163798116306807,44.10372394147561,566988.76,2267955.04,6803865.119999999,0.011316484345530014,0.009904761904761965,0.017362242086736417,0.01566391651462773,-0.1973984019295586,0.8400379070545856,0.02473908001546188,-0.08079056865464629,-0.008110147114296473,0
2025-12-12 00:00:00+05:30,TATAMOTORS-EQ,347.45,7241621,0.00230780325977209,-0.017392533936651633,-0.026205156950672714,356.72249999999997,402.91150000000005,0.8853619219108909,30.820462428245293,96554.94666666667,386219.7866666667,1158659.36,0.01323931500935393,-0.0015804597701149752,0.010740954071532824,0.015064154961623931,0.07173829746896976,0.6101141074614698,-0.017392533936651633,-0.11183537832310841,0.014966182184486865,1
2025-12-15 00:00:00+05:30,ITC-EQ,402.3,7756564,0.005498625343663965,0.0,-0.0048237476808905555,403.17,409.53499999999997,0.9844579828341901,46.30709254747792,103420.85333333333,413683.41333333333,1241050.24,0.009569972657221036,0.005498625343664056,0.005649713600280956,0.005514879167623397,-0.37484956698826744,0.9197146103994658,0.0,-0.01179071481208549,0.00099428287347747,1
2025-12-15 00:00:00+05:30,RELIANCE-EQ,1556.2,5774543,-0.00019274012206871305,0.008554763447828906,-0.006321435412808829,1545.24,1448.4391666666666,1.0668311348940556,62.63193652695616,76993.90666666666,307975.62666666665,923926.8799999999,0.007775350212054947,0.003223310985043837,0.006514028179072149,0.007999392393743131,0.1307877661600403,0.5616269941998646,0.008554763447828906,0.024962128696568664,0.01233774579102942,1
2025-12-15 00:00:00+05:30,SBIN-EQ,967.25,4416952,0.00425686549343296,0.011344625679631903,-0.006011715137190454,968.975,869.2679166666666,1.1147023620930065,55.79494129125321,58892.693333333336,235570.77333333335,706712.3200000001,0.01199276298785218,0.010446591799425437,0.011625050105499106,0.009737523094971782,-0.22263174660722673,0.45296115239573903,0.011344625679631903,-0.0062670159757538535,0.007288705091754943,1
2025-12-15 00:00:00+05:30,SUZLON-EQ,53.14,30122901,0.0022632968691058686,0.02626496716879112,-0.01079672375279217,53.747,58.819833333333335,0.913756414361369,44.80474735296201,401638.68000000005,1606554.7200000002,4819664.16,0.015054572826496129,0.0028307227778825925,0.017351352404575717,0.01569828919319609,-0.29162849718572903,0.5985629678553193,0.02626496716879112,-0.07902946273830158,0.006962739932254269,1
2025-12-15 00:00:00+05:30,TATAMOTORS-EQ,347.15,8169383,-0.0008634335875665755,-0.0033017513637669804,-0.04576690489279833,355.445,402.41808333333336,0.8832729311162084,30.630932356119487,108925.10666666667,435700.4266666667,1307101.28,0.01641941523836955,-0.0008634335875665891,0.007495865888547138,0.011487015924426037,0.12811523828711824,0.766495866229858,-0.0033017513637669804,-0.06855379661926486,0.03456718997551489,1
2025-12-16 00:00:00+05:30,ITC-EQ,401.7,12347384,-0.001491424310216316,0.0016207455429497752,0.0018705574261130842,402.9625,409.42958333333337,0.9842046505758518,45.25415467557409,164631.78666666668,658527.1466666667,1975581.44,0.011700273836196139,0.0007473841554559327,0.004996291253863937,0.005488563817749876,0.5918625824527459,1.4244873598502823,0.0016207455429497752,-0.010225452753480413,0.014065222803086863,1
2025-12-16 00:00:00+05:30,RELIANCE-EQ,1542.3,11731856,-0.008932013879964118,0.008434680266771188,-0.002586820151328939,1546.385,1449.2016666666668,1.0670599099964233,55.66597849932804,156424.74666666667,625698.9866666667,1877096.96,0.0083641314919277,-0.00174757281553401,0.0058215838244513925,0.00831870435905999,1.0316509895241928,1.1372317454325316,0.008434680266771188,0.01507173884428048,0.018414056927964717,1
2025-12-16 00:00:00+05:30,SBIN-EQ,961.15,4764786,-0.006306539157405089,0.0018762703914108059,-0.006357903442572033,968.4099999999999,870.6491666666667,1.1122849904142404,52.03998537832821,63530.479999999996,254121.91999999998,762365.76,0.011392602611455076,-0.005072201231820276,0.01164347955780337,0.009830504044326083,0.07874978039154601,0.4932599368920877,0.0018762703914108059,-0.011620134711296304,0.011184518545492406,1
2025-12-16 00:00:00+05:30,SUZLON-EQ,52.67,33821093,-0.008844561535566453,0.002283539486203745,-0.014039685511044508,53.5355,58.722166666666666,0.9116744670524759,42.55368208718781,450947.9066666667,1803791.6266666667,5411374.88,0.01689766470476553,-0.008844561535566406,0.017478294541152593,0.01557171728243118,0.122770114339253,0.6693728551122976,0.002283539486203745,-0.07434094903339183,0.018036833111828354,1
2025-12-16 00:00:00+05:30,TATAMOTORS-EQ,345.45,8391226,-0.004897018579864576,0.0021758050478677404,-0.04505874222529371,354.1525,401.89841666666666,0.8811990426270652,29.523003520652665,111883.01333333334,447532.05333333334,1342596.16,0.015776523375307702,-0.0048970185798645795,0.007488703424020018,0.011491281952987485,0.027155416755463735,0.8223938870818333,0.0021758050478677404,-0.069620253164557,0.05152699377623393,1
2025-12-17 00:00:00+05:30,ITC-EQ,399.8,8087490,-0.004729897933781424,-0.008309562197693077,-0.001747815230961236,402.775,409.2916666666667,0.9840781838542196,41.99754178699152,107833.2,431332.8,1293998.4,0.010005002501250625,-0.002992518703241867,0.005227137977313728,0.005445955920374185,-0.34500376759967943,0.9319316135003393,-0.008309562197693077,-0.009292528806839284,0.01700850425212619,1
2025-12-17 00:00:00+05:30,RELIANCE-EQ,1544.4,7116649,0.0013616028010114967,0.004879953152449712,0.0036391993761373254,1547.66,1449.8441666666668,1.0674664461065644,56.45397218408608,94888.65333333334,379554.61333333334,1138663.84,0.006928256928256957,-0.003612903225806393,0.005602729963053684,0.008315420395864519,-0.3933910371896825,0.6851254324899124,0.004879953152449712,0.01678846533675693,0.008935508935508985,1
2025-12-17 00:00:00+05:30,SBIN-EQ,975.85,8013382,0.015294178848254791,0.016775201875488532,0.026076441827453944,968.0649999999999,872.1141666666666,1.1100209548252953,59.17099464165695,106845.09333333334,427380.37333333335,1282141.12,0.014551416713634314,0.010667495209984019,0.011084806740223128,0.01016138623394353,0.6817926345485401,0.8307556780928866,0.016775201875488532,-0.007021114220300162,-0.007070758825639123,0
2025-12-17 00:00:00+05:30,SUZLON-EQ,51.94,30348315,-0.01385988228593138,0.007760962359332435,-0.012359764213728974,53.306000000000004,58.619,0.9093638581347345,39.25480199071031,404644.19999999995,1618576.7999999998,4855730.399999999,0.016365036580670032,-0.012547528517110336,0.017333658830601166,0.015726561258425965,-0.10268083293464225,0.6040049428896594,0.007760962359332435,-0.08119582522554403,0.02618405852907202,1
2025-12-17 00:00:00+05:30,TATAMOTORS-EQ,346.35,7045390,0.002605297438124321,0.008590564938846912,-0.029424127784783538,353.4275,401.38199999999995,0.8805265308359619,30.947011425755406,93938.53333333333,375754.1333333333,1127262.4,0.013281362783311743,-0.0002886419396737362,0.007068872679058826,0.009984146568117911,-0.16038609852719976,0.7291131385900085,0.008590564938846912,-0.0401829014826105,0.03710119820990321,1
2025-12-18 00:00:00+05:30,ITC-EQ,400.4,7227668,0.0015007503751875984,-0.006205013651029989,-0.006574866641855914,402.5225,409.12583333333333,0.9838598964051402,43.38313526064216,96368.90666666666,385475.62666666665,1156426.88,0.00524475524475516,0.0009999999999999432,0.004757087828958756,0.005332016419779811,-0.10631506190424966,0.8302974571012565,-0.006205013651029989,-0.01245529658404243,0.009365634365634312,1
2025-12-18 00:00:00+05:30,RELIANCE-EQ,1544.4,6580829,0.0,-0.00038834951456301336,0.005730659025788176,1547.425,1450.2533333333333,1.0670032362162012,56.45397218408608,87744.38666666667,350977.5466666667,1052932.6400000001,0.010554260554260524,0.005992704533611285,0.005539638278333763,0.0070078970865706065,-0.07529105341572984,0.670977627264802,-0.00038834951456301336,-0.003034019753405115,0.009583009583009616,1
2025-12-18 00:00:00+05:30,SBIN-EQ,977.55,4926879,0.0017420710150124474,0.014845574876719336,0.03106212424849697,967.865,873.6183333333333,1.1078808251505712,59.91330952214628,65691.72,262766.88,788300.6399999999,0.008132576338806246,-0.0003579098067287276,0.010910852672277798,0.010168900589077342,-0.38516858425069467,0.5148148454074772,0.014845574876719336,-0.004075187203912201,-0.01150836274359368,0
2025-12-18 00:00:00+05:30,SUZLON-EQ,51.78,30872497,-0.003080477474008414,-0.004996156802459573,0.018289085545722727,53.06,58.51275,0.9068109087335667,38.54941254698043,411633.29333333333,1646533.1733333333,4939599.5200000005,0.013132483584395513,-0.0025043344249662002,0.01331367381327447,0.01564028785258635,0.017272194518872075,0.6186150463831235,-0.004996156802459573,-0.08677248677248683,0.0274237157203554,1
2025-12-18 00:00:00+05:30,TATAMOTORS-EQ,345.8,15417506,-0.0015879890284394849,-0.0024520409635078178,-0.0298779632487024,352.7275,400.8193333333333,0.8800161835174286,30.54089400260031,205566.74666666664,822266.9866666666,2466800.96,0.02819548872180451,-0.0015879890284394725,0.007056907095963352,0.009982190966128136,1.188311221947969,1.6003419846709563,-0.0024520409635078178,-0.03891050583657585,0.03759398496240607,1
2025-12-19 00:00:00+05:30,ITC-EQ,401.05,10654835,0.0016233766233766378,0.002374406398400364,-0.009630818619582593,402.1825,408.9791666666667,0.9833813865824461,44.91826068476835,142064.46666666667,568257.8666666667,1704773.6,0.0059842912355067375,0.0019987507807620523,0.0044611098194686245,0.005138016237287126,0.47417327414596233,1.1908503610760592,0.002374406398400364,-0.016672796371214882,0.003864854756264746,1
2025-12-19 00:00:00+05:30,RELIANCE-EQ,1565.1,13937275,0.013403263403263255,0.005525216832637181,0.015902894975983406,1548.3500000000001,1450.6675,1.0673362434879117,63.80790629650853,185830.3333333333,743321.3333333333,2229964.0,0.014823333972270172,0.006883685023159944,0.006856110627766796,0.007618307263227958,1.1178600750756478,1.3904013818144236,0.005525216832637181,0.011961722488038173,-0.01245926777841666,0
2025-12-19 00:00:00+05:30,SBIN-EQ,980.3,5376584,0.002813155337322959,0.017806156881067237,0.009058157488419871,968.25,875.0758333333334,1.1064755340251462,61.14399195834404,71687.78666666667,286751.14666666667,860253.4400000001,0.005049474650617205,0.0003571610796468279,0.007878835944782489,0.009963305486435663,0.09127583608203094,0.561806929269503,0.017806156881067237,0.007916923709644141,-0.015556462307456886,0
2025-12-19 00:00:00+05:30,SUZLON-EQ,52.59,37121138,0.015643105446118133,-0.008110147114296473,0.016428295322767683,52.9345,58.39,0.9065679054632643,44.03246113238821,494948.50666666665,1979794.0266666666,5939382.08,0.023008176459402944,0.015250965250965372,0.01308244167219323,0.015195199696970842,0.20240154205861605,0.7481510925591451,-0.008110147114296473,-0.04555353901996362,0.0026621030614184527,1
2025-12-19 00:00:00+05:30,TATAMOTORS-EQ,352.65,74052760,0.019809138230190815,0.014966182184486865,-0.0026866515837105087,352.2475,400.29283333333336,0.8799745353089425,40.93680205939358,987370.1333333333,3949480.533333333,11848441.6,0.022118247554232275,0.015112262521588947,0.009812349060895776,0.010957186046897735,3.8031607706200994,5.787608242997646,0.014966182184486865,-0.02650103519668745,0.016872252942010668,1
2025-12-22 00:00:00+05:30,ITC-EQ,402.7,6847871,0.00411420022441078,0.00099428287347747,0.00099428287347747,402.14,408.8645833333333,0.9835530304960384,48.71933994792839,91304.94666666667,365219.7866666667,1095659.36,0.006083933449217752,0.00273904382470111,0.00424636034032503,0.004706536793730364,-0.35729919796974796,0.7837093871195313,0.00099428287347747,-0.0021063065295503502,-0.0052148000993293975,0
2025-12-22 00:00:00+05:30,RELIANCE-EQ,1575.4,10184852,0.006581049134240846,0.01233774579102942,0.02099805573558,1550.325,1451.2908333333332,1.0682386771776162,66.81130461011813,135798.02666666667,543192.1066666667,1629576.32,0.007744064999365269,0.0012074992055926858,0.007034364271486413,0.007512338077049494,-0.2692364899164291,1.0596563403918655,0.01233774579102942,0.025717820170584105,-0.02259743557191829,0
2025-12-22 00:00:00+05:30,SBIN-EQ,974.3,5959037,-0.006120575334081391,0.007288705091754943,0.01871601840234205,968.4349999999998,876.35875,1.1050668461974047,57.03009742851907,79453.82666666666,317815.30666666664,953445.9199999999,0.010725649184029606,-0.006930995821017295,0.006038357719044738,0.010057927679436788,0.10833142381854355,0.6357650394932838,0.007288705091754943,0.0038120750051513497,-0.0008724212254951347,0
2025-12-22 00:00:00+05:30,SUZLON-EQ,53.51,38903607,0.017493820117893133,0.006962739932254269,0.03341058323677082,52.87950000000001,58.27158333333333,0.9074663322173903,49.53969384340396,518714.76,2074859.04,6224577.12,0.017566809942066993,0.011531190926275981,0.0139869706744224,0.015721609703936688,0.048017628123361966,0.8322517951129922,0.006962739932254269,-0.020142830983336357,-0.02821902448140534,0
2025-12-22 00:00:00+05:30,TATAMOTORS-EQ,359.15,10798315,0.01843187296186022,0.03456718997551489,0.031151306345104768,352.29,399.81491666666665,0.8811327074465082,48.771970855485726,143977.53333333333,575910.1333333333,1727730.4000000001,0.020464986774328182,0.008140350877192918,0.009916386014330912,0.01154932349103631,-0.854180789480365,0.8501690781709553,0.03456718997551489,0.0023723137036002484,0.0072393150494223235,1
2025-12-23 00:00:00+05:30,ITC-EQ,407.35,10081997,0.01154705736280115,0.014065222803086863,0.015708764493205463,402.46750000000003,408.8,0.9845095401174169,57.599553375152716,134426.62666666668,537706.5066666667,1613119.52,0.017429728734503415,0.012049689440993844,0.005388662968871898,0.005101095521717414,0.47228196909667264,1.1415461162038019,0.014065222803086863,0.01634231536926145,-0.010678777464097289,0
2025-12-23 00:00:00+05:30,RELIANCE-EQ,1570.7,7506564,-0.0029833693030342223,0.018414056927964717,0.02700405387733751,1551.875,1451.6433333333334,1.0690470340510638,64.19350944862985,100087.52,400350.08,1201050.24,0.008149232826128594,-0.0064520210006958345,0.006223943935636108,0.007566260820942801,-0.26296778784807084,0.8128278858583247,0.018414056927964717,0.020133792297200692,-0.00019099764436236732,0
2025-12-23 00:00:00+05:30,SBIN-EQ,971.9,5123287,-0.0024633069896335957,0.011184518545492406,0.013081774117892353,967.85,877.6220833333333,1.102809533146623,55.423748335227536,68310.49333333333,273241.9733333333,819725.92,0.007048050210926957,-0.004506811430912606,0.0061680790651918605,0.009579944378499933,-0.1402491711328525,0.5585685671912357,0.011184518545492406,-0.011895079300528688,0.010597798127379487,1
2025-12-23 00:00:00+05:30,SUZLON-EQ,53.62,30259539,0.002055690525135434,0.018036833111828354,0.020361560418648894,52.851,58.15841666666667,0.9087420708667848,50.171041495552224,403460.52,1613842.08,4841526.24,0.009697873927639,0.0020556905251354783,0.013391593949005163,0.01565090908200139,-0.22219194225358074,0.6518091156841873,0.018036833111828354,-0.01051854585716927,-0.01771726967549414,0
2025-12-23 00:00:00+05:30,TATAMOTORS-EQ,363.25,11885576,0.011415842962550604,0.05152699377623393,0.05381491151726148,352.83000000000004,399.39241666666663,0.8834168734216913,53.00667216625337,158474.34666666665,633897.3866666666,1901692.16,0.025051617343427455,0.006232686980609419,0.008979116277262781,0.011120251198180593,0.10068802401115362,0.9383269962817683,0.05152699377623393,0.03064264434671582,0.0112869924294563,1
2025-12-24 00:00:00+05:30,ITC-EQ,406.6,5777430,-0.001841168528292636,0.01700850425212619,0.008557608830460195,402.6825,408.7470833333333,0.9851629930081052,55.917609920082576,77032.4,308129.6,924388.7999999999,0.00946876537137241,-0.0033092290721901357,0.005318376931305863,0.005085685872051235,-0.4269557906037862,0.6758372092623351,0.01700850425212619,0.010688540889883136,-0.10514018691588789,0
2025-12-24 00:00:00+05:30,RELIANCE-EQ,1558.2,8815745,-0.007958235181766082,0.008935508935508985,0.013859066952957244,1551.29,1451.9716666666668,1.0684023907720879,57.71639268158029,117543.26666666666,470173.06666666665,1410519.2,0.014183031703247424,-0.009219813060342086,0.0069957349689422944,0.006426942617773727,0.17440482756158482,0.9824534653267729,0.008935508935508985,-0.007452703993884979,0.01116673084328057,1
2025-12-24 00:00:00+05:30,SBIN-EQ,968.95,4105643,-0.00303529169667649,-0.007070758825639123,0.009585829643136368,967.1025,878.9225,1.1003273895024874,53.431565581533306,54741.90666666666,218967.62666666665,656902.88,0.01011404097218634,-0.004367036580353473,0.006318854765367626,0.009593275361360306,-0.1986310741521996,0.4729851043855189,-0.007070758825639123,-0.015194633600975616,0.016306310955157555,1
2025-12-24 00:00:00+05:30,SUZLON-EQ,53.3,44076962,-0.005967922417008609,0.02618405852907202,0.03414823438106329,52.737,58.06266666666667,0.9082772636461753,48.27862989418767,587692.8266666667,2350771.3066666666,7052313.92,0.0354596622889306,-0.005411457361448148,0.01158088467335317,0.014428949135312846,0.45663032077256704,0.9492299384598283,0.02618405852907202,-0.04102195034184963,-0.015572232645403306,0
2025-12-24 00:00:00+05:30,TATAMOTORS-EQ,359.2,9212351,-0.0111493461803166,0.03710119820990321,0.04601048340128133,352.8275,398.9121666666667,0.8844741511602595,48.722195015842146,122831.34666666666,491325.38666666666,1473976.16,0.017678173719376297,-0.013186813186813218,0.010046235686137274,0.010639504237401731,-0.22491337399213973,0.7387089171967882,0.03710119820990321,-0.00013917884481562393,0.023246102449888673,1
2025-12-26 00:00:00+05:30,ITC-EQ,404.15,3152453,-0.006025577963600703,0.009365634365634312,0.00310250682551505,402.675,408.67041666666665,0.9853294576212087,50.70851063991347,42032.706666666665,168130.82666666666,504392.48,0.008165285166398502,-0.005781057810578162,0.005743795909093561,0.005175502129826146,-0.4543502907001902,0.38109008718346943,0.009365634365634312,-0.0003710116250309481,-0.13386119015217113,0
2025-12-26 00:00:00+05:30,RELIANCE-EQ,1559.2,2311495,0.0006417661404183317,0.009583009583009616,0.009190938511326907,1551.0800000000002,1452.3166666666666,1.06800399361939,58.08079265745676,30819.933333333334,123279.73333333334,369839.2,0.004297075423294026,0.002894449089856564,0.006863020693086189,0.006367354158004212,-0.737799244420069,0.2688086183799636,0.009583009583009616,-0.002686452603300582,0.02122883530015396,1
2025-12-26 00:00:00+05:30,SBIN-EQ,966.3,3286321,-0.002734919242479039,-0.01150836274359368,0.0031663638723071763,966.775,880.2491666666666,1.0982969784123624,51.63602739468396,43817.61333333333,175270.4533333333,525811.36,0.006467970609541551,-0.0027349192424790656,0.006340960347339702,0.009286635849504978,-0.1995599714831514,0.39838359583138716,-0.01150836274359368,-0.006732795394973623,0.03378867846424516,1
2025-12-26 00:00:00+05:30,SUZLON-EQ,53.2,41885960,-0.0018761726078798668,0.0274237157203554,0.02229054573405076,52.6505,57.96208333333333,0.9083610693772509,47.67346474931077,558479.4666666667,2233917.8666666667,6701753.6,0.019360902255639117,-0.0018761726078798185,0.011461663628463039,0.014247368504999532,-0.04970855296242971,0.8893656250283692,0.0274237157203554,-0.0314946295284908,0.020300751879699153,1
2025-12-26 00:00:00+05:30,TATAMOTORS-EQ,358.8,8589856,-0.00111358574610243,0.03759398496240607,0.035049762007788976,352.8775,398.41925,0.8856939015873355,48.30689109487951,114531.41333333333,458125.6533333333,1374376.96,0.01588628762541803,-0.0011135857461023865,0.010028607231134697,0.010600476444348616,-0.06757178487880022,0.6895724228894888,0.03759398496240607,0.0027948574622693734,0.032190635451505134,1
2025-12-29 00:00:00+05:30,ITC-EQ,402.6,6647710,-0.003835209699368902,0.003864854756264746,0.006248437890527425,402.59250000000003,408.5875,0.9853275002294491,47.68215339822065,88636.13333333333,354544.5333333333,1063633.5999999999,0.008320914058619032,-0.003711952487008166,0.005378355556739811,0.005246011080863475,1.1087419860026464,0.8047676184185253,0.003864854756264746,-0.004081632653061162,-0.13139592647789378,0
2025-12-29 00:00:00+05:30,RELIANCE-EQ,1545.6,5972105,-0.008722421754746135,-0.01245926777841666,-0.007002891101831055,1549.9850000000001,1452.4691666666668,1.0671379713740339,51.57142193348107,79628.06666666667,318512.26666666666,955536.7999999999,0.009381469979296066,-0.005981092031642023,0.007061087976242416,0.006611290744252336,1.583654734273706,0.7067859333941239,-0.01245926777841666,-0.013971291866028746,0.0210274327122153,1
2025-12-29 00:00:00+05:30,SBIN-EQ,965.05,5267233,-0.0012935941219083258,-0.015556462307456886,0.0019726937652493337,966.0775,881.5258333333334,1.0959151320012364,50.76937020361377,70229.77333333333,280919.0933333333,842757.28,0.007719807263872268,-0.0019133312648671246,0.006361221581058767,0.009156185780651629,0.6027749571633447,0.6497457031005167,-0.015556462307456886,-0.014249233912155268,0.04196673747474233,1
2025-12-29 00:00:00+05:30,SUZLON-EQ,52.73,35515877,-0.008834586466165528,0.0026621030614184527,-0.0054696341003396265,52.5865,57.85541666666667,0.9089295874053855,44.82924630546237,473545.0266666667,1894180.1066666667,5682540.32,0.023516025033187976,-0.013285928143712591,0.01029875482057621,0.013907474771590983,-0.1520815805582587,0.7679990726545587,0.0026621030614184527,-0.02369931494167754,0.017826664138062,1
2025-12-29 00:00:00+05:30,TATAMOTORS-EQ,358.6,10050266,-0.0005574136008917874,0.016872252942010668,0.03209094833789039,352.9675,397.9315,0.8870056781129414,48.086185065888095,134003.54666666666,536014.1866666666,1608042.56,0.01380368098159506,0.0002789400278940662,0.01010694622413353,0.010579072592784199,0.17001565567571797,0.8095887538548041,0.016872252942010668,0.0050448430493272856,0.04168990518683757,1
2025-12-30 00:00:00+05:30,ITC-EQ,400.6,12340527,-0.004967709885742688,-0.0052148000993293975,-0.004225702212279359,402.40999999999997,408.4579166666667,0.9851932930667071,44.03060570025902,164540.36,658161.44,1974484.32,0.007863205192211625,-0.005955334987592996,0.005345235984837162,0.005352984455632224,0.8563576028436861,1.5039697163645824,-0.0052148000993293975,-0.009029066171923228,-0.14515726410384433,0
2025-12-30 00:00:00+05:30,RELIANCE-EQ,1539.8,8815884,-0.0037525879917184035,-0.02259743557191829,-0.010538491196504407,1548.6699999999998,1452.4550000000002,1.066243016134751,49.04683003781692,117545.12000000001,470180.48000000004,1410541.4400000002,0.010261072866606024,-0.004654169360051742,0.007123248412231677,0.006646908844427261,0.47617699286934845,1.043985767951488,-0.02259743557191829,-0.016793308217865954,-0.02091180672814652,0
2025-12-30 00:00:00+05:30,SBIN-EQ,973.45,15030644,0.008704212216983587,-0.0008724212254951347,0.006409925045231413,966.095,882.9141666666667,1.0942116872440413,56.101472049764375,200408.58666666667,801634.3466666667,2404903.04,0.017155477939288146,0.010851505711318843,0.00681449924735311,0.009294703447166272,1.8536128931452245,1.7855948183997197,-0.0008724212254951347,0.00035967526461821997,0.04668960912219422,1
2025-12-30 00:00:00+05:30,SUZLON-EQ,52.0,101385408,-0.013844111511473467,-0.02821902448140534,-0.02145276627775683,52.5005,57.73975,0.909260951077897,40.76156629259071,1351805.44,5407221.76,16221665.28,0.01903846153846144,-0.013844111511473486,0.011050585841775502,0.014170812172475589,1.8546502737353214,2.041778525427784,-0.02821902448140534,-0.03201787043931492,0.027884615384615508,1
2025-12-30 00:00:00+05:30,TATAMOTORS-EQ,361.75,13807060,0.00878416062465126,0.0072393150494223235,0.04205674780354318,352.865,397.47100000000006,0.8877754603480504,51.81987518763806,184094.13333333333,736376.5333333333,2209129.6,0.01520387007601935,0.008784160624651358,0.01013539923280838,0.009785628686869507,0.3738004546347331,1.1073389409497134,0.0072393150494223235,-0.0056349642660803445,0.019765031098825103,1
2025-12-31 00:00:00+05:30,ITC-EQ,403.0,9945109,0.0059910134797802606,-0.010678777464097289,0.003236245954692629,402.5125,408.33958333333334,0.9857298102580062,49.070869933791464,132601.45333333334,530405.8133333334,1591217.44,0.007196029776674881,0.004736973323360701,0.005689728786974263,0.0052119338296202,-0.19410986256907825,1.1985137772559622,-0.010678777464097289,0.005112856964708756,-0.15322580645161288,0
2025-12-31 00:00:00+05:30,RELIANCE-EQ,1570.4,5771830,0.019872710741654753,-0.00019099764436236732,0.01821954224210609,1549.875,1452.7283333333332,1.0668718744156112,60.13484195850114,76957.73333333334,307830.93333333335,923492.8,0.02292409577177789,0.01907852044127196,0.009119742921636418,0.007523106446811349,-0.34529197525738764,0.7070217071183007,-0.00019099764436236732,0.015585591411757083,-0.04215486500254717,0
2025-12-31 00:00:00+05:30,SBIN-EQ,982.2,5807630,0.008988648620884554,0.010597798127379487,0.021900847942568857,966.8399999999999,884.3270833333333,1.0933058799416693,60.8573111229651,77435.06666666667,309740.26666666666,929220.8,0.01237018937080022,0.00712637785183291,0.006793607341266847,0.009385811504768119,-0.6136140274495225,0.7227115215719241,0.010597798127379487,0.015403701023467553,0.02540215841987359,1
2025-12-31 00:00:00+05:30,SUZLON-EQ,52.67,38744091,0.012884615384615383,-0.01771726967549414,0.0,52.463,57.6265,0.9103971263220915,45.637124962775616,516587.88,2066351.52,6199054.5600000005,0.023732675147142585,0.012884615384615418,0.011696975391773607,0.014490857230410915,-0.6178533798473248,0.7821266592445826,-0.01771726967549414,-0.014039685511044508,0.004366812227074135,1
2025-12-31 00:00:00+05:30,TATAMOTORS-EQ,367.35,10439184,0.015480304077401641,0.0112869924294563,0.06339557099435522,353.14500000000004,397.03525,0.8894550294967513,57.65109801414048,139189.12,556756.48,1670269.44,0.02136926636722478,0.015480304077401584,0.010157419596414325,0.010298241039339897,-0.2439241953029827,0.8310232887883034,0.0112869924294563,0.015480304077401641,-0.01088879814890431,0
2026-01-01 00:00:00+05:30,ITC-EQ,363.85,282626710,-0.0971464019851116,-0.10514018691588789,-0.08991995997998992,400.68,407.87625,0.9823567810089456,19.004946231558918,3768356.1333333333,15073424.533333333,45220273.6,0.10993541294489487,-0.09647380183759614,0.03147263824821408,0.02241088181343523,27.418663887947332,12.91087453278677,-0.10514018691588789,-0.09151061173533082,-0.06307544317713354,0
2026-01-01 00:00:00+05:30,RELIANCE-EQ,1575.6,6408128,0.0033112582781456013,0.01116673084328057,0.02020202020202011,1551.715,1453.2,1.0677917698871455,61.6616434268785,85441.70666666667,341766.82666666666,1025300.48,0.01358212744351364,0.0012073457456947725,0.009129110639440828,0.007421129684589029,0.11024198564406773,0.7834429151406819,0.01116673084328057,0.02391473875747341,-0.0666412795125666,0
2026-01-01 00:00:00+05:30,SBIN-EQ,984.75,4328348,0.0025962125839951167,0.016306310955157555,0.009120254137418682,968.525,885.7754166666666,1.093420501152239,62.14444471603749,57711.30666666667,230845.22666666668,692535.68,0.007413048997207367,0.0015764849471114264,0.00502975379343116,0.008423686588709336,-0.2547135406353366,0.5733132534413315,0.016306310955157555,0.0354345197413386,0.013455191673013456,1
2026-01-01 00:00:00+05:30,SUZLON-EQ,52.47,26749342,-0.0037972280235428757,-0.015572232645403306,0.010204081632653184,52.45700000000001,57.51425,0.9120696175295689,44.46077188150886,356657.8933333333,1426631.5733333332,4279894.72,0.017724413950829042,-0.004553215708594232,0.010761733390387102,0.014086345520384692,-0.30958911902204644,0.5488951323843173,-0.015572232645403306,-0.0022818026240730704,-0.02935010482180289,0
2026-01-01 00:00:00+05:30,TATAMOTORS-EQ,367.55,7214281,0.0005444399074452377,0.023246102449888673,0.06120975891439295,353.68,396.60316666666665,0.8917730107214643,57.84731815322232,96190.41333333333,384761.6533333333,1154284.96,0.014827914569446302,-0.0035244679408974145,0.01025912097250857,0.009730175420671616,-0.30892290048724114,0.5795841334908781,0.023246102449888673,0.02998458736163645,-0.02203781798394777,0
2026-01-02 00:00:00+05:30,ITC-EQ,350.05,118790358,-0.037927717465988775,-0.13386119015217113,-0.1257492507492507,398.03000000000003,407.3195833333333,0.977193379072739,15.418763974033098,1583871.44,6335485.76,19006457.28,0.042136837594629335,-0.02763888888888886,0.032478030462619975,0.023441948110930772,-0.5796916788225712,4.331113090066236,-0.13386119015217113,-0.13149733283711695,-0.03685187830309966,0
2026-01-02 00:00:00+05:30,RELIANCE-EQ,1592.3,6602230,0.010599136836760614,0.02122883530015396,0.031015281015280838,1554.55,1453.825833333333,1.0692821412010036,66.1459702885,88029.73333333334,352118.93333333335,1056356.8,0.010299566664573174,0.0077848101265822495,0.009474778934646745,0.007663061722558418,0.03028996923906635,0.8340193035772131,0.02122883530015396,0.03692367804115659,-0.07347861583872384,0
2026-01-02 00:00:00+05:30,SBIN-EQ,998.95,7357435,0.014419903528814393,0.03378867846424516,0.021891463352258222,971.0674999999999,887.3666666666667,1.0943249690094285,68.37991063215861,98099.13333333333,392396.5333333333,1177189.6,0.02557685569848336,0.014677501269680086,0.006609700357332549,0.008792739193391623,0.6998251988980553,1.016719655053235,0.03378867846424516,0.05363358295538445,0.0015516292106712015,1
2026-01-02 00:00:00+05:30,SUZLON-EQ,54.28,59517999,0.03449590242043077,0.020300751879699153,0.04828118964851291,52.628499999999995,57.41683333333334,0.9166040156632346,55.61190882673479,793573.32,3174293.28,9522879.84,0.036109064112011806,0.032135386955694956,0.014912243534077474,0.01384050153964102,1.225026656730472,1.243345804258246,0.020300751879699153,0.06745329400196654,-0.09358879882092852,0
2026-01-02 00:00:00+05:30,TATAMOTORS-EQ,370.35,7077536,0.00761801115494487,0.032190635451505134,0.07099479467900527,354.375,396.18025000000006,0.8944792174773981,60.59972954533499,94367.14666666667,377468.58666666667,1132405.76,0.011745646010530486,0.0031148429035753903,0.009909062503961423,0.009801151313751335,-0.01895476486152947,0.5734252884872558,0.032190635451505134,0.038995651564034395,-0.04374240583232092,0
2026-01-05 00:00:00+05:30,ITC-EQ,349.7,48358124,-0.000999857163262452,-0.13139592647789378,-0.1280388978930308,395.26750000000004,406.7604166666667,0.9717452431560348,15.33970406054705,644774.9866666667,2579099.946666667,7737299.84,0.022590792107520668,-0.0014277555682467161,0.03235854343613993,0.02332945203354456,-0.5929120442586763,1.6323896163151936,-0.13139592647789378,-0.1364365971107544,-0.03231341149556766,0
2026-01-05 00:00:00+05:30,RELIANCE-EQ,1578.1,8704973,-0.008917917477862192,0.0210274327122153,0.00830617851894444,1556.425,1454.5166666666667,1.0700633658374488,59.74664950675968,116066.30666666666,464265.2266666666,1392795.68,0.023129079272542933,-0.009353421217828055,0.00940661319957384,0.008020047853929776,0.31848981329035797,1.1100103279736202,0.0210274327122153,0.024341165779566465,-0.06013560610861157,0
2026-01-05 00:00:00+05:30,SBIN-EQ,1005.55,11259060,0.006606937284148184,0.04196673747474233,0.02575742119759261,972.7700000000001,889.0074999999999,1.094220239986727,70.78834966282973,150120.8,600483.2,1801449.6,0.015414449803590077,0.005549999999999954,0.006756843227985142,0.007192733632357759,0.5302969037443077,1.6242141090265836,0.04196673747474233,0.03504889346371587,0.00954701407190095,1
2026-01-05 00:00:00+05:30,SUZLON-EQ,53.67,40693570,-0.011238025055268941,0.017826664138062,0.02053622361665708,52.725,57.31475,0.9199202648532883,51.83466070983535,542580.9333333333,2170323.7333333334,6510971.199999999,0.023104155021427278,-0.013419117647058767,0.015166196517398568,0.013786713613797245,-0.3162812815666064,0.8686519965432348,0.017826664138062,0.037301894085813636,-0.08328675237562877,0
2026-01-05 00:00:00+05:30,TATAMOTORS-EQ,373.55,9591926,0.008640475226137312,0.04168990518683757,0.059265560754289126,355.3725,395.8536666666667,0.89773704256034,63.530579772509256,127892.34666666668,511569.3866666667,1534708.1600000001,0.015794405032793408,0.008640475226137406,0.008870698318090765,0.009615957850293132,0.35526347022466576,0.7649803642891396,0.04168990518683757,0.05641968325791846,-0.06157140944987283,0
2026-01-06 00:00:00+05:30,ITC-EQ,342.45,72582738,-0.02073205604804118,-0.14515726410384433,-0.14961509808790663,392.275,406.1191666666666,0.9659110728993748,13.76519947706025,967769.84,3871079.36,11613238.08,0.03781573952401807,-0.02226980728051395,0.03183884750897285,0.023528641728966064,0.5009419720252175,2.2027861146202463,-0.14515726410384433,-0.14876957494407161,-0.022631041027887266,0
2026-01-06 00:00:00+05:30,RELIANCE-EQ,1507.6,27417125,-0.044673975033267865,-0.02091180672814652,-0.04303668909483316,1554.655,1454.7158333333332,1.0687001298649965,39.377772342487695,365561.6666666666,1462246.6666666665,4386740.0,0.04822234014327411,-0.039133205863607454,0.01691480577344785,0.013023537032410304,2.1495933416450574,3.1703330473625098,-0.02091180672814652,-0.022942320155541207,-0.03634916423454493,0
2026-01-06 00:00:00+05:30,SBIN-EQ,1018.9,9575742,0.01327631644373728,0.04668960912219422,0.04577645489069071,975.8949999999999,890.7579166666667,1.0955782505441292,74.94537346090914,127676.56000000001,510706.24000000005,1532118.7200000002,0.018696633624496962,0.010863634108834695,0.0067699729593288,0.0063880751370532915,-0.1495078630009965,1.4418106232505756,0.04668960912219422,0.06534922626516093,0.009372853076847543,1
2026-01-06 00:00:00+05:30,SUZLON-EQ,53.45,31119731,-0.004099124277995081,0.027884615384615508,-0.0011212857409829136,52.8085,57.21483333333334,0.9229861720008505,50.50237597681023,414929.7466666667,1659718.9866666668,4979156.96,0.020954162768943022,-0.004655493482309124,0.014246098917773911,0.013850988937557764,-0.23526662811839805,0.7149249235387273,0.027884615384615508,0.03225183468520676,-0.08905519176800758,0
2026-01-06 00:00:00+05:30,TATAMOTORS-EQ,368.9,17493345,-0.012448132780083054,0.019765031098825103,0.02714743143533349,356.4025,395.5251666666667,0.9010867829312167,56.9062485831708,233244.59999999998,932978.3999999999,2798935.1999999997,0.03117375982651125,-0.006998654104979873,0.009350350583249472,0.009382663628292725,0.8237572933736144,1.340060411685818,0.019765031098825103,0.059144415733562994,-0.05191108701545133,0
2026-01-07 00:00:00+05:30,ITC-EQ,341.25,29440734,-0.003504161191414723,-0.15322580645161288,-0.1622683196268565,389.28499999999997,405.44541666666663,0.9601415726942283,13.517877126452447,392543.12,1570172.48,4710517.4399999995,0.015384615384615385,-0.00510204081632653,0.030750411608004596,0.02352469158159977,-0.5943838051411067,0.8671504559294354,-0.15322580645161288,-0.14910858995137766,-0.01904761904761909,0
2026-01-07 00:00:00+05:30,RELIANCE-EQ,1504.2,11199340,-0.002255240116741719,-0.04215486500254717,-0.04233781116699564,1553.395,1454.8725000000002,1.067718992557767,38.69266804116379,149324.53333333333,597298.1333333333,1791894.4,0.014625714665602979,-0.0038410596026489767,0.01692246949741731,0.01290048231128284,-0.5915202633390627,1.297301712891324,-0.04215486500254717,-0.01647704982346021,-0.03018215662810797,0
2026-01-07 00:00:00+05:30,SBIN-EQ,1007.15,7896720,-0.011532044361566407,0.02540215841987359,0.03626916349418674,978.2850000000001,892.3470833333333,1.0963054827787955,66.03778399671933,105289.59999999999,421158.39999999997,1263475.2,0.01856724420394186,-0.0152048499071087,0.008252444190154005,0.007186871562406791,-0.17534119027016393,1.2042655478795032,0.02540215841987359,0.04982540261635471,0.02104949610286444,1
2026-01-07 00:00:00+05:30,SUZLON-EQ,52.9,48744390,-0.010289990645463098,0.004366812227074135,-0.013427825438269259,52.826,57.09591666666667,0.9252150255928985,47.233829669243356,649925.2,2599700.8,7799102.399999999,0.019281663516067978,-0.007504690431519674,0.014577123948976525,0.013731884725552911,0.5663499790534823,1.1408693121487974,0.004366812227074135,0.006660323501427312,-0.07353497164461253,0
2026-01-07 00:00:00+05:30,TATAMOTORS-EQ,363.35,10682229,-0.015044727568446659,-0.01088879814890431,0.0002752924982794003,357.335,395.1004166666666,0.9044156496080639,50.18079650288511,142429.72,569718.88,1709156.64,0.022154947020778894,-0.010080370521727253,0.010311219748394974,0.009783299183537935,-0.38935469459957484,0.8135067773021304,-0.01088879814890431,0.05410501885697716,-0.03729186734553469,0
2026-01-08 00:00:00+05:30,ITC-EQ,340.9,36706319,-0.0010256410256410664,-0.06307544317713354,-0.16158386620757514,386.1725,404.74791666666664,0.9541062080821912,13.442016441422538,489417.58666666667,1957670.3466666667,5873011.04,0.01789381050161328,-0.0017569546120059232,0.030796419484150673,0.023383825051825752,0.2467868158450126,1.0357902637137018,-0.06307544317713354,-0.1544090288974327,-0.034320915224405946,0
2026-01-08 00:00:00+05:30,RELIANCE-EQ,1470.6,16518684,-0.02233745512564822,-0.0666412795125666,-0.05621871390065469,1550.08,1454.7475,1.0655319909468826,32.6475922323429,220249.12,880996.48,2642989.44,0.023867809057527636,-0.019600000000000062,0.017863407845283317,0.013686284740093408,0.47496941784069424,1.8234257891770054,-0.0666412795125666,-0.04313878586765574,-0.008635930912552547,0
2026-01-08 00:00:00+05:30,SBIN-EQ,998.0,6854268,-0.009085041950057104,0.013455191673013456,0.02998090716755253,980.1975,893.7329166666666,1.0967454389571083,60.05212895845521,91390.23999999999,365560.95999999996,1096682.88,0.015781563126252503,-0.0085436121597457,0.008982355438839145,0.007629390584560941,-0.13201075889736502,1.0463659379345154,0.013455191673013456,0.03985412867934368,0.04438877755511017,1
2026-01-08 00:00:00+05:30,SUZLON-EQ,50.93,59316617,-0.03724007561436671,-0.02935010482180289,-0.04446529080675421,52.79549999999999,56.96175,0.92685881315093,37.79765609798189,790888.2266666666,3163552.9066666663,9490658.719999999,0.05419202827410167,-0.03724007561436671,0.01852100328029716,0.015558181626980399,0.21689115403844417,1.3880003358815427,-0.02935010482180289,-0.011835467597982152,-0.04869428627527972,0
2026-01-08 00:00:00+05:30,TATAMOTORS-EQ,359.45,7353203,-0.01073345259391778,-0.02203781798394777,0.0006959910913140188,358.1375,394.6704166666667,0.9074343677055432,46.06121392604037,98042.70666666667,392170.82666666666,1176512.48,0.020447906523855953,-0.010597302504817017,0.010261634750297387,0.010142329979213202,-0.3116415122723918,0.5628817405289619,-0.02203781798394777,0.04673849737914981,-0.016274864376130127,0
2026-01-09 00:00:00+05:30,ITC-EQ,337.15,35193201,-0.01100029334115582,-0.03685187830309966,-0.1657800321662749,382.885,404.0245833333334,0.9476774824964238,12.624546206287704,469242.67999999993,1876970.7199999997,5630912.159999999,0.014533590390034042,-0.011000293341155765,0.030638912071918583,0.023324749118822673,-0.041222275652320284,0.9550747045408348,-0.03685187830309966,-0.16319185902208988,-0.01171585347768056,0
2026-01-09 00:00:00+05:30,RELIANCE-EQ,1475.3,8335311,0.0031959744322045402,-0.07347861583872384,-0.05380964597229354,1546.595,1454.7383333333335,1.0631430852971266,34.1962901583633,111137.48,444549.92,1333649.76,0.01009964075103375,0.007030716723549457,0.017980820305870737,0.013635158630105665,-0.4954010258928617,0.9020310053012608,-0.07347861583872384,-0.04511326860841425,-0.04182200230461608,0
2026-01-09 00:00:00+05:30,SBIN-EQ,1000.5,7809460,0.0025050100200401104,0.0015516292106712015,0.035392735175411305,982.0600000000001,895.1620833333333,1.0970750641527212,61.089861806723526,104126.13333333333,416504.5333333333,1249513.5999999999,0.013993003498250875,0.004518072289156626,0.008761090390762252,0.0076205563791298175,0.1393572588641121,1.175757477485868,0.0015516292106712015,0.038671165325720125,0.03788105947026499,1
2026-01-09 00:00:00+05:30,SUZLON-EQ,49.2,89917429,-0.03396819163557818,-0.09358879882092852,-0.07518796992481203,52.653499999999994,56.819583333333334,0.9266787419243657,31.79124727316683,1198899.0533333332,4795596.213333333,14386788.639999999,0.04512195121951231,-0.031877213695395465,0.020691386333885436,0.0170471823671105,0.5158893670554408,2.0168984382399544,-0.09358879882092852,-0.054573405073020664,-0.02479674796747977,0
2026-01-09 00:00:00+05:30,TATAMOTORS-EQ,354.15,8018768,-0.01474474892196409,-0.04374240583232092,-0.01295986622073586,358.5125,394.18266666666665,0.9095085358057348,41.12070020850804,106916.90666666668,427667.6266666667,1283002.8800000001,0.02131865028942542,-0.010754189944134141,0.011296444490204798,0.010677262676999208,0.09051361699112626,0.6108797905466546,-0.04374240583232092,0.021635655560363398,-0.028660172243399673,0
2026-01-12 00:00:00+05:30,ITC-EQ,338.4,16156143,0.003707548568886221,-0.03231341149556766,-0.15946348733233995,379.8,403.3216666666667,0.9416801312434656,14.491275670381384,215415.24000000002,861660.9600000001,2584982.8800000004,0.010933806146572071,0.0004434589800442787,0.031102436517803807,0.023485497184125157,-0.5409299938360252,0.4362272715057976,-0.03231341149556766,-0.15421144713821555,-0.035756501182032996,0
2026-01-12 00:00:00+05:30,RELIANCE-EQ,1483.2,8883745,0.005354843082762795,-0.06013560610861157,-0.040372670807453326,1542.9299999999998,1454.7983333333332,1.0605799887498726,36.82575616081047,118449.93333333333,473799.73333333334,1421399.2,0.023125674217907195,0.00535484308276289,0.018238240734999894,0.013565107252608365,0.06579646518288285,0.9421267753333207,-0.06013560610861157,-0.0470928364921297,-0.060140237324703416,0
2026-01-12 00:00:00+05:30,SBIN-EQ,1015.15,7617922,0.014642678660669706,0.00954701407190095,0.0519144085798664,984.6599999999999,896.7604166666666,1.0980190268210803,66.57020696917043,101572.29333333333,406289.17333333334,1218867.52,0.020932867063980693,0.007093253968253946,0.00922556829065784,0.008111373304629854,-0.024526407715770415,1.1304455772247697,0.00954701407190095,0.05398951357524795,0.020932867063980787,1
2026-01-12 00:00:00+05:30,SUZLON-EQ,49.2,66498246,0.0,-0.08328675237562877,-0.06694481319931722,52.4625,56.687416666666664,0.9254699382138012,31.79124727316683,886643.2799999999,3546573.1199999996,10639719.36,0.030081300813008208,-0.0020283975659228055,0.02082068890096078,0.016301175722937024,-0.2604520976684064,1.4525377351079523,-0.08328675237562877,-0.07204828366654092,-0.058130081300812986,0
2026-01-12 00:00:00+05:30,TATAMOTORS-EQ,350.55,9771562,-0.010165184243964287,-0.06157140944987283,-0.022448410485220283,358.66749999999996,393.67224999999996,0.9110814897417839,38.12909333144477,130287.49333333333,521149.9733333333,1563449.92,0.018542290686064753,-0.006799830004249829,0.011634869095770212,0.010964925351647824,0.21858644619722134,0.7373046465860331,-0.06157140944987283,0.008922147071521058,-0.036228783340464976,0
2026-01-13 00:00:00+05:30,ITC-EQ,334.7,24922339,-0.010933806146572023,-0.022631041027887266,-0.16450324513230163,376.41999999999996,402.60999999999996,0.9349494548073818,13.567297560104194,332297.85333333333,1329191.4133333333,3987574.24,0.017328951299671384,-0.012684365781710947,0.030907702597720223,0.02327258493830389,0.5425921273412844,0.6576794270450347,-0.022631041027887266,-0.16803380561769832,-0.029728114729608568,0
2026-01-13 00:00:00+05:30,RELIANCE-EQ,1452.8,13499760,-0.02049622437971954,-0.03634916423454493,-0.05650084426548907,1537.7599999999998,1455.0,1.0568797250859105,31.593943400373874,179996.8,719987.2,2159961.6,0.0282901982378854,-0.021683501683501714,0.018970909588992703,0.014144852236137961,0.5196023748993246,1.3753205445265904,-0.03634916423454493,-0.06644390181210647,-0.033177312775330425,0
2026-01-13 00:00:00+05:30,SBIN-EQ,1028.45,11016895,0.013101512091809209,0.009372853076847543,0.056500077045559705,987.7199999999999,898.4625,1.0993447138862222,70.61641837645118,146891.93333333332,587567.7333333333,1762703.2,0.013126549662112888,0.005524051622995787,0.009516022694223051,0.008437356599340229,0.44618112393379716,1.5585100111845416,0.009372853076847543,0.06327216334970287,0.00019446740240169902,1
2026-01-13 00:00:00+05:30,SUZLON-EQ,48.69,75354673,-0.010365853658536706,-0.08905519176800758,-0.06365384615384617,52.239999999999995,56.53966666666667,0.9239530948773427,30.153019558335245,1004728.9733333333,4018915.893333333,12056747.68,0.039022386527007714,-0.017356205852674056,0.02071705428602195,0.016306490121956813,0.1331828662067267,1.5685059841463707,-0.08905519176800758,-0.08374106134738435,-0.06490039022386518,0
2026-01-13 00:00:00+05:30,TATAMOTORS-EQ,349.75,7527115,-0.002282128084438728,-0.05191108701545133,-0.033172080165860374,358.7975,393.1188333333333,0.9126947619316128,37.476599561245266,100361.53333333334,401446.13333333336,1204338.4000000001,0.01801286633309494,-0.0025666619135889844,0.010981236024204984,0.01097879846601169,-0.22969173198716852,0.5693314056637776,-0.05191108701545133,0.007489557828028293,-0.030021443888491817,0
2026-01-14 00:00:00+05:30,ITC-EQ,334.75,14913422,0.00014938751120419091,-0.01904761904761909,-0.16935483870967738,373.0725,401.93291666666664,0.9281959365109642,13.647425378527814,198845.62666666665,795382.5066666666,2386147.5199999996,0.007617625093353283,-0.003720238095238095,0.0304694829594621,0.02330288867315411,-0.40160423947367063,0.3922245953188718,-0.01904761904761909,-0.16666666666666663,-0.029574309185959602,0
2026-01-14 00:00:00+05:30,RELIANCE-EQ,1458.8,8321764,0.00412995594713661,-0.03018215662810797,-0.07106469689251149,1533.585,1455.3833333333334,1.0537326935629787,33.599048638418424,110956.85333333333,443827.41333333333,1331482.24,0.01837126405264598,0.010249307479224345,0.017188484892552248,0.014174362578374693,-0.38356207814064847,0.8627868344740993,-0.03018215662810797,-0.05413992089736108,-0.038593364409103326,0
2026-01-14 00:00:00+05:30,SBIN-EQ,1028.35,7370514,-9.723370120096053e-05,0.02104949610286444,0.046986357157401626,991.0800000000002,900.2404166666666,1.1009059154105596,70.54727856517235,98273.52,393094.08,1179282.24,0.00962707249477327,-0.001601941747572904,0.00958494418175705,0.008183192261018365,-0.3309808253595954,1.023803337232775,0.02104949610286444,0.06991624616344994,0.019448631302572128,1
2026-01-14 00:00:00+05:30,SUZLON-EQ,49.01,55863563,0.006572191415074924,-0.07353497164461253,-0.06948927283083361,52.056999999999995,56.393249999999995,0.9231069321239688,32.50326883712884,744847.5066666666,2979390.0266666664,8938170.079999998,0.033462558661497666,0.01072386058981225,0.02015397959108099,0.016441035437926906,-0.25865827856488743,1.1367217582953932,-0.07353497164461253,-0.06948927283083361,-0.041216078351356766,0
2026-01-14 00:00:00+05:30,TATAMOTORS-EQ,349.8,6249594,0.00014295925661200748,-0.03729186734553469,-0.047774601878317724,359.015,392.63666666666666,0.9143695188936336,37.548532406776935,83327.92,333311.68,999935.0399999999,0.019725557461406452,0.0022922636103152186,0.00894740238322987,0.010907695412731799,-0.16972252981387959,0.47656290024948084,-0.03729186734553469,0.012592270950933626,-0.007146941109205218,0
2026-01-16 00:00:00+05:30,ITC-EQ,329.2,30526898,-0.0165795369678865,-0.034320915224405946,-0.09523155146351525,369.5425,401.2183333333333,0.9210508825203236,12.285916583469898,407025.30666666664,1628101.2266666666,4884303.68,0.027187120291616004,-0.024592592592592628,0.012626289782149188,0.023344513278271296,1.0469412050433498,0.7798489485248492,-0.034320915224405946,-0.17658829414707355,-0.01761846901579589,0
2026-01-16 00:00:00+05:30,RELIANCE-EQ,1457.9,17167161,-0.0006169454346036662,-0.008635930912552547,-0.0747017009393246,1529.2599999999998,1455.6608333333331,1.0505606560136205,33.44070740830958,228895.47999999998,915581.9199999999,2746745.76,0.017079360724329577,-0.0006169454346036904,0.016964776145045705,0.014151539564971883,1.06292331770043,1.6917225904487108,-0.008635930912552547,-0.05600880600880598,-0.04924891967899048,0
2026-01-16 00:00:00+05:30,SBIN-EQ,1042.3,11051580,0.01356542033354402,0.04438877755511017,0.0584412287382583,994.4024999999999,902.0875,1.1023348621946318,74.32395305827228,147354.4,589417.6,1768252.8,0.018276887652307353,0.009980620155038715,0.009945512464198144,0.00805931880514255,0.49943138294018574,1.5033994892791043,0.04438877755511017,0.06809448173387289,-0.012280533435671037,0
2026-01-16 00:00:00+05:30,SUZLON-EQ,48.45,105047207,-0.0114262395429503,-0.04869428627527972,-0.07661520869068028,51.88250000000001,56.24716666666667,0.9224020172867967,30.565002471742233,1400629.4266666668,5602517.706666667,16807553.12,0.024974200206398366,-0.011627906976744191,0.020163955492842518,0.016368906461954522,0.8804244011431923,1.9865433854465837,-0.04869428627527972,-0.06719291490180967,-0.05675954592363264,0
2026-01-16 00:00:00+05:30,TATAMOTORS-EQ,353.6,10735620,0.010863350485992074,-0.016274864376130127,-0.03795401986124336,359.3775,392.1019166666667,0.9165410438570074,42.92309745059071,143141.6,572566.4,1717699.2,0.028421945701357497,0.011152416356877422,0.010152223167900636,0.011138186646875672,0.7178107889888528,0.8072864299984178,-0.016274864376130127,0.020932582647610776,-0.025876696832579316,0
2026-01-19 00:00:00+05:30,ITC-EQ,333.2,15507440,0.012150668286755817,-0.01171585347768056,-0.04813598057420376,366.1825,400.57875,0.9141336129287936,18.589693077120828,206765.86666666667,827063.4666666667,2481190.4,0.022058823529411662,0.009696969696969662,0.009906015103355979,0.023724484346336734,-0.4920073438185564,0.3920116733906419,-0.01171585347768056,-0.1678321678321678,-0.0436674669867948,0
2026-01-19 00:00:00+05:30,RELIANCE-EQ,1413.6,20392765,-0.030386171891076286,-0.04182200230461608,-0.11222759530239279,1522.72,1455.75,1.0460037781212435,26.75659457729381,271903.5333333333,1087614.1333333333,3262842.4,0.03346066779852855,-0.0255066868881842,0.017029738258550756,0.015412209000608449,0.18789385152268334,1.881540071720229,-0.04182200230461608,-0.08469308469308479,-0.0234153933220147,0
2026-01-19 00:00:00+05:30,SBIN-EQ,1038.4,5460164,-0.0037417250311808647,0.03788105947026499,0.03949146603934128,997.4449999999999,903.9433333333334,1.103437531113676,71.56123212954114,72802.18666666666,291208.74666666664,873626.24,0.009244992295839666,0.00328502415458946,0.009842139754564225,0.00820809608909667,-0.5059381554492661,0.7400878293860356,0.03788105947026499,0.062247455373126925,0.014204545454545414,1
2026-01-19 00:00:00+05:30,SUZLON-EQ,47.98,52924798,-0.009700722394220929,-0.02479674796747977,-0.11606484893146651,51.69250000000001,56.102666666666664,0.9213911400527607,29.00183191900068,705663.9733333333,2822655.893333333,8467967.68,0.030637765735723195,-0.014582049702197595,0.013672745306318014,0.016430117082865736,-0.4961808170682729,0.9804155235809325,-0.02479674796747977,-0.07338740826573975,-0.04564401834097531,0
2026-01-19 00:00:00+05:30,TATAMOTORS-EQ,344.0,14364958,-0.02714932126696834,-0.028660172243399673,-0.07114891319022554,359.2875,391.43475000000007,0.9178732853943089,34.779803403122486,191532.77333333332,766131.0933333333,2298393.28,0.04433139534883721,-0.02714932126696839,0.011645141580272763,0.012804211547050833,0.3380650581894664,1.0844935633344677,-0.028660172243399673,-0.00520532099479476,-0.010029069767441778,0
2026-01-20 00:00:00+05:30,ITC-EQ,326.3,18771011,-0.020708283313325304,-0.035756501182032996,-0.06691449814126382,362.44500000000005,399.88624999999996,0.9063702490395709,16.400151841313246,250280.14666666667,1001120.5866666667,3003361.76,0.027581979773214832,-0.02320011974255351,0.010954076786844546,0.02373054586593167,0.2104519508055489,0.4696929882394634,-0.035756501182032996,-0.18638573743922204,-0.0157830217591175,0
2026-01-20 00:00:00+05:30,RELIANCE-EQ,1394.0,13189498,-0.013865308432371215,-0.060140237324703416,-0.11665927381027819,1514.165,1455.7691666666665,1.0401133879398234,24.42996037799132,175859.97333333333,703439.8933333333,2110319.6799999997,0.018651362984218076,-0.011838094562982949,0.017011779099998608,0.014963234792051186,-0.35322659776641374,1.2211426312817293,-0.060140237324703416,-0.10932208804549226,0.0019368723098995844,1
2026-01-20 00:00:00+05:30,SBIN-EQ,1036.4,8905718,-0.0019260400616333273,0.020932867063980787,0.030679727512306743,1000.25,905.85875,1.104200848090279,70.12173454766743,118742.90666666666,474971.62666666665,1424914.88,0.01828444615978391,-0.003221928348160528,0.009952979471608092,0.00828353144957985,0.6310348919922553,1.1789124381656169,0.020932867063980787,0.05722737937366129,0.026148205326128826,1
2026-01-20 00:00:00+05:30,SUZLON-EQ,46.34,60935304,-0.03418090871196322,-0.058130081300812986,-0.13657536798956582,51.379999999999995,55.958666666666666,0.9181777025900069,24.32668254732701,812470.72,3249882.88,9749648.64,0.04596460940871807,-0.034180908711963186,0.015323230394340344,0.017110032925323135,0.15135638307018207,1.104446342401491,-0.058130081300812986,-0.11884388667046963,0.03150625809236063,1
2026-01-20 00:00:00+05:30,TATAMOTORS-EQ,337.85,11541904,-0.017877906976744073,-0.036228783340464976,-0.09556953553741132,358.5475,390.7824166666667,0.9175118549559441,30.754437061940465,153892.05333333334,615568.2133333334,1846704.64,0.02915495042178488,-0.020298680585761925,0.01058496981098137,0.012476138869476875,-0.19652365151363482,1.140478151764192,-0.036228783340464976,-0.041967956897773884,0.007695722953973583,1
2026-01-21 00:00:00+05:30,ITC-EQ,324.75,14177965,-0.004750229849831533,-0.029728114729608568,-0.05168637757336836,358.5475,399.1766666666666,0.8982175811879454,15.945797741519314,189039.53333333335,756158.1333333334,2268474.4000000004,0.01524249422632791,-0.003834355828220859,0.009809324953025294,0.023535461725354326,-0.24468825893288326,0.35154072836512773,-0.029728114729608568,-0.19356841321082685,-0.01893764434180134,0
2026-01-21 00:00:00+05:30,RELIANCE-EQ,1404.6,17352720,0.007604017216642722,-0.033177312775330425,-0.06832050941894408,1505.625,1455.9108333333331,1.0341464363946282,28.072679044945772,231369.59999999998,925478.3999999999,2776435.1999999997,0.028406663818880885,0.010867218423893422,0.013615472359671765,0.015008973029479424,0.31564673651718955,1.5549949997720969,-0.033177312775330425,-0.10841690999111353,-0.009682471878114662,0
2026-01-21 00:00:00+05:30,SBIN-EQ,1028.65,7408949,-0.00747780779621765,0.00019446740240169902,0.009569143193640217,1002.9675000000001,907.7879166666665,1.1048478191721545,64.69129059482066,98785.98666666666,395143.94666666666,1185431.84,0.018081952073105437,-0.003246124031007664,0.009750253186826369,0.008365772105431931,-0.16806831296477165,0.971451831513009,0.00019446740240169902,0.055783639536077345,0.03650415593253298,1
2026-01-21 00:00:00+05:30,SUZLON-EQ,45.53,78076574,-0.017479499352611172,-0.06490039022386518,-0.14817586529466797,50.981,55.831,0.9131306979993193,22.40557365647976,1041020.9866666667,4164083.946666667,12492251.84,0.028991873490006596,-0.0166306695464362,0.014895241560181592,0.016334236868272393,0.28130277318383445,1.3666149122573024,-0.06490039022386518,-0.14913100355073816,0.04195036239841854,1
2026-01-21 00:00:00+05:30,TATAMOTORS-EQ,339.25,9873473,0.004143850821370254,-0.030021443888491817,-0.0803740851179181,357.55249999999995,390.1644166666667,0.9164149387448409,32.66498035168358,131646.30666666667,526585.2266666667,1579755.68,0.022844509948415623,0.009672619047619048,0.01141655422705761,0.011620272219755137,-0.1445542260618352,0.9800955388050377,-0.030021443888491817,-0.055408603647501,0.03699336772291817,1
2026-01-22 00:00:00+05:30,ITC-EQ,324.85,18622852,0.0003079291762895231,-0.029574309185959602,-0.048058608058607954,354.4225,398.4800000000001,0.889436107207388,16.107279639309795,248304.69333333336,993218.7733333334,2979656.3200000003,0.023549330460212334,-0.003833180006133088,0.009957637018894511,0.02311370774815408,0.31350669859884683,0.4569130921832139,-0.029574309185959602,-0.20252853811218852,-0.008311528397722201,0
2026-01-22 00:00:00+05:30,RELIANCE-EQ,1402.5,15721693,-0.0014950875694147436,-0.038593364409103326,-0.06761069006781018,1497.215,1455.7891666666667,1.0284559291151936,27.786910543695242,209622.57333333336,838490.2933333335,2515470.8800000004,0.01746880570409982,-0.0053896886745620235,0.013646788543041587,0.015026375207286823,-0.09399258444785596,1.3588210982970255,-0.038593364409103326,-0.1070860126058446,-0.005062388591800304,0
2026-01-22 00:00:00+05:30,SBIN-EQ,1048.35,12001641,0.019151314830117006,0.019448631302572128,0.04090751129424608,1006.79,909.8641666666666,1.1065278058904398,70.86735491621918,160021.88,640087.52,1920262.56,0.020460723994849092,0.012898550724637593,0.010187988538101819,0.009026740339188112,0.6198844127554395,1.5057397821280418,0.019448631302572128,0.07866035600370402,0.027471741307769637,1
2026-01-22 00:00:00+05:30,SUZLON-EQ,46.99,56239464,0.03206676916318907,-0.041216078351356766,-0.11172022684310012,50.6495,55.70766666666667,0.9092016060027645,32.71922816970658,749859.52,2999438.08,8998314.24,0.030857629282826194,0.012715517241379384,0.021288869188171904,0.018529398118318798,-0.2796883736215168,0.9625041461215362,-0.041216078351356766,-0.12364789257739639,0.014471164077463294,1
2026-01-22 00:00:00+05:30,TATAMOTORS-EQ,347.3,10714263,0.023728813559322104,-0.007146941109205218,-0.044172285674969114,356.755,389.56583333333333,0.9157758958156409,42.49052944113532,142856.84,571427.36,1714282.0799999998,0.024906420961704513,0.008274060095804973,0.014914087744381906,0.01268907251055835,0.08515645913043968,1.0697762023012365,-0.007146941109205218,-0.043909153475567786,0.007918226317304988,1
2026-01-23 00:00:00+05:30,ITC-EQ,323.4,11950089,-0.004463598583961947,-0.01761846901579589,-0.05133470225872694,350.2625,397.7783333333333,0.8805469545433596,15.638139929890073,159334.52,637338.08,1912014.24,0.011440940012368549,-0.006604208262939745,0.00986918394598404,0.023066504508807668,-0.3583104779010218,0.2909928490294003,-0.01761846901579589,-0.20462370880472214,-0.04313543599257885,0
2026-01-23 00:00:00+05:30,RELIANCE-EQ,1386.1,9837802,-0.011693404634581128,-0.04924891967899048,-0.057459540323677394,1488.61,1455.5891666666669,1.022685544856693,25.595594796637982,131170.69333333333,524682.7733333333,1574048.3199999998,0.018757665392107353,-0.011199885861035845,0.012689712302212202,0.01508114547025792,-0.3742530146085412,0.8465392084939175,-0.04924891967899048,-0.11044795276601216,-0.028208642955053653,0
2026-01-23 00:00:00+05:30,SBIN-EQ,1029.5,10917698,-0.017980636237897585,-0.012280533435671037,0.0315631262525049,1009.8174999999999,911.7629166666667,1.107543947599682,60.04468634441299,145569.30666666667,582277.2266666667,1746831.6800000002,0.02661486158329295,-0.021294799885920798,0.011734602744806998,0.010171202261151398,-0.09031623258852683,1.3136131737268029,-0.012280533435671037,0.062490324578151624,-0.010976202039825078,0
2026-01-23 00:00:00+05:30,SUZLON-EQ,45.7,49252985,-0.027452649499893567,-0.05675954592363264,-0.10268996662085206,50.2695,55.578416666666676,0.9044788069709313,29.04568450608977,656706.4666666667,2626825.8666666667,7880477.6,0.04048140043763679,-0.035864978902953495,0.020173453587123073,0.019115658642660172,-0.12422733972002298,0.8392177333104643,-0.05675954592363264,-0.1425891181988742,0.010284463894967066,1
2026-01-23 00:00:00+05:30,TATAMOTORS-EQ,344.45,8354700,-0.008206161819752422,-0.025876696832579316,-0.04173042147725692,356.01750000000004,389.0640833333334,0.9150613362965698,40.25114947375476,111396.0,445584.0,1336752.0,0.02569313398171004,-0.007634687409968407,0.014816068349436048,0.012596132382841652,-0.22022634687985543,0.8377703372253984,-0.025876696832579316,-0.04106347438752789,0.0005806357961968267,1
2026-01-27 00:00:00+05:30,ITC-EQ,318.65,47847784,-0.014687693259121781,-0.0436674669867948,-0.05487171881951658,345.9875,397.00083333333333,0.8715032084315525,14.181012521747704,637970.4533333334,2551881.8133333335,7655645.44,0.021496940216538415,-0.015296662546353663,0.010173668073632599,0.02304723397548574,3.0039688407341565,1.1049945987106116,-0.0436674669867948,-0.21155511567487317,-0.012396045818295898,0
2026-01-27 00:00:00+05:30,RELIANCE-EQ,1380.5,26302396,-0.004040112545992236,-0.0234153933220147,-0.06425811699315387,1479.6749999999997,1455.5083333333334,1.0166035921012702,24.87424894988783,350698.61333333334,1402794.4533333334,4208383.36,0.01709525534226723,0.00036231884057971015,0.012318930211542376,0.01501329887616996,1.673604937363041,2.051549622421729,-0.0234153933220147,-0.11461005643919964,0.007171314741035939,1
2026-01-27 00:00:00+05:30,SBIN-EQ,1053.15,14420630,0.022972316658572245,0.014204545454545414,0.05262368815592211,1014.1600000000001,913.90125,1.1097041392601226,66.8790149207012,192275.06666666668,769100.2666666667,2307300.8000000003,0.02350092579404643,0.018421816071946796,0.013287139310796997,0.010988588619728594,0.3208489555215761,1.6261583454609054,0.014204545454545414,0.08987891959018945,-0.02321606608745197,0
2026-01-27 00:00:00+05:30,SUZLON-EQ,45.79,62941841,0.0019693654266956795,-0.04564401834097531,-0.06930894308943092,49.899,55.44666666666667,0.8999458939521461,29.639224863205925,839224.5466666667,3356898.186666667,10070694.56,0.0299191963310766,-0.0013086150490731138,0.01869347299538043,0.01919426283944189,0.2779294696554939,1.053561781262384,-0.04564401834097531,-0.13928571428571435,0.0262065953264905,1
2026-01-27 00:00:00+05:30,TATAMOTORS-EQ,340.55,12510469,-0.011322398025838232,-0.010029069767441778,-0.03840180714386554,355.10499999999996,388.5424166666667,0.913941399362446,37.35024435631429,166806.25333333333,667225.0133333333,2001675.04,0.026721479958890095,0.0016176470588235628,0.014581945017434511,0.012763258520740414,0.49741690306055264,1.2303072659321472,-0.010029069767441778,-0.0508639910813824,0.06562912934958143,1
2026-01-28 00:00:00+05:30,ITC-EQ,321.15,28400238,0.007845598619174554,-0.0157830217591175,-0.05097517730496459,341.91499999999996,396.2066666666667,0.8629713449210007,18.48603603510844,378669.83999999997,1514679.3599999999,4544038.08,0.013545072396076495,0.0037505860290670064,0.01066569680275439,0.023398293090122157,-0.4064461167104416,0.6398035091578955,-0.0157830217591175,-0.20230998509687048,-0.014012143858010306,0
2026-01-28 00:00:00+05:30,RELIANCE-EQ,1396.7,11121657,0.011734878667149617,0.0019368723098995844,-0.058319848975188826,1472.23,1455.5333333333333,1.0114711674987404,30.9378430074826,148288.76,593155.04,1779465.12,0.017899334144769814,0.00844765342960292,0.013141753017644094,0.015503998879000207,-0.5771618296675329,0.8503950991569321,0.0019368723098995844,-0.09633799171842639,0.028925323977947892,1
2026-01-28 00:00:00+05:30,SBIN-EQ,1063.5,12171257,0.00982765987751022,0.026148205326128826,0.047628429296163066,1019.0825000000001,916.1470833333333,1.1123568677336655,69.34987129238733,162283.42666666667,649133.7066666667,1947401.12,0.02016925246826499,0.003870115159524173,0.012991737941176624,0.010968284910733199,-0.1559829910343723,1.3210796404201566,0.026148205326128826,0.10201543961452786,0.0006582040432534519,1
2026-01-28 00:00:00+05:30,SUZLON-EQ,47.8,59993734,0.043896047171871455,0.03150625809236063,-0.028455284552845628,49.652499999999996,55.29541666666667,0.8979496492325313,41.42418256868749,799916.4533333334,3199665.8133333335,9598997.44,0.04163179916317996,0.03890458595957399,0.024706529010259024,0.02233624779849086,-0.046838588658377533,0.9840547728423883,0.03150625809236063,-0.0934951640432391,0.028451882845188292,1
2026-01-28 00:00:00+05:30,TATAMOTORS-EQ,340.45,9425163,-0.00029364263691089576,0.007695722953973583,-0.02881186706603911,354.19750000000005,388.10616666666664,0.9126304357441716,37.2760611962886,125668.84,502675.36,1508026.08,0.028051108826553126,-0.004241006142146794,0.014437518200574989,0.01276553938823346,-0.24661793254913145,0.9297492024431137,0.007695722953973583,-0.05061349693251538,0.09281832868262607,1
2026-01-29 00:00:00+05:30,ITC-EQ,318.6,17719420,-0.00794021485287233,-0.01893764434180134,-0.048102778607708285,337.815,395.3879166666666,0.8543887806384237,17.520594803394715,236258.93333333335,945035.7333333334,2835107.2,0.014281230382925333,-0.01239925604463732,0.010526960321393691,0.023367622446144147,-0.3760819891720626,0.3967809114152985,-0.01893764434180134,-0.2046929605591612,-0.014908976773383542,0
2026-01-29 00:00:00+05:30,RELIANCE-EQ,1391.0,20846683,-0.004081048185007541,-0.009682471878114662,-0.04253854625550657,1464.79,1455.3625,1.0064777675664998,30.019737265912426,277955.7733333333,1111823.0933333333,3335469.2800000003,0.01358734723220711,-0.008482429253688853,0.012101756023275779,0.015502852838361583,0.8744223994679929,1.5239067094234982,-0.009682471878114662,-0.09663592674373289,0.04730409777138744,1
2026-01-29 00:00:00+05:30,SBIN-EQ,1066.2,14800724,0.0025387870239774735,0.03650415593253298,0.03670572220331558,1023.72,918.4012500000001,1.1146761832042367,69.97905392772604,197342.98666666666,789371.9466666667,2368115.84,0.013787281935846975,0.0030103480714958096,0.01266153231537099,0.01094311609513273,0.21603906646618332,1.6084915068331327,0.03650415593253298,0.0952796753813756,0.001875820671543904,1
2026-01-29 00:00:00+05:30,SUZLON-EQ,47.44,55397230,-0.007531380753138084,0.04195036239841854,-0.025672622715136595,49.4245,55.14908333333334,0.8961980329077697,40.1277979552302,738629.7333333333,2954518.933333333,8863556.799999999,0.030775716694772363,-0.012283989173433341,0.024623785544389896,0.022244046287574454,-0.07661640130617642,0.9442746239002192,0.04195036239841854,-0.08769230769230774,0.04911467116357526,1
2026-01-29 00:00:00+05:30,TATAMOTORS-EQ,351.8,13586977,0.03333822881480408,0.03699336772291817,0.0058613295210865335,353.7,387.74058333333335,0.9122078399926754,49.52886542149276,181159.69333333336,724638.7733333334,2173916.3200000003,0.04846503695281397,0.03318649045521296,0.018428839794242955,0.014910101551796352,0.44156414058833793,1.3417495912999335,0.03699336772291817,-0.027505183137525924,0.06722569641841947,1
2026-01-30 00:00:00+05:30,ITC-EQ,322.15,41975824,0.011142498430633863,-0.008311528397722201,-0.037640029873039604,333.7725,394.62125000000003,0.8458046798037357,23.509691382160582,559677.6533333333,2238710.6133333333,6716131.840000001,0.02700605308086292,0.010508155583437784,0.01162573879576805,0.02359337141681621,1.3689163640796371,0.9073993826059064,-0.008311528397722201,-0.20062034739454104,-0.037094521185782936,0
2026-01-30 00:00:00+05:30,RELIANCE-EQ,1395.4,11239835,0.003163191948238664,-0.005062388591800304,-0.04346037839319983,1456.04,1455.3933333333334,1.0004443243292762,31.704570107102356,149864.46666666667,599457.8666666667,1798373.6,0.013974487602121255,0.009257919861131335,0.01203084150074747,0.014513212173074082,-0.46083340932463934,0.8055402633245142,-0.005062388591800304,-0.1114365766683647,0.03439873871291388,1
2026-01-30 00:00:00+05:30,SBIN-EQ,1077.15,9480769,0.010270118176702425,0.027471741307769637,0.04745466037827617,1028.4675,920.7058333333333,1.1170424502216143,72.44915324197544,126410.25333333333,505641.0133333333,1516923.04,0.020517105324235164,0.012359022556391062,0.012741782113547947,0.0109737648168226,-0.3594388355596658,1.0101749072938697,0.027471741307769637,0.09667073915699453,-0.0033885716938217847,0
2026-01-30 00:00:00+05:30,SUZLON-EQ,47.67,60762661,0.004848229342327315,0.014471164077463294,-0.027341358906345592,49.1745,55.001,0.8940655624443192,41.3898087730423,810168.8133333334,3240675.2533333334,9722025.76,0.024753513740297873,0.005060088551549694,0.024560513611205606,0.02198754792350232,0.09685377770693582,1.016652784537296,0.014471164077463294,-0.09493070058857034,0.0037759597230961894,1
2026-01-30 00:00:00+05:30,TATAMOTORS-EQ,350.05,9910289,-0.0049744172825468835,0.007918226317304988,0.0007146941109206217,352.835,387.3553333333333,0.9108819980964936,47.9728129865234,132137.18666666668,528548.7466666667,1585646.2400000002,0.013140979860020061,-0.002137970353477765,0.01851799603411937,0.01439186581011876,-0.27060382894590906,0.981229483798985,0.007918226317304988,-0.04709405199401118,0.06884730752749602,1
2026-02-01 00:00:00+05:30,ITC-EQ,309.45,33278995,-0.039422629209995286,-0.04313543599257885,-0.059993924665856624,331.05249999999995,393.76666666666665,0.8407326674003216,18.370481198885884,443719.93333333335,1774879.7333333334,5324639.2,0.059945063822911655,-0.046672828096118404,0.015886204932478033,0.014104075768163103,-0.20718661770642077,0.9848159841952621,-0.04313543599257885,-0.1495121616050571,0.0528356761997093,1
2026-02-01 00:00:00+05:30,RELIANCE-EQ,1347.0,9714528,-0.03468539486885491,-0.028208642955053653,-0.07606831744289733,1444.6100000000001,1455.0116666666668,0.9928511455234609,24.668862992854486,129527.04,518108.16,1554324.48,0.05642167780252413,-0.03510028653295129,0.015245056534171611,0.015697950690269167,-0.1357054618684349,0.6880716331892162,-0.028208642955053653,-0.14508758568164504,0.0770601336302894,1
2026-02-01 00:00:00+05:30,SBIN-EQ,1018.2,12051593,-0.054727753794736156,-0.010976202039825078,-0.02312194185934946,1030.1399999999999,922.48125,1.1167056240980506,49.050609732638826,160687.90666666665,642751.6266666666,1928254.88,0.0935965429188764,-0.05371747211895907,0.022237523895352912,0.017242659611166375,0.27116197008913523,1.2333491032759518,-0.010976202039825078,0.03396801218583412,0.04733844038499324,1
2026-02-01 00:00:00+05:30,SUZLON-EQ,46.17,67892850,-0.03146633102580243,0.010284463894967066,-0.04705882352941182,48.859500000000004,54.84191666666667,0.8909152518678687,36.05251059857259,905238.0,3620952.0,10862856.0,0.0649772579597141,-0.042314872433105145,0.026136852716506027,0.02278086239630302,0.11734491022373095,1.0981536842181574,0.010284463894967066,-0.12006861063464835,0.040502490794888324,1
2026-02-01 00:00:00+05:30,TATAMOTORS-EQ,344.65,8423914,-0.015426367661762752,0.0005806357961968267,-0.02531108597285081,351.68999999999994,386.9339166666667,0.9089148943822662,43.43784227549485,112318.85333333333,449275.41333333333,1347826.24,0.061801827941389685,-0.0130297823596793,0.01870509008292743,0.01466555736357232,-0.14998301260437508,0.8290967996536812,0.0005806357961968267,-0.06230444837437088,0.07210213259828824,1
2026-02-02 00:00:00+05:30,ITC-EQ,314.7,35227572,0.01696558410082405,-0.012396045818295898,-0.055522208883553414,329.28499999999997,392.9425,0.8379979259051896,25.60991760260137,469700.95999999996,1878803.8399999999,5636411.52,0.04258023514458207,0.016965584100824042,0.016557989015708145,0.01328448973704981,0.058552759781357544,1.1895598383997026,-0.012396045818295898,-0.10098557348950155,0.025738798856053346,1
2026-02-02 00:00:00+05:30,RELIANCE-EQ,1390.4,15711165,0.03221974758723101,0.007171314741035939,-0.016411997736275996,1434.515,1455.02,0.9859074102074199,37.96314047086265,209482.2,837928.8,2513786.4000000004,0.04128308400460305,0.03761194029850753,0.017600507408694285,0.017647019743616918,0.6172854718211733,1.07803212520521,0.007171314741035939,-0.12679771399861828,0.051208285385500485,1
2026-02-02 00:00:00+05:30,SBIN-EQ,1028.7,14434549,0.010312315851502607,-0.02321606608745197,-0.009341294298921499,1031.6275,924.3441666666665,1.1160642725968775,52.02282561373052,192460.65333333332,769842.6133333333,2309527.84,0.040147759307864246,0.008628296891852209,0.022564597387674166,0.01710856672119731,0.1977295449655494,1.4255932642104916,-0.02321606608745197,0.029781270333850474,0.11402741324001164,1
2026-02-02 00:00:00+05:30,SUZLON-EQ,46.99,45471127,0.017760450508988557,0.0262065953264905,-0.020633597332221698,48.495000000000005,54.69841666666667,0.8865887342869462,40.5646271967499,606281.6933333334,2425126.7733333334,7275380.319999999,0.039157267503724266,0.010537634408602193,0.02695975369399663,0.021480331235114072,-0.33025160970558753,0.7439379999931514,0.0262065953264905,-0.13430361090641119,0.02553734837199384,1
2026-02-02 00:00:00+05:30,TATAMOTORS-EQ,362.9,19654613,0.05295227041926598,0.06562912934958143,0.05494186046511618,351.3175,386.69666666666666,0.9085092535923937,57.916912859851834,262061.50666666668,1048246.0266666667,3144738.08,0.06448057316065026,0.05295227041926592,0.02347403282112842,0.019210179437109894,1.3331925041020125,1.8216925497540748,0.06562912934958143,-0.020116106385851373,0.039955910719206456,1
2026-02-03 00:00:00+05:30,ITC-EQ,316.65,33168353,0.006196377502383221,-0.014012143858010306,-0.02957401164572493,327.6325,392.12708333333336,0.835526322780136,28.158467269375578,442244.70666666667,1768978.8266666667,5306936.48,0.04152850150007888,-0.014165628891656325,0.016001584440350238,0.013500618232216745,-0.05845475243085163,1.1495049682402987,-0.014012143858010306,-0.0945095796396912,0.015000789515237756,1
2026-02-03 00:00:00+05:30,RELIANCE-EQ,1437.1,25456171,0.0335874568469503,0.028925323977947892,0.03091822094691521,1427.465,1455.5975,0.9806728851897587,48.4959339193144,339415.6133333333,1357662.4533333331,4072987.36,0.04126365597383617,-0.024967772576158613,0.02011734373521655,0.019784170463260267,0.6202599234366133,1.6517657119613447,0.028925323977947892,-0.08934795006653573,0.014891100132210733,1
2026-02-03 00:00:00+05:30,SBIN-EQ,1064.2,16129381,0.03450957519198994,0.0006582040432534519,0.026823620223851652,1034.56,926.5100000000001,1.1166204358290788,60.428101665093344,215058.41333333333,860233.6533333333,2580700.96,0.04651381319300883,-0.020975160993560216,0.025140040190214943,0.018609331252582524,0.1174149604535617,1.555567420199391,0.0006582040432534519,0.05832628909552007,0.07507987220447276,1
2026-02-03 00:00:00+05:30,SUZLON-EQ,49.16,78516505,0.046180038306022464,0.028451882845188292,0.0608545533016831,48.2695,54.5815,0.8843564211317022,50.51541208621147,1046886.7333333334,4187546.9333333336,12562640.8,0.025834011391375023,-0.0030419793145407764,0.028170739340713416,0.024503631911646822,0.7267332080860895,1.246029760731744,0.028451882845188292,-0.08403204769890082,-0.029902359641985288,0
2026-02-03 00:00:00+05:30,TATAMOTORS-EQ,372.05,16720225,0.025213557453844126,0.09281832868262607,0.10122835577919198,351.2425,386.60025,0.9085418335865018,63.027144833630906,222936.33333333334,891745.3333333334,2675236.0,0.049993280473054756,-0.023875114784205606,0.022623801102663956,0.0199827045816462,-0.14929767378273995,1.500161157488675,0.09281832868262607,-0.004015526703252559,0.019621018680284985,1
2026-02-04 00:00:00+05:30,ITC-EQ,313.85,11196759,-0.008842570661613647,-0.014908976773383542,-0.03356428021555036,326.2025,391.26875,0.8337044550580642,26.74177229978079,149290.12,597160.48,1791481.4400000002,0.011470447666082415,0.004320000000000073,0.01610669593387491,0.013018278693580153,-0.6624264400466312,0.4342325418792406,-0.014908976773383542,-0.0835158417287194,0.014019436036323052,1
2026-02-04 00:00:00+05:30,RELIANCE-EQ,1456.8,8333387,0.01370816227124072,0.04730409777138744,0.037163605296881785,1424.925,1456.1858333333332,0.9785323874070561,52.18401845609127,111111.82666666668,444447.3066666667,1333341.9200000002,0.01626853377265242,0.008864265927977807,0.02035595484777263,0.017743637079208913,-0.6726378448667711,0.5764136544621488,0.04730409777138744,-0.033695940567789795,0.00816858868753445,1
2026-02-04 00:00:00+05:30,SBIN-EQ,1068.2,7312276,0.0037586919751926295,0.001875820671543904,0.03844845185437218,1037.025,928.5495833333333,1.11682242780968,61.251831537017004,97497.01333333332,389988.0533333333,1169964.16,0.016476315296761034,0.003758691975192633,0.024872379746628422,0.01845389753227263,-0.546648690362017,0.7130007761391361,0.001875820671543904,0.04838551378938072,0.10737689571241349,1
2026-02-04 00:00:00+05:30,SUZLON-EQ,49.77,55580192,0.012408462164361422,0.04911467116357526,0.0931254118163849,48.0855,54.468583333333335,0.8828116513647776,52.902482068753415,741069.2266666667,2964276.9066666667,8892830.72,0.02411091018685961,0.010353227771011067,0.02692806007196917,0.024779961967676616,-0.2921209113930886,0.8652449139424045,0.04911467116357526,-0.0688493919550982,-0.04802089612216198,0
2026-02-04 00:00:00+05:30,TATAMOTORS-EQ,375.45,10142353,0.00913855664561214,0.06722569641841947,0.10670596904937368,351.57000000000005,386.431,0.9097872582686173,64.74051610621484,135231.37333333335,540925.4933333334,1622776.48,0.024370755093887427,0.007919463087248292,0.022537193086888143,0.019858361016330053,-0.3934081030608141,0.9410175825919699,0.06722569641841947,0.017755489292491156,0.024637102144093648,1
2026-02-05 00:00:00+05:30,ITC-EQ,310.2,15816704,-0.01162975943922262,-0.037094521185782936,-0.045097737417269634,324.65,390.38416666666666,0.8316167194280847,24.977613034767757,210889.38666666666,843557.5466666666,2530672.6399999997,0.01950354609929082,-0.011944577161968466,0.01625214377796178,0.013119531320717411,0.41261448960364344,0.6300480070750891,-0.037094521185782936,-0.09098901098901102,0.023372018052869148,1
2026-02-05 00:00:00+05:30,RELIANCE-EQ,1443.4,11763658,-0.009198242723778005,0.03439873871291388,0.02916221033868105,1421.885,1456.7108333333333,0.9760928301373013,49.583159487605755,156848.77333333335,627395.0933333334,1882185.28,0.015241790217541913,-0.009334248455730892,0.020722803235295868,0.017825629096598586,0.4116298691036431,0.8120977838754229,0.03439873871291388,-0.04042015689403,0.003810447554385421,1
2026-02-05 00:00:00+05:30,SBIN-EQ,1073.5,9551567,0.0049616176745928,-0.0033885716938217847,0.023990079648972262,1040.3425,930.6570833333334,1.1178580366828632,62.369563695733,127354.22666666667,509416.9066666667,1528250.72,0.012575687005123428,0.00496161767459273,0.02431446704359527,0.018158615795491682,0.30623720986461667,0.9238941767241964,-0.0033885716938217847,0.06587896539740856,0.11075919888216124,1
2026-02-05 00:00:00+05:30,SUZLON-EQ,47.85,121302173,-0.038577456298975354,0.0037759597230961894,0.018301766333262304,47.833,54.341249999999995,0.8802337082787017,45.467905784084884,1617362.3066666666,6469449.226666667,19408347.68,0.06311389759665628,-0.04299999999999997,0.02943243262054327,0.025979962050536508,1.1824712840142761,1.7874235335804407,0.0037759597230961894,-0.0954631379962192,-0.02173458725182864,0
2026-02-05 00:00:00+05:30,TATAMOTORS-EQ,374.15,14013838,-0.00346251165268352,0.06884730752749602,0.07731068240714078,352.11,386.24916666666667,0.9116136172893577,63.52828686938558,186851.1733333333,747404.6933333332,2242214.0799999996,0.030201790725644828,-0.002266666666666727,0.022392230907227334,0.019530006449967434,0.3817146770576807,1.2804281485455078,0.06884730752749602,0.02972340718315669,0.024856341039690033,1
2026-02-06 00:00:00+05:30,ITC-EQ,325.8,68057745,0.05029013539651839,0.0528356761997093,0.007421150278293265,323.89500000000004,389.64833333333337,0.8312495455303714,42.451762552254145,907436.6000000001,3629746.4000000004,10889239.200000001,0.05954573357888268,0.05096774193548391,0.023752329962891207,0.01798624995330726,3.3029031206501687,2.551699334530682,0.0528356761997093,-0.04429451452038713,-0.03698588090853283,0
2026-02-06 00:00:00+05:30,RELIANCE-EQ,1450.8,8277304,0.0051267839822639605,0.0770601336302894,0.04667772887959032,1420.895,1457.2791666666667,0.975032809430817,51.03453818272867,110364.05333333334,441456.2133333334,1324368.6400000001,0.013303005238489079,0.006451612903225775,0.020063344923913512,0.017216609799947342,-0.2963664873630294,0.5881503051332441,0.0770601336302894,-0.01346389228886169,-0.021505376344086002,0
2026-02-06 00:00:00+05:30,SBIN-EQ,1066.4,7041557,-0.006613879832324088,0.04733844038499324,0.03584264205925214,1043.7625,932.6949999999999,1.1190823366695437,59.87772998350483,93887.42666666667,375549.70666666667,1126649.12,0.0211927981995498,-0.0033644859813083262,0.02349502560043868,0.018077748118180977,-0.26278515347272335,0.6804921174012241,0.04733844038499324,0.06853707414829668,0.12396849212303063,1
2026-02-06 00:00:00+05:30,SUZLON-EQ,48.04,57960744,0.003970741901776265,0.040502490794888324,0.051203501094091886,47.6885,54.238416666666666,0.8792384241796635,46.272567458343666,772809.9199999999,3091239.6799999997,9273719.04,0.01977518734388016,0.003970741901776337,0.02753040180040736,0.024872656745177784,-0.522178848354184,0.8549228046034554,0.040502490794888324,-0.05674455134498335,-0.04933388842631137,0
2026-02-06 00:00:00+05:30,TATAMOTORS-EQ,369.5,23116970,-0.012428170519844906,0.07210213259828824,0.07272463347365377,352.6125,385.9798333333334,0.9135516147432572,59.254395743744794,308226.26666666666,1232905.0666666667,3698715.2,0.056292286874154294,0.012328767123287671,0.022762119021445853,0.019590120362951696,0.6495816492241455,1.970279416786308,0.07210213259828824,0.027959382389762144,0.029093369418132564,1
2026-02-09 00:00:00+05:30,ITC-EQ,322.8,20059198,-0.009208103130755041,0.025738798856053346,0.013023693707830075,323.17749999999995,388.9095833333333,0.830983636942177,40.498221849125166,267455.9733333333,1069823.8933333333,3209471.68,0.021840148698884794,-0.015703613355694396,0.023411175560623262,0.017944042015079768,-0.705262082956172,0.7740429767810757,0.025738798856053346,-0.04256265757081412,-0.015024783147459808,0
2026-02-09 00:00:00+05:30,RELIANCE-EQ,1461.6,5775864,0.007444168734491274,0.051208285385500485,0.0587468308583845,1420.2099999999998,1458.0108333333333,0.9740736951542998,53.15413425554614,77011.52,308046.08,924138.24,0.008825944170771819,0.0024691358024690733,0.01983140752352515,0.017291129459246515,-0.3022046792047266,0.4141746939642326,0.051208285385500485,-0.009286246865044423,-0.01676245210727967,0
2026-02-09 00:00:00+05:30,SBIN-EQ,1146.0,40852966,0.07464366091522878,0.11402741324001164,0.08816407919099833,1051.0375,935.3570833333332,1.1236751383272967,72.9338115546182,544706.2133333334,2178824.8533333335,6536474.5600000005,0.04319371727748691,0.023214285714285715,0.03223932905814423,0.024075274529539916,4.80169499444512,3.4044372388393502,0.11402741324001164,0.14542728635682156,0.054188481675392586,1
2026-02-09 00:00:00+05:30,SUZLON-EQ,48.19,51743958,0.0031223980016652497,0.02553734837199384,0.052413190652981,47.638,54.139500000000005,0.8799120789811504,46.93824679611585,689919.4400000001,2759677.7600000002,8279033.28,0.019921145465864307,-0.0014504765851637027,0.02751710059981101,0.023770944014353697,-0.10725856107023057,0.7853345340808202,0.02553734837199384,-0.020528455284552938,-0.041087362523344995,0
2026-02-09 00:00:00+05:30,TATAMOTORS-EQ,377.4,8800284,0.021380243572395097,0.039955910719206456,0.10820731170165887,353.775,385.7720833333333,0.917057027411479,63.7200199368849,117337.12,469348.48,1408045.44,0.027291997880233055,0.019173642992168418,0.02213411741788721,0.01967294568238231,-0.6193149880801853,0.7475661010169442,0.039955910719206456,0.06565014824227022,-0.00039745627980913856,0
2026-02-10 00:00:00+05:30,ITC-EQ,321.4,11489090,-0.004337050805452436,0.015000789515237756,0.0007784524365561651,322.3275,388.20208333333335,0.8303085270236185,39.5827929119505,153187.86666666667,612751.4666666667,1838254.4,0.008711885500933452,-0.004953560371517098,0.02336350005951332,0.01789899109159334,-0.427240809926698,0.44736860211692825,0.015000789515237756,-0.05023640661938533,0.012601120099564378,1
2026-02-10 00:00:00+05:30,RELIANCE-EQ,1458.5,10259630,-0.002120963327859826,0.014891100132210733,0.04424715400587087,1418.975,1458.6508333333331,0.9727996361934916,52.452274727171265,136795.06666666665,547180.2666666666,1641540.8,0.012889955433664693,-0.00849762066621346,0.019862607893580245,0.017242636714641265,0.7762935553884234,0.7320844039130808,0.014891100132210733,-0.016653182308522196,-0.02434007541995198,0
2026-02-10 00:00:00+05:30,SBIN-EQ,1144.1,17280036,-0.0016579406631763716,0.07507987220447276,0.0757874941231782,1057.4850000000001,937.9941666666667,1.1273897403413136,72.32879977080842,230400.47999999998,921601.9199999999,2764805.76,0.013897386592081193,-0.005994787141616065,0.032408659917270495,0.024081853498627633,-0.5770188142520668,1.3842829355632378,0.07507987220447276,0.12702556272472032,0.060571628354165075,1
2026-02-10 00:00:00+05:30,SUZLON-EQ,47.69,40362194,-0.010375596596804315,-0.029902359641985288,-0.0023012552301254763,47.5625,54.053,0.8799234085064659,44.93948733810342,538162.5866666667,2152650.3466666667,6457951.04,0.017613755504298667,-0.010580912863070644,0.024252684285605626,0.023866298533392543,-0.2199631500937752,0.6249856918999468,-0.029902359641985288,-0.03069105691056917,-0.036695323967288695,0
2026-02-10 00:00:00+05:30,TATAMOTORS-EQ,379.35,8921719,0.0051669316375200225,0.019621018680284985,0.11426053752386567,355.21500000000003,385.5230833333334,0.9213845171830394,64.74706360650987,118956.25333333333,475825.0133333333,1427475.04,0.015157506260709106,0.0035714285714286316,0.02190319972641409,0.019414966478739352,0.013798986487254306,0.7606273320176078,0.019621018680284985,0.08215661103979466,0.00922630815869252,1
2026-02-11 00:00:00+05:30,ITC-EQ,318.25,24843366,-0.009800871188549998,0.014019436036323052,-0.001098556183302013,321.505,387.445,0.8298081017950935,37.5273573519819,331244.88,1324979.52,3974938.5599999996,0.018538884524744625,-0.011492467774499112,0.023443876728612305,0.017872410687652454,1.1623441021003402,0.9675136180559379,0.014019436036323052,-0.049148491186136845,0.044619010212097354,1
2026-02-11 00:00:00+05:30,RELIANCE-EQ,1468.7,7106877,0.006993486458690468,0.00816858868753445,0.05585909417685131,1419.77,1459.0558333333333,0.973074482527799,54.5775110993172,94758.35999999999,379033.43999999994,1137100.3199999998,0.011166337577449507,0.006234584817758384,0.019637448200228537,0.016667441391852097,-0.30729694930518936,0.5189536402080702,0.00816858868753445,0.010944383259911872,-0.018655954245251016,0
2026-02-11 00:00:00+05:30,SBIN-EQ,1182.9,29491859,0.033913119482562815,0.10737689571241349,0.10945413618458089,1065.2075,940.9316666666667,1.1320774268057014,76.59803476621434,393224.7866666667,1572899.1466666667,4718697.44,0.03778848592442306,0.033371188957805574,0.03334783197752434,0.02483059965425737,0.7067012476131416,2.1997733921233267,0.10737689571241349,0.15017745150469164,0.030433679939132707,1
2026-02-11 00:00:00+05:30,SUZLON-EQ,47.38,57124692,-0.006500314531348139,-0.04802089612216198,-0.001264755480607005,47.497,53.951249999999995,0.8803688515094646,43.697084312869556,761662.5599999999,3046650.2399999998,9139950.719999999,0.021950189953566887,-0.006916788933137671,0.02421911622817813,0.023804486900951816,0.41530195310988294,0.8972066868988795,-0.04802089612216198,-0.026904908605463018,-0.027226677923174347,0
2026-02-11 00:00:00+05:30,TATAMOTORS-EQ,384.7,10933658,0.01410307104257269,0.024637102144093648,0.09351904491188168,356.9625,385.1963333333333,0.9267027463916669,67.46810464035676,145782.10666666666,583128.4266666666,1749385.2799999998,0.013646997660514687,0.005751633986928075,0.02053409292164105,0.01947566041770606,0.22551024079552384,0.9188141545033571,0.024637102144093648,0.09992852037169397,-0.004808942032752728,0
2026-02-12 00:00:00+05:30,ITC-EQ,317.45,13294561,-0.0025137470542027085,0.023372018052869148,-0.014589476951730518,320.64,386.7066666666667,0.8291556045926283,37.001842614716836,177260.81333333332,709043.2533333333,2127129.76,0.011025358324145536,0.0004727387330601237,0.023127063517076604,0.01786260077641346,-0.4648647449785991,0.5193879082314752,0.023372018052869148,-0.05168035847647501,0.026933375334698306,1
2026-02-12 00:00:00+05:30,RELIANCE-EQ,1448.9,11135399,-0.013481310002042557,0.003810447554385421,0.03834026085710196,1419.275,1459.355,0.9725358120539553,49.913640975502034,148471.98666666666,593887.9466666667,1781663.84,0.01897991579819173,-0.014353741496598578,0.02055321645362927,0.016938396709175848,0.5668484201991959,0.8048536159796033,0.003810447554385421,-0.00678639978064155,-0.02719304299813663,0
2026-02-12 00:00:00+05:30,SBIN-EQ,1192.4,33214985,0.008031109983937856,0.11075919888216124,0.10699531170217713,1073.41,943.9604166666667,1.1371345461607898,77.51284930314404,442866.4666666667,1771465.8666666667,5314397.6,0.024236833277423757,0.007945900253592639,0.03336032076741835,0.02476942407333947,0.1262424996674505,2.259677284942533,0.11075919888216124,0.1595273982593477,0.011153975176115383,1
2026-02-12 00:00:00+05:30,SUZLON-EQ,46.81,38946281,-0.012030392570704929,-0.02173458725182864,-0.018040696454793337,47.387,53.84258333333334,0.8801026449015726,41.42911146586785,519283.7466666667,2077134.9866666668,6231404.960000001,0.017731254005554333,-0.01035940803382653,0.02444143428479814,0.023852528501880015,-0.3182233525215331,0.6199304889848152,-0.02173458725182864,-0.04488879820444802,-0.033326212347788986,0
2026-02-12 00:00:00+05:30,TATAMOTORS-EQ,383.45,8324442,-0.0032492851572654136,0.024856341039690033,0.0954149407227538,358.64500000000004,384.91283333333337,0.9317564106505499,66.18274260508247,110992.56,443970.24,1331910.72,0.017603338114486895,-0.004025974025974055,0.02040895760312025,0.01953442493042473,-0.23864071841281298,0.6935017141179155,0.024856341039690033,0.09619782732990267,-0.020211240057373847,0
2026-02-13 00:00:00+05:30,ITC-EQ,313.75,8730618,-0.011655378799810934,-0.03698588090853283,0.013895621263532165,319.86749999999995,385.94166666666666,0.8287975298512296,34.58929939238804,116408.24,465632.96,1396898.8800000001,0.016414342629482,-0.007120253164556962,0.01939837854171296,0.01769142777092719,-0.34329399819971496,0.35625317912033094,-0.03698588090853283,-0.046931956257594165,0.04223107569721107,1
2026-02-13 00:00:00+05:30,RELIANCE-EQ,1419.6,10755693,-0.02022223755952801,-0.021505376344086002,0.05389755011135855,1417.3600000000001,1459.3116666666667,0.9712524283709101,43.93102445647205,143409.24000000002,573636.9600000001,1720910.8800000001,0.02423217807833199,-0.017917675544794252,0.017864694529911757,0.017520834524833096,-0.03409900264911925,0.7958492715682853,-0.021505376344086002,-0.02627066328280414,-0.0001408847562692772,0
2026-02-13 00:00:00+05:30,SBIN-EQ,1198.6,18141390,0.005199597450519899,0.12396849212303063,0.17717540758200734,1081.225,947.0679166666666,1.14165518752395,78.11415701543486,241885.2,967540.8,2902622.4,0.01376606040380444,0.008074011774600428,0.0245061657301881,0.024736068408840985,-0.4538191120664363,1.2051288759840002,0.12396849212303063,0.14995682624964024,0.014600367094944167,1
2026-02-13 00:00:00+05:30,SUZLON-EQ,45.67,52618195,-0.024353770561845733,-0.04933388842631137,-0.010829542993285646,47.248000000000005,53.73850000000001,0.8792206704690305,37.26345726102349,701575.9333333333,2806303.7333333334,8418911.200000001,0.02605649222684486,-0.01995708154506437,0.023561812341952783,0.02429181706088535,0.35104543101304087,0.8740248157578612,-0.04933388842631137,-0.05737874097007223,-0.02649441646595141,0
2026-02-13 00:00:00+05:30,TATAMOTORS-EQ,380.25,15565868,-0.00834528621723818,0.029093369418132564,0.103293195995938,359.9775,384.6239166666666,0.935920738158292,62.88007650542576,207544.90666666668,830179.6266666667,2490538.8800000004,0.03445101906640374,0.0032981530343007917,0.01955939313903729,0.019691265910282984,0.8698992677226893,1.2712015447279559,0.029093369418132564,0.07536764705882337,-0.00591715976331364,0
2026-02-16 00:00:00+05:30,ITC-EQ,317.95,11693763,0.013386454183266894,-0.015024783147459808,0.010327295837305295,319.10499999999996,385.27208333333334,0.8282588170913844,39.41797249209112,155916.84,623667.36,1871002.0799999998,0.01604025790218595,0.013386454183266895,0.01911319753163838,0.017746454633365674,0.33939693616190736,0.4809062816904935,-0.015024783147459808,-0.045768307322929136,0.023431357131624475,1
2026-02-16 00:00:00+05:30,RELIANCE-EQ,1437.1,5896514,0.012327416173570027,-0.01676245210727967,0.0335874568469503,1418.5349999999999,1459.5441666666668,0.9719027573106441,47.94426859043594,78620.18666666668,314480.7466666667,943442.24,0.021084127757288955,0.011970987958594467,0.015497930061207572,0.016337257640442113,-0.45177739825783425,0.4610280825991167,-0.01676245210727967,0.01662422184493484,-0.006332196785192368,0
2026-02-16 00:00:00+05:30,SBIN-EQ,1208.1,14972739,0.007925913565826725,0.054188481675392586,0.17439486730825293,1089.71,950.3333333333334,1.146660820764644,79.03904677668982,199636.52,798546.08,2395638.2399999998,0.022349143282840826,0.011809045226130577,0.024586829448180643,0.02459920387852171,-0.17466417953640823,0.9641721225799216,0.054188481675392586,0.1634244992295837,0.0163065971359988,1
2026-02-16 00:00:00+05:30,SUZLON-EQ,46.21,39325966,0.011823954455879138,-0.041087362523344995,-0.01659927644179615,47.1595,53.635999999999996,0.8792508762771274,40.32435158008965,524346.2133333334,2097384.8533333335,6292154.5600000005,0.021423934213373616,0.011823954455879113,0.02311159210533161,0.02444035737430536,-0.25261659013578863,0.6606937221198194,-0.041087362523344995,-0.03689037098791159,-0.04241506167496212,0
2026-02-16 00:00:00+05:30,TATAMOTORS-EQ,377.25,5004467,-0.007889546351084853,-0.00039745627980913856,0.03954257371176628,361.64,384.33566666666667,0.9409483203484453,59.864004980478825,66726.22666666667,266904.9066666667,800714.7200000001,0.011928429423459244,-0.002775574940523424,0.013139448491752964,0.018533870693225114,-0.6784974021365208,0.4249363787418344,-0.00039745627980913856,0.09665697674418605,0.007157057654075594,1
2026-02-17 00:00:00+05:30,ITC-EQ,325.45,39360672,0.02358861456203809,0.012601120099564378,0.027790936365071905,319.06249999999994,384.65625,0.8294743683483629,46.9492277960135,524808.96,2099235.84,6297707.5200000005,0.030419419265632307,0.021981472758674833,0.020369542875839922,0.018075003055301915,2.3659543125681615,1.5529601013169225,0.012601120099564378,-0.002604964756359296,-0.005991703794745673,0
2026-02-17 00:00:00+05:30,RELIANCE-EQ,1423.0,10731630,-0.00981142578804528,-0.02434007541995198,-0.00981142578804528,1419.985,1459.6308333333334,0.972838451731802,45.14072546921305,143088.4,572353.6,1717060.8,0.00927617709065358,-0.005659981832157019,0.011728479985396915,0.0161680262093634,0.8199956788027638,0.8472096257636645,-0.02434007541995198,0.020803443328550886,0.004075895994378076,1
2026-02-17 00:00:00+05:30,SBIN-EQ,1213.4,20107196,0.004387054051817163,0.060571628354165075,0.14019921067468522,1098.56,953.64125,1.1519635921789246,79.55806853914845,268095.94666666666,1072383.7866666666,3217151.3600000003,0.017636393604747065,0.00605256612221224,0.023968202124613022,0.024507061551181087,0.34292035678976296,1.2497334156967188,0.060571628354165075,0.17078348128135845,0.008158892368551163,1
2026-02-17 00:00:00+05:30,SUZLON-EQ,45.94,39827932,-0.00584289114910197,-0.036695323967288695,-0.06550040683482505,47.1395,53.54025,0.8804497550907961,39.29209507780038,531039.0933333334,2124156.3733333335,6372469.12,0.01872006965607313,-0.005412426932236415,0.015948173948509104,0.02324395393685388,0.012764238264356909,0.6812051931999521,-0.036695323967288695,-0.008631851532153734,-0.03939921636917709,0
2026-02-17 00:00:00+05:30,TATAMOTORS-EQ,382.85,7843059,0.01484426772697156,0.00922630815869252,0.029028356403709266,363.89,384.0613333333333,0.9474788749019254,63.393690238233106,104574.12,418296.48,1254889.44,0.026250489747943088,0.01794735442701409,0.011594368743477586,0.017860071097927754,0.5672116531091123,0.6765902200520889,0.00922630815869252,0.13319520497262105,-0.01384354185712422,0
2026-02-18 00:00:00+05:30,ITC-EQ,332.45,35473203,0.021508680288830906,0.044619010212097354,0.05926397960809293,319.4475,384.06541666666664,0.8317528372445233,52.84176783844529,472976.04,1891904.16,5675712.4799999995,0.024514964656339233,0.019785276073619597,0.020679710446039102,0.018654410228704815,-0.09876531071420735,1.3431558471815677,0.044619010212097354,0.02371054657428795,-0.038201233268160606,0
2026-02-18 00:00:00+05:30,RELIANCE-EQ,1441.3,5521096,0.012860154602951424,-0.018655954245251016,-0.01063975837451947,1421.8200000000002,1460.1008333333334,0.9737820618553171,49.28566269795785,73614.61333333334,294458.45333333337,883375.36,0.015888434052591317,0.01002102312543795,0.011613435747573677,0.01632038812046573,-0.4855305298449537,0.4572166181380368,-0.018655954245251016,0.026128435141677286,-0.029695413862485198,0
2026-02-18 00:00:00+05:30,SBIN-EQ,1218.9,10417264,0.004532717982528522,0.030433679939132707,0.14107844972851535,1108.0725,957.0666666666667,1.1577798481471162,80.10851273741008,138896.85333333333,555587.4133333333,1666762.24,0.008286159652145303,8.204791598304597e-05,0.023934636446926425,0.024248531341336605,-0.48191363927620734,0.6414727906062807,0.030433679939132707,0.18495114956496383,-0.015423742718845057,0
2026-02-18 00:00:00+05:30,SUZLON-EQ,46.09,22066437,0.003265128428384889,-0.027226677923174347,-0.073940124573036,47.167500000000004,53.44958333333333,0.8824671224440479,40.20784443671023,294219.16000000003,1176876.6400000001,3530629.92,0.010414406595790775,0.0030467899891186193,0.01496695771928297,0.022891449459606104,-0.44595574281888395,0.3964052575557348,-0.027226677923174347,0.012299582692730127,-0.06313733998698212,0
2026-02-18 00:00:00+05:30,TATAMOTORS-EQ,382.85,4796850,0.0,-0.004808942032752728,0.019709681715275096,366.07,383.81300000000005,0.9537717586428807,63.393690238233106,63958.0,255832.0,767496.0,0.01697792869269949,0.0,0.01140894197350963,0.017911834660510904,-0.38839552271632793,0.42306957369151,-0.004808942032752728,0.12851879145173184,-0.0026119890296461,0
2026-02-19 00:00:00+05:30,ITC-EQ,326.0,19911747,-0.01940141374642801,0.026933375334698306,0.05093488072211483,319.505,383.44125,0.8332567244656124,47.59579784816081,265489.95999999996,1061959.8399999999,3185879.52,0.028374233128834355,-0.024098188893878197,0.02154236307426458,0.019223524651427855,-0.43868201019231334,0.7521023102697485,0.026933375334698306,0.0035400954286592956,-0.023619631901840465,0
2026-02-19 00:00:00+05:30,RELIANCE-EQ,1409.5,11884664,-0.02206341497259412,-0.02719304299813663,-0.023486213107939635,1422.17,1460.2975,0.9738905942111112,43.180265540037354,158462.18666666668,633848.7466666667,1901546.2400000002,0.030507272082298687,-0.023215523215523216,0.013222626167100508,0.017140956421185512,1.1525914419890544,1.0000897329269642,-0.02719304299813663,0.004991087344028422,-0.001915572898190887,0
2026-02-19 00:00:00+05:30,SBIN-EQ,1205.7,9630899,-0.010829436377061352,0.011153975176115383,0.12314857941313462,1115.94,960.43125,1.1619155457509323,74.89601357341334,128411.98666666666,513647.94666666666,1540943.84,0.021315418429128343,-0.014064927631041004,0.025057496480383707,0.024500185949955004,-0.07548671129002782,0.5974107761820414,0.011153975176115383,0.15009300329088582,0.0031516961101434315,1
2026-02-19 00:00:00+05:30,SUZLON-EQ,45.25,36681650,-0.018225211542634012,-0.033326212347788986,-0.0543364681295716,47.0805,53.35733333333334,0.8823623119596181,36.85509128372702,489088.6666666667,1956354.6666666667,5869064.0,0.030718232044198907,-0.017372421281216008,0.011184894523768174,0.0220288959151848,0.6623277242266161,0.6707383069494632,-0.033326212347788986,-0.03702915513939142,-0.043756906077347946,0
2026-02-19 00:00:00+05:30,TATAMOTORS-EQ,375.7,6910527,-0.018675721561969505,-0.020211240057373847,0.0041427235066149315,367.49,383.53633333333335,0.9581621558670235,56.08951754231627,92140.36,368561.44,1105684.32,0.03406973649188185,-0.016363398350569446,0.01310785223809627,0.01823619113963453,0.4406385440445293,0.6198883267985028,-0.020211240057373847,0.08177368269507634,0.04218791589033799,1
2026-02-20 00:00:00+05:30,ITC-EQ,327.0,11282027,0.0030674846625766694,0.04223107569721107,0.0036832412523020164,319.685,382.7516666666667,0.835228237630143,48.45027370386463,150427.02666666667,601708.1066666667,1805124.3199999998,0.008562691131498506,0.0059990770650668775,0.014620163209386023,0.0191979939769092,-0.43339843560688074,0.4266806864079205,0.04223107569721107,0.011131725417439675,-0.04097859327217124,0
2026-02-20 00:00:00+05:30,RELIANCE-EQ,1419.4,8177670,0.007023767293366401,-0.0001408847562692772,-0.021643231320650602,1423.835,1460.8158333333333,0.9746848079754521,45.44601836854844,109035.59999999999,436142.39999999997,1308427.2,0.015006340707341257,0.007023767293366507,0.013353885277590431,0.01695656529298347,-0.31191407683044303,0.6929881702832164,-0.0001408847562692772,0.024024240675275976,-0.01796533746653517,0
2026-02-20 00:00:00+05:30,SBIN-EQ,1216.1,9958162,0.008625694617234725,0.014600367094944167,0.14037884471117756,1125.27,963.8779166666666,1.1674403786440797,76.20946962273004,132775.49333333332,531101.9733333333,1593305.92,0.013321272921634772,0.008207594097164535,0.02425332691664404,0.023766675842957392,0.033980524559545255,0.6195549226052829,0.014600367094944167,0.18125303545410376,-0.011841131485897383,0
2026-02-20 00:00:00+05:30,SUZLON-EQ,44.46,61647383,-0.017458563535911575,-0.02649441646595141,-0.07452123230641128,47.0185,53.25758333333333,0.882850799025491,33.98490955350236,821965.1066666667,3287860.4266666668,9863581.280000001,0.024516419253261434,-0.016371681415929245,0.011218447242591995,0.021520398933412732,0.6806055071132295,1.1146158654838212,-0.02649441646595141,-0.02713347921225384,-0.040260908681961305,0
2026-02-20 00:00:00+05:30,TATAMOTORS-EQ,378.0,6324165,0.006121905775885006,-0.00591715976331364,0.023004059539918797,369.1675,383.3114166666667,0.9631007164105252,57.774913787352084,84322.2,337288.8,1011866.3999999999,0.013756613756613727,0.006121905775885045,0.01236817907245681,0.018007588889960516,-0.08485054757763044,0.5725043492312153,-0.00591715976331364,0.09740165481201912,0.012301587301587258,1
2026-02-23 00:00:00+05:30,ITC-EQ,325.4,13486092,-0.004892966360856343,0.023431357131624475,0.008054522924411334,320.0225,382.08125,0.8375770860255508,47.12623377658061,179814.56,719258.24,2157774.7199999997,0.011370620774431609,-0.004892966360856339,0.014364433779807458,0.01890677844545415,0.19536072728774712,0.545481122889136,0.023431357131624475,0.021183116271771496,-0.032267977873386644,0
2026-02-23 00:00:00+05:30,RELIANCE-EQ,1428.0,7758856,0.006058898125968604,-0.006332196785192368,-0.02298850574712641,1426.21,1461.4333333333334,0.9758980909153114,47.407939118946715,103451.41333333333,413805.6533333333,1241416.96,0.011624649859944073,0.002105263157894737,0.013250605354709677,0.016938772038792387,-0.05121434344990683,0.71356208494608,-0.006332196785192368,0.034407823252444736,-0.0490196078431373,0
2026-02-23 00:00:00+05:30,SBIN-EQ,1227.8,9733835,0.00962091933229181,0.0163065971359988,0.07137870855148343,1134.0025,967.3924999999999,1.1722258545523148,77.62761988310145,129784.46666666667,519137.8666666667,1557413.6,0.011402508551881414,0.004746317512274922,0.011278038870771405,0.02352891185363506,-0.02252694824607193,0.6145582749325764,0.0163065971359988,0.16583582585576595,-0.030868219579735956,0
2026-02-23 00:00:00+05:30,SUZLON-EQ,44.25,49442100,-0.004723346828609976,-0.04241506167496212,-0.08175970118281795,46.941500000000005,53.14416666666667,0.8832860301381462,33.2437715546595,659228.0,2636912.0,7910736.0,0.025536723163841864,-0.006956912028725365,0.010640222962216957,0.021521279817838426,-0.1979854197541524,0.9049826812085593,-0.04241506167496212,-0.033631797335662794,-0.07457627118644061,0
2026-02-23 00:00:00+05:30,TATAMOTORS-EQ,379.95,11701520,0.00515873015873014,0.007157057654075594,0.006756756756756799,371.1375,382.99600000000004,0.9690375356400588,59.204586446613504,156020.26666666666,624081.0666666667,1872243.2,0.020923805763916274,0.0030359028511087044,0.010519985535199646,0.017603067263658245,0.8502869548786283,1.0631902692420834,0.007157057654075594,0.11569519894288649,-0.02460850111856816,0
2026-02-24 00:00:00+05:30,ITC-EQ,323.5,13135859,-0.005838967424708019,-0.005991703794745673,0.0065339141257001465,320.14,381.3875,0.8394087378322572,45.53487785490672,175144.78666666665,700579.1466666666,2101737.44,0.010355486862441934,-0.0015432098765432098,0.014432905876161735,0.0189018981798445,-0.025969939994477276,0.548239399750879,-0.005991703794745673,0.00731745290362773,-0.03570324574961359,0
2026-02-24 00:00:00+05:30,RELIANCE-EQ,1428.8,12529409,0.0005602240896358524,0.004075895994378076,-0.020363387041480996,1427.815,1461.9525,0.9766493781432707,47.596733725702215,167058.78666666668,668235.1466666667,2004705.4400000002,0.012807950727883507,0.002455623377534554,0.013280454287014493,0.016778373038127344,0.6148526277585251,1.1448863384690455,0.004075895994378076,0.022982745041884467,-0.058650615901455705,0
2026-02-24 00:00:00+05:30,SBIN-EQ,1223.3,15788449,-0.003665092034533357,0.008158892368551163,0.06922471811904551,1141.9924999999998,970.8875,1.1762356606712927,75.75714004510604,210512.65333333332,842050.6133333333,2526151.84,0.012261914493582932,-0.007061688311688349,0.011465057897146386,0.023665626774462933,0.6220173241070965,0.9855701354223996,0.008158892368551163,0.1502585801598495,-0.0398920951524564,0
2026-02-24 00:00:00+05:30,SUZLON-EQ,44.13,56568697,-0.0027118644067796183,-0.03939921636917709,-0.07464877332774156,46.757999999999996,53.026500000000006,0.8817855223331729,32.80354085867177,754249.2933333333,3016997.1733333333,9050991.52,0.02334013142986633,-0.002711864406779603,0.010760798301248197,0.01868447613313561,0.14414025698746613,1.038682946788113,-0.03939921636917709,-0.07677824267782418,-0.09517335146159078,0
2026-02-24 00:00:00+05:30,TATAMOTORS-EQ,377.55,7213746,-0.006316620607974666,-0.01384354185712422,-0.004744958481613271,372.99249999999995,382.68958333333336,0.9746607073835951,56.661755958396576,96183.28,384733.12,1154199.3599999999,0.022910872732088555,0.0018575029852726246,0.010607455612765982,0.01776062144657723,-0.3835206024516473,0.6620864652224132,-0.01384354185712422,0.10897341753561474,-0.06979208051913655,0
2026-02-25 00:00:00+05:30,ITC-EQ,319.75,13492101,-0.011591962905718733,-0.038201233268160606,0.00471327572662994,320.1975,380.62083333333334,0.8412505884027192,42.485523367894714,179894.68,719578.72,2158736.16,0.026583268178264268,-0.017665130568356373,0.014588590084087371,0.01900541020069254,0.02711980997968988,0.56811926239816,-0.038201233268160606,0.0036095417451349476,-0.025801407349491767,0
2026-02-25 00:00:00+05:30,RELIANCE-EQ,1398.5,10728792,-0.021206606942889117,-0.029695413862485198,-0.04779737182542387,1428.19,1462.1683333333335,0.9767616815665318,41.517633422414605,143050.56,572202.24,1716606.72,0.03360743653914909,-0.025435540069686412,0.014131153815840836,0.017487857851762652,-0.14371124767337395,1.0278681250190471,-0.029695413862485198,0.00539180445722498,-0.006506971755452229,0
2026-02-25 00:00:00+05:30,SBIN-EQ,1200.1,19581100,-0.018965094416741657,-0.015423742718845057,0.014540535970918755,1148.6875000000002,974.1204166666668,1.1792048296561557,66.81809719574758,261081.33333333334,1044325.3333333334,3132976.0,0.025497875177068505,-0.022799446299161308,0.009599788761052521,0.02437068462137173,0.24021681927084804,1.2043512698235816,-0.015423742718845057,0.12558619395985726,-0.025497875177068474,0
2026-02-25 00:00:00+05:30,SUZLON-EQ,43.18,75839738,-0.02152730568774086,-0.06313733998698212,-0.08864499788940483,46.545,52.903083333333335,0.8798163938144752,29.475709276185697,1011196.5066666667,4044786.026666667,12134358.08,0.049559981472904135,-0.026161479476770493,0.011595289298920662,0.01908848999398752,0.34066616383262294,1.3668740031908706,-0.06313733998698212,-0.08979763912310279,-0.06785548865215374,0
2026-02-25 00:00:00+05:30,TATAMOTORS-EQ,381.85,7748663,0.011389219970864728,-0.0026119890296461,-0.007408370158564992,374.495,382.38041666666663,0.9793780844338046,59.97839674847798,103315.50666666665,413262.0266666666,1239786.0799999998,0.02487887914102396,0.010185185185185245,0.01022218882802508,0.016577772865864836,0.07415245837599493,0.7307606215404008,-0.0026119890296461,0.08541785105173405,-0.0699227445331938,0
2026-02-26 00:00:00+05:30,ITC-EQ,318.3,11270119,-0.0045347928068802945,-0.023619631901840465,0.002677587021578276,320.005,379.8075,0.8425452367317654,41.33291649075557,150268.25333333336,601073.0133333334,1803219.04,0.011938422871504727,-0.005312499999999965,0.01464986209265008,0.01885961620409603,-0.16468761981547575,0.5073561543893597,-0.023619631901840465,-0.011950954524289847,-0.027018535972353153,0
2026-02-26 00:00:00+05:30,RELIANCE-EQ,1406.8,16683858,0.005934930282445405,-0.001915572898190887,-0.02905652564014094,1428.76,1462.5641666666666,0.9768870539583164,43.641097097174715,222451.44,889805.76,2669417.2800000003,0.014927495024168326,0.005934930282445444,0.014139006595975624,0.017521739414894235,0.555054660394199,1.557767448335548,-0.001915572898190887,0.008169700444316863,-0.0014216661927779484,0
2026-02-26 00:00:00+05:30,SBIN-EQ,1209.5,16196052,0.00783268060994935,0.0031516961101434315,0.014340825226434095,1155.305,977.4545833333334,1.1819526141666428,68.44285882059228,215947.36000000002,863789.4400000001,2591368.3200000003,0.021909880115750312,0.007077435470441299,0.009584951082329672,0.024355410734013223,-0.1728732297981217,0.9759954608763854,0.0031516961101434315,0.12287053799377978,-0.054981397271599786,0
2026-02-26 00:00:00+05:30,SUZLON-EQ,43.27,49800911,0.00208429828624368,-0.043756906077347946,-0.075624866481521,46.325,52.78516666666667,0.8776139761486024,30.1981646799302,664012.1466666667,2656048.586666667,7968145.76,0.02380402126184426,0.00208429828624371,0.012059341285470721,0.01902699723717821,-0.3433401497246734,0.9065262025763667,-0.043756906077347946,-0.09230123767568699,-0.07580309683383413,0
2026-02-26 00:00:00+05:30,TATAMOTORS-EQ,391.55,14697484,0.025402645017676972,0.04218791589033799,0.021124005737384266,376.57,382.17508333333336,0.9853337290216678,66.25256131671918,195966.45333333334,783865.8133333334,2351597.44,0.03371216958242878,0.02580560649724921,0.013051089286173127,0.01707374643697919,0.8967767729736085,1.3554915439854027,0.04218791589033799,0.11855449221539782,-0.1042012514365982,0
2026-02-27 00:00:00+05:30,ITC-EQ,313.6,13892595,-0.014765944077913873,-0.04097859327217124,-0.0004780876494022701,320.2125,379.02624999999995,0.8448293488907431,37.7572641096143,185234.59999999998,740938.3999999999,2222815.1999999997,0.016262755102040886,-0.007594936708860687,0.01496308669315909,0.01687863615198238,0.23269284024418901,0.6539505223359069,-0.04097859327217124,0.013410890289222932,-0.02423469387755106,0
2026-02-27 00:00:00+05:30,RELIANCE-EQ,1393.9,12031440,-0.009169746943417545,-0.01796533746653517,-0.018103691180614168,1431.105,1462.7216666666666,0.9783850424949837,41.14081457498796,160419.2,641676.8,1925030.4,0.015998278212210476,-0.00293276108726746,0.013018009007880445,0.015649889586459062,-0.2788574441235354,1.1113514953696204,-0.01796533746653517,0.03481811432813675,0.021594088528588795,1
2026-02-27 00:00:00+05:30,SBIN-EQ,1201.7,10700355,-0.006448945845390575,-0.011841131485897383,0.0025863507425329946,1164.48,980.7470833333334,1.187339753325802,65.57360569499895,142671.4,570685.6,1712056.7999999998,0.010984438711824952,-0.00439105219552606,0.00978656045682195,0.02001636211307071,-0.3393232498883061,0.6474535316007062,-0.011841131485897383,0.18021999607149874,-0.08587833901972208,0
2026-02-27 00:00:00+05:30,SUZLON-EQ,42.67,85724851,-0.0138664201525307,-0.040260908681961305,-0.06568863586599516,46.15,52.658500000000004,0.8764017205199539,28.1293329224534,1142998.0133333334,4571992.053333334,13715976.16,0.019920318725099466,-0.013866420152530654,0.010852199112724748,0.01810663926989604,0.7213510612285787,1.5355285206016511,-0.040260908681961305,-0.07580680095299974,-0.07147879071947516,0
2026-02-27 00:00:00+05:30,TATAMOTORS-EQ,382.65,15951041,-0.0227301749457286,0.012301587301587258,0.0063116370808677935,378.47,381.87433333333337,0.9910851999305181,57.366262108856304,212680.54666666666,850722.1866666666,2552166.56,0.0342349405461911,-0.02794360472500953,0.014987785440304076,0.017619987091774418,0.08529058442928061,1.4217533279736285,0.012301587301587258,0.11025678224285507,-0.13236639226447144,0
2026-03-02 00:00:00+05:30,ITC-EQ,314.9,22194311,0.004145408163265252,-0.032267977873386644,-0.009592703255228874,320.22249999999997,378.25416666666666,0.8465802315462486,39.32087514369253,295924.14666666667,1183696.5866666667,3551089.7600000002,0.027786598920292158,0.02573289902280123,0.014319620901478584,0.016470889050135447,0.5975640979960908,1.0777890588572994,-0.032267977873386644,0.0006355258976802336,-0.018577326135280958,0
2026-03-02 00:00:00+05:30,RELIANCE-EQ,1358.0,23728722,-0.025755075686921702,-0.0490196078431373,-0.05504140282513392,1429.485,1462.5508333333332,0.977391669007516,35.111923132501076,316382.95999999996,1265531.8399999999,3796595.52,0.027319587628865914,-0.01272264631043257,0.013977631113687557,0.015083348756920108,0.9722262671799884,2.1135724337971507,-0.0490196078431373,-0.023302646720368303,0.037407952871870265,1
2026-03-02 00:00:00+05:30,SBIN-EQ,1189.9,16270835,-0.009819422484813156,-0.030868219579735956,-0.015064978064729617,1172.54,983.9229166666667,1.1916990448523448,61.38133660466125,216944.46666666667,867777.8666666667,2603333.6,0.015043280947978705,0.004135021097046491,0.00985904882835786,0.020422694081233227,0.5205883356206407,0.9790710887162783,-0.030868219579735956,0.1567026343929232,-0.06529960500882426,0
2026-03-02 00:00:00+05:30,SUZLON-EQ,40.95,116013965,-0.040309350831966184,-0.07457627118644061,-0.11382817571954118,45.848,52.521,0.8729460596713695,23.218635282795546,1546852.8666666665,6187411.466666666,18562234.4,0.06495726495726487,0.04651162790697675,0.013219074956975552,0.01909957896679232,0.3533294446904318,1.954586745121343,-0.07457627118644061,-0.12853798680570327,0.012210012210012167,1
2026-03-02 00:00:00+05:30,TATAMOTORS-EQ,370.6,11804909,-0.031490918594015316,-0.02460850111856816,-0.017627567925778576,378.855,381.3329166666666,0.9935019596830855,47.98239399039407,157398.78666666668,629595.1466666667,1888785.4400000002,0.061791689152725246,0.03519553072625705,0.018042893830372615,0.015627398478856223,-0.2599286153173326,1.0903425349716325,-0.02460850111856816,0.021217966381923414,-0.06853750674581771,0
2026-03-04 00:00:00+05:30,ITC-EQ,311.95,24165489,-0.009368053350269911,-0.03570324574961359,-0.04148102627131667,319.9875,377.43666666666667,0.8477912409145906,37.04655682363187,322206.51999999996,1288826.0799999998,3866478.2399999998,0.01602820964898221,0.004346426271732021,0.011598554685362536,0.01653815307099655,0.08881456153335865,1.1997382553257898,-0.03570324574961359,-0.014842886467708816,-0.009456643692899447,0
2026-03-04 00:00:00+05:30,RELIANCE-EQ,1345.0,32495007,-0.009572901325478611,-0.058650615901455705,-0.05481377371749829,1424.8799999999999,1462.2908333333332,0.9744162840383439,33.21383163177018,433266.76,1733067.04,5199201.12,0.03405204460966539,0.011278195488721804,0.01396976536007112,0.012774655303850453,0.3694377219304099,2.806429109266193,-0.058650615901455705,-0.0640873982325516,0.03360594795539029,1
2026-03-04 00:00:00+05:30,SBIN-EQ,1174.5,13855065,-0.012942264055803121,-0.0398920951524564,-0.03205867809461027,1178.0549999999998,986.9699999999999,1.193607708440986,56.32063184433714,184734.19999999998,738936.7999999999,2216810.4,0.021370796083439877,0.002047606859483057,0.010230589096731914,0.019868190312766536,-0.1484724047659508,0.8394501246380676,-0.0398920951524564,0.10364593121593679,-0.07100893997445734,0
2026-03-04 00:00:00+05:30,SUZLON-EQ,39.93,71113339,-0.02490842490842493,-0.09517335146159078,-0.130822812363953,45.3865,52.37825,0.8665142497124283,20.889627858293068,948177.8533333333,3792711.413333333,11378134.24,0.02128725269221123,-0.006716417910447838,0.013612385854796984,0.0148964148884372,-0.3870277685966512,1.205626134437576,-0.09517335146159078,-0.18775427176566306,0.0423240671174554,1
2026-03-04 00:00:00+05:30,TATAMOTORS-EQ,351.2,17733124,-0.052347544522396205,-0.06979208051913655,-0.0826694527882984,377.8125,380.6498333333333,0.9925460801900611,37.3807594420372,236441.65333333335,945766.6133333334,2837299.8400000003,0.03929384965831422,-0.032906512460415774,0.023044287822303337,0.018672818370920972,0.5021821853942288,1.630267159461183,-0.06979208051913655,-0.05604085472382747,-0.04513097949886091,0
2026-03-05 00:00:00+05:30,ITC-EQ,311.5,19938009,-0.001442538868408394,-0.025801407349491767,-0.06301699503684766,319.87,376.5904166666667,0.8493843333329644,36.697863178213154,265840.12,1063360.48,3190081.44,0.017335473515248907,-0.0022421524663676765,0.0074998734735923665,0.016426909352584874,-0.17493873184192543,0.9688350686084997,-0.025801407349491767,-0.007487653337581723,-0.023756019261637173,0
2026-03-05 00:00:00+05:30,RELIANCE-EQ,1389.4,25957532,0.03301115241635699,-0.006506971755452229,-0.03600915839866781,1421.51,1462.3941666666667,0.9720429911452282,44.29064756262938,346100.4266666667,1384401.7066666668,4153205.12,0.03303584280984604,0.026827285492572746,0.01783606039867026,0.01470493014501677,-0.20118398497344525,2.083272239405346,-0.006506971755452229,-0.04626578802855563,0.0020152583849142314,1
2026-03-05 00:00:00+05:30,SBIN-EQ,1169.5,22100665,-0.004257130693912314,-0.025497875177068474,-0.04052834522930515,1183.1200000000001,989.8974999999999,1.1951944519508335,54.74253542201532,294675.5333333333,1178702.1333333333,3536106.4,0.027875160324925298,-0.009737510584250635,0.009862829459200584,0.019977740500631946,0.5951325381728632,1.2816178364473816,-0.025497875177068474,0.0948324283841977,-0.072082086361693,0
2026-03-05 00:00:00+05:30,SUZLON-EQ,40.25,89173308,0.008014024542950082,-0.06785548865215374,-0.12670861358212204,44.9105,52.23391666666667,0.8597957585030159,23.482779182143375,1188977.44,4755909.76,14267729.280000001,0.0352795031055901,0.0,0.01433880988003751,0.014573731831266062,0.25396035756386004,1.4699488367491023,-0.06785548865215374,-0.1912798874824192,0.05416149068322973,1
2026-03-05 00:00:00+05:30,TATAMOTORS-EQ,355.15,10574236,0.011247152619589862,-0.0699227445331938,-0.07235209612119642,376.7975,380.0321666666667,0.9914884397943508,40.27431677934074,140989.81333333332,563959.2533333333,1691877.76,0.025904547374348837,0.005805720758991658,0.02376038473016922,0.01874904439380603,-0.4037014572277282,0.9701998668963936,-0.0699227445331938,-0.054068451191903066,-0.08616077713642112,0
2026-03-06 00:00:00+05:30,ITC-EQ,309.7,21288269,-0.005778491171749667,-0.027018535972353153,-0.050000000000000044,319.84499999999997,375.7125,0.8513025252021159,35.26791391094166,283843.58666666667,1135374.3466666667,3406123.04,0.010009686793671368,-0.0011288501854540324,0.005969584776097446,0.016264870169164093,0.0677229105473871,1.020876061817216,-0.027018535972353153,-0.001611863313990991,-0.026638682596060725,0
2026-03-06 00:00:00+05:30,RELIANCE-EQ,1404.8,19311971,0.011083921117028828,-0.0014216661927779484,-0.0033345157857396224,1419.58,1462.5733333333333,0.9706043229741187,47.54057997936762,257492.94666666666,1029971.7866666666,3089915.36,0.024202733485193622,0.005943430003580347,0.017070202823002728,0.014899559790082645,-0.25601667369609715,1.5043526271417464,-0.0014216661927779484,-0.0267424137453236,-0.017155466970387168,0
2026-03-06 00:00:00+05:30,SBIN-EQ,1143.0,20333328,-0.022659256092347202,-0.054981397271599786,-0.05200298581736751,1186.595,992.55875,1.195490947009434,47.194739291023545,271111.04,1084444.16,3253332.48,0.027384076990376163,-0.021822849807445442,0.011357837549275995,0.020894117365842946,-0.0799675937353016,1.143385734237305,-0.054981397271599786,0.06474149976711696,-0.08398950131233596,0
2026-03-06 00:00:00+05:30,SUZLON-EQ,39.99,63058597,-0.006459627329192474,-0.07580309683383413,-0.11624309392265186,44.5175,52.092666666666666,0.8545828587517117,22.82803592619868,840781.2933333333,3363125.1733333333,10089375.52,0.028507126781695438,-0.006459627329192497,0.014378188997355181,0.012996132543022171,-0.29285345116949124,1.0918850566316465,-0.07580309683383413,-0.16426332288401257,0.035508877219304624,1
2026-03-06 00:00:00+05:30,TATAMOTORS-EQ,350.75,6929668,-0.01238913135294939,-0.1042012514365982,-0.06640936917753526,375.6275,379.39425,0.9900716734636859,38.159064001876374,92395.57333333333,369582.29333333333,1108746.8800000001,0.014255167498218105,-0.009180790960451978,0.023505529241521255,0.018876324670585396,-0.3446649006131507,0.6571632327531433,-0.1042012514365982,-0.06254176132567146,-0.10449037776193859,0
2026-03-09 00:00:00+05:30,ITC-EQ,306.0,14084931,-0.011947045527930245,-0.02423469387755106,-0.06422018348623848,318.85499999999996,374.81458333333336,0.8507006241975197,32.467379032466184,187799.08,751196.32,2253588.96,0.01176470588235283,0.003278688524590164,0.005561291035543171,0.011359358446240583,-0.33837124098723104,0.7758454043479834,-0.02423469387755106,-0.06077348066298349,0.007352941176470562,1
2026-03-09 00:00:00+05:30,RELIANCE-EQ,1424.0,24870822,0.013667425968109326,0.021594088528588795,0.0032408059743553874,1418.24,1462.8149999999998,0.969527930736286,51.35110152871098,331610.95999999996,1326443.8399999999,3979331.5199999996,0.04171348314606748,0.03563636363636364,0.01750643393118276,0.015211044685815602,0.2878448295101521,1.8197622324716902,0.021594088528588795,-0.018472566859663586,-0.020294943820224787,0
2026-03-09 00:00:00+05:30,SBIN-EQ,1098.5,24631198,-0.03893263342082243,-0.08587833901972208,-0.0967025738014965,1188.2,994.85,1.1943509071719356,37.77570024736036,328415.9733333333,1313663.8933333333,3940991.6799999997,0.0461538461538462,-0.014798206278026907,0.014434208865229428,0.022861786007296634,0.21137071117920292,1.3197934434575507,-0.08587833901972208,0.030101275318829668,-0.028948566226672745,0
2026-03-09 00:00:00+05:30,SUZLON-EQ,39.62,71721599,-0.00925231307826968,-0.07147879071947516,-0.10886189833558257,44.096500000000006,51.94691666666667,0.8488761764814403,21.89256303281249,956287.9866666667,3825151.946666667,11475455.84,0.039626451287228685,0.0032919726513040122,0.014277698260161734,0.012641038346486338,0.1373801894133484,1.2272670940367048,-0.07147879071947516,-0.17527060782681103,0.03508329126703691,1
2026-03-09 00:00:00+05:30,TATAMOTORS-EQ,332.0,17240937,-0.053456878118317896,-0.13236639226447144,-0.12169312169312174,373.7525,378.55266666666665,0.9873196860322386,30.747949401481932,229879.16,919516.64,2758549.92,0.04292168674698795,-0.029239766081871343,0.027186363993739332,0.021931153849653235,1.487988890665469,1.6818755377605972,-0.13236639226447144,-0.10148849797023007,-0.053012048192771166,0
2026-03-10 00:00:00+05:30,ITC-EQ,309.05,18352950,0.009967320261437873,-0.018577326135280958,-0.050245851259987595,318.16749999999996,373.95125,0.8508261437821105,36.91444852807122,244706.0,978824.0,2936472.0,0.020223264843876394,0.00016181229773466462,0.00765852162075931,0.011620170738157635,0.3030202277881233,1.0157154009162415,-0.018577326135280958,-0.04259603469640649,-0.013590033975084848,0
2026-03-10 00:00:00+05:30,RELIANCE-EQ,1408.8,18071259,-0.010674157303370846,0.037407952871870265,-0.013445378151260567,1415.6,1462.8941666666665,0.9676708214823014,48.35647534306651,240950.12,963800.48,2891401.44,0.02193356047700177,-0.015238361526632152,0.017710449659842843,0.015232352816554523,-0.2733951857321001,1.2653311062209933,0.037407952871870265,-0.03612479474548436,-0.007950028392958552,0
2026-03-10 00:00:00+05:30,SBIN-EQ,1112.2,17491459,0.012471552116522622,-0.06529960500882426,-0.09415214204267786,1186.51,997.2454166666666,1.1897873684553577,41.63751986557527,233219.45333333334,932877.8133333334,2798633.44,0.013846430498111932,0.000990009900099124,0.014886346184883398,0.01545089303340672,-0.28986568172607763,0.99980654013908,-0.06529960500882426,-0.02949389179755668,-0.042708146016903425,0
2026-03-10 00:00:00+05:30,SUZLON-EQ,41.45,70866917,0.046188793538616935,0.012210012210012167,-0.06327683615819202,43.759499999999996,51.808416666666666,0.8446407517440054,35.88666615440145,944892.2266666667,3779568.9066666667,11338706.72,0.03956574185765984,0.026498266468548793,0.023199382623803347,0.017601311006068848,-0.011916661255697902,1.1931213131250589,0.012210012210012167,-0.13986304212492207,-0.004342581423401715,0
2026-03-10 00:00:00+05:30,TATAMOTORS-EQ,345.2,13770080,0.03975903614457832,-0.06853750674581771,-0.09145940255296747,372.1425,377.8329166666667,0.98493933054624,39.63626134571046,183601.06666666665,734404.2666666666,2203212.8,0.0334588644264195,0.02130177514792896,0.03154368306007905,0.02343290186218304,-0.20131487053168862,1.3114976247720709,-0.06853750674581771,-0.0853206147323794,-0.07531865585168018,0
2026-03-11 00:00:00+05:30,ITC-EQ,309.0,14842485,-0.00016178611875106164,-0.009456643692899447,-0.04482225656877903,317.5475,373.08375,0.8511426723892423,36.871583121782216,197899.8,791599.2,2374797.6,0.009546925566343005,-0.00016178611875104795,0.007807898386779372,0.011615564261125267,-0.1912752445792093,0.8138818370746085,-0.009456643692899447,-0.0385812072184194,-0.016019417475728104,0
2026-03-11 00:00:00+05:30,RELIANCE-EQ,1390.2,21848087,-0.01320272572402037,0.03360594795539029,-0.027015677491601275,1412.185,1462.7683333333334,0.96541945010659,44.905466251473406,291307.82666666666,1165231.3066666666,3495693.92,0.03625377643504538,-0.02435258614639627,0.01808815694261999,0.015447441332784265,0.20899639587922447,1.4701364350217592,0.03360594795539029,-0.04682893383613296,0.012875845202129144,1
2026-03-11 00:00:00+05:30,SBIN-EQ,1091.1,8364878,-0.018971408020140412,-0.07100893997445734,-0.10806833973677765,1183.8600000000001,999.4083333333333,1.1845608651785642,37.75143725543107,111531.70666666667,446126.82666666666,1338380.48,0.025570525158097417,-0.020028740793964595,0.01497909596669579,0.015944311938299007,-0.5217735696033132,0.49063499191230825,-0.07100893997445734,-0.04632462197360376,-0.019521583722848512,0
2026-03-11 00:00:00+05:30,SUZLON-EQ,41.62,64189593,0.0041013268998792984,0.0423240671174554,-0.05687740765918892,43.456,51.66375,0.8411313541893495,37.01559923640508,855861.24,3423444.96,10270334.879999999,0.0158577606919751,-0.0023969319271333034,0.023414691465667672,0.017767595226237238,-0.09422343009503287,1.059450861251246,0.0423240671174554,-0.12728035227511014,0.010571840461316873,1
2026-03-11 00:00:00+05:30,TATAMOTORS-EQ,335.35,5949596,-0.02853418308227107,-0.04513097949886091,-0.11177327506290557,369.9425,377.02933333333334,0.9812034961028673,35.93034957324248,79327.94666666667,317311.7866666667,951935.36,0.036827195467422164,-0.027407192575405998,0.03210384278600413,0.02393143603408187,-0.567933083903652,0.5747901004183017,-0.04513097949886091,-0.11598787399499144,-0.031608766959892676,0
2026-03-12 00:00:00+05:30,ITC-EQ,304.1,23319679,-0.015857605177993506,-0.023756019261637173,-0.04894448788115713,316.84000000000003,372.20708333333334,0.8512465618937487,32.846206354695326,310929.05333333334,1243716.2133333334,3731148.6399999997,0.016935218678066348,-0.009607555772675422,0.008334276503957168,0.011907635621652781,0.5711438482167912,1.28408977651134,-0.023756019261637173,-0.044461901021209616,-0.020059191055573855,0
2026-03-12 00:00:00+05:30,RELIANCE-EQ,1392.2,20939959,0.0014386419220255853,0.0020152583849142314,-0.004504826599928458,1408.3600000000001,1462.5883333333334,0.9629230371271024,45.35703869046935,279199.4533333333,1116797.8133333332,3350393.44,0.021404970550208433,0.001582733812949673,0.016875131353743484,0.015321316641282796,-0.04156556132351541,1.3463684212590576,0.0020152583849142314,-0.052086879553346455,-0.005315328257434304,0
2026-03-12 00:00:00+05:30,SBIN-EQ,1085.2,14614140,-0.005407387040601064,-0.072082086361693,-0.09574202149820843,1178.975,1001.30875,1.1774340332090376,36.71944249080437,194855.2,779420.8,2338262.4,0.02534095097677847,0.009394474932564541,0.014817829165140852,0.013485447670600566,0.7470834601532741,0.896287090553083,-0.072082086361693,-0.08259362583481278,-0.033450055289347524,0
2026-03-12 00:00:00+05:30,SUZLON-EQ,42.43,108432510,0.01946179721287855,0.05416149068322973,-0.01736915238536363,43.2085,51.52325,0.8386213990771157,42.23483194727109,1445766.7999999998,5783067.199999999,17349201.599999998,0.061513080367664376,0.022163334136352728,0.023898166076717384,0.018701765211388978,0.6892537393094236,1.7169811831792763,0.05416149068322973,-0.10447446179822717,-0.03158142823473953,0
2026-03-12 00:00:00+05:30,TATAMOTORS-EQ,324.55,9707654,-0.03220515878932462,-0.08616077713642112,-0.1500589236611235,366.93500000000006,376.106,0.975615916789416,32.35798280516681,129435.38666666667,517741.5466666667,1553224.6400000001,0.029733477122169085,-0.02390977443609019,0.03163467483122072,0.02413662516612298,0.6316492750095972,0.9434431174975109,-0.08616077713642112,-0.1563556017676111,-0.046988137421044573,0
2026-03-13 00:00:00+05:30,ITC-EQ,301.45,25659996,-0.008714238737257629,-0.026638682596060725,-0.05293748036443613,316.04,371.2895833333333,0.8511954393190402,30.882563204449596,342133.28,1368533.12,4105599.3600000003,0.01774755349145803,-0.00838815789473688,0.008414195941271425,0.01199650107425507,0.1003580280843488,1.3664382244485098,-0.026638682596060725,-0.05040163805323672,-0.004975949577044281,0
2026-03-13 00:00:00+05:30,RELIANCE-EQ,1380.7,17265090,-0.008260307427093827,-0.017155466970387168,-0.018552743815752004,1404.95,1462.3025,0.9607793189165716,43.16617666668583,230201.19999999998,920804.7999999999,2762414.4,0.01622365466792197,-0.0032486283569159685,0.01688719097819479,0.015169158565315725,-0.17549552031119064,1.0886342569925966,-0.017155466970387168,-0.0470701911795155,0.024407909031650687,1
2026-03-13 00:00:00+05:30,SBIN-EQ,1047.0,15978675,-0.03520088462956139,-0.08398950131233596,-0.13435303844563873,1171.705,1002.9141666666667,1.1683003779818313,30.84092933525868,213049.0,852196.0,2556588.0,0.03724928366762178,-0.028306264501160094,0.015331360122459062,0.01481841377914849,0.0933708723195481,1.03466149602106,-0.08398950131233596,-0.12193894666219396,0.010506208213944657,1
2026-03-13 00:00:00+05:30,SUZLON-EQ,41.41,79497665,-0.024039594626443672,0.035508877219304624,-0.04298590247284506,42.9385,51.376,0.8357696200560573,37.96812648919797,1059968.8666666667,4239875.466666667,12719626.4,0.04467519922723984,-0.02380952380952393,0.024871501121795845,0.019116196950786715,-0.2668465850324778,1.2196528484820583,0.035508877219304624,-0.11535996581926955,0.013040328423086445,1
2026-03-13 00:00:00+05:30,TATAMOTORS-EQ,314.1,17073811,-0.03219842859343702,-0.10449037776193859,-0.19780360107265993,363.4675,375.13566666666674,0.9688961415736704,29.32031392298326,227650.81333333332,910603.2533333333,2731809.76,0.049824896529767515,-0.0275541795665634,0.028403231579686838,0.02468679164413578,0.7587988817895652,1.5916564916688227,-0.10449037776193859,-0.18085799973920968,0.0,0
2026-03-16 00:00:00+05:30,ITC-EQ,308.25,37472204,0.022557638082600695,0.007352941176470562,-0.017059948979591955,315.765,370.43625,0.8524138768816497,40.68220247483827,499629.3866666667,1998517.5466666669,5995552.640000001,0.024168694241686904,0.018839861179970215,0.011504670102341054,0.013020075870793403,0.46033553551606166,1.8536074539287724,0.007352941176470562,-0.017529880478087678,-0.0577453365774534,0
2026-03-16 00:00:00+05:30,RELIANCE-EQ,1395.1,22837802,0.010429492286521125,-0.020294943820224787,0.0008608938948273526,1403.725,1462.2,0.9600088907126247,46.64171086596945,304504.0266666667,1218016.1066666667,3654048.32,0.024227653931617774,0.01094202898550718,0.01706591711311349,0.014807066929842704,0.32277341154896955,1.3871770592769743,-0.020294943820224787,-0.01725838264299806,0.009103290086732274,1
2026-03-16 00:00:00+05:30,SBIN-EQ,1066.7,15322269,0.018815663801337257,-0.028948566226672745,-0.11234085046184572,1165.1100000000001,1004.6170833333332,1.159755313073265,36.48789884708269,204296.91999999998,817187.6799999999,2451563.04,0.034592668979094486,0.01716410794316773,0.018506540509297197,0.015666683678566606,-0.04108012710690967,1.0012965818107762,-0.028948566226672745,-0.11004505256132147,-0.03262398050060933,0
2026-03-16 00:00:00+05:30,SUZLON-EQ,41.01,81266796,-0.009659502535619424,0.03508329126703691,-0.038903210686665135,42.7055,51.21441666666667,0.833857003155036,36.41452014075883,1083557.28,4334229.12,13002687.36,0.03682028773469881,-0.011569052783803421,0.02472321922992259,0.018647750399617958,0.022253873745851527,1.2199840692652089,0.03508329126703691,-0.10203634771184589,-0.02609119726895881,0
2026-03-16 00:00:00+05:30,TATAMOTORS-EQ,314.4,10394023,0.0009551098376312517,-0.053012048192771166,-0.1783614268914151,360.175,374.18674999999996,0.9625541257139651,29.52485691589689,138586.97333333333,554347.8933333333,1663043.68,0.0303753180661578,0.004472843450479161,0.029257884946846408,0.0247996581231355,-0.39123005402835953,0.9928876958044904,-0.053012048192771166,-0.17317554240631172,-0.029103053435114434,0
2026-03-17 00:00:00+05:30,ITC-EQ,304.85,25649286,-0.011030008110299971,-0.013590033975084848,-0.031914893617021156,315.11,369.5854166666667,0.8526039875761693,37.79664082950675,341990.48000000004,1367961.9200000002,4103885.7600000002,0.019353780547810322,-0.016454266817228475,0.011653724791244106,0.012761647631346214,-0.31551167900345545,1.2264404276772765,-0.013590033975084848,-0.041201446768359684,-0.04461210431359697,0
2026-03-17 00:00:00+05:30,RELIANCE-EQ,1397.6,19007744,0.0017919862375457285,-0.007950028392958552,0.029160530191457923,1401.75,1462.2583333333334,0.958619942896547,47.244883294591084,253436.58666666667,1013746.3466666667,3041239.04,0.01266456783056672,-0.0010007147962831243,0.014427144649488058,0.014500981848078458,-0.16770694482770276,1.110325703723225,-0.007950028392958552,-0.027485909122538454,0.010160274756725762,1
2026-03-17 00:00:00+05:30,SBIN-EQ,1064.7,16427877,-0.0018749414080809768,-0.042708146016903425,-0.1052189259601648,1157.94,1006.3625,1.1506191854326846,36.165046627515494,219038.36,876153.44,2628460.32,0.025265332957640736,-0.008566905670919122,0.01876450031662152,0.015368676744816432,0.07215693706982962,1.0684669450531263,-0.042708146016903425,-0.11869878321331007,-0.03183995491687808,0
2026-03-17 00:00:00+05:30,SUZLON-EQ,41.27,70423021,0.006339917093391989,-0.004342581423401715,0.007814407814407787,42.4585,51.05891666666666,0.8315589670103329,38.18509013440585,938973.6133333333,3755894.453333333,11267683.36,0.026411436879089006,-0.00554216867469872,0.021194335397591833,0.018423182625465096,-0.13343426262307667,1.0330826120394412,-0.004342581423401715,-0.10690326769097591,-0.005573055488248269,0
2026-03-17 00:00:00+05:30,TATAMOTORS-EQ,319.2,7953108,0.01526717557251911,-0.07531865585168018,-0.13869400971397738,357.2725,373.33433333333335,0.9569773473821052,32.87217685378417,106041.44,424165.76,1272497.28,0.025062656641604012,0.013333333333333298,0.030749850445937883,0.025395876977691818,-0.23483832968235685,0.7491687441341874,-0.07531865585168018,-0.15387673956262427,-0.02506265664160401,0
2026-03-18 00:00:00+05:30,ITC-EQ,304.05,16702554,-0.0026242414302116712,-0.016019417475728104,-0.02532457124539178,314.04,368.75916666666666,0.8516127282711617,37.129314011133836,222700.72,890802.88,2672408.64,0.01134681795757273,-0.006047728015691292,0.011449011116630622,0.011249102804794159,-0.34881017740610787,0.8443865974721323,-0.016019417475728104,-0.0657551083115685,-0.027462588390067544,0
2026-03-18 00:00:00+05:30,RELIANCE-EQ,1408.1,9559327,0.007512879221522661,0.012875845202129144,0.046914498141263916,1401.005,1462.4108333333336,0.9580105453722819,49.81103202943049,127457.69333333333,509830.7733333333,1529492.32,0.011149776294297312,0.007801316919553295,0.013773407156148366,0.01448276114689281,-0.4970825048990559,0.560320741966597,0.012875845202129144,-0.010470836261419647,0.0035508841701583638,1
2026-03-18 00:00:00+05:30,SBIN-EQ,1069.8,10749915,0.004790081713158534,-0.019521583722848512,-0.0891443167305237,1150.76,1008.0224999999999,1.1416015019506014,37.67934615267299,143332.19999999998,573328.7999999999,1719986.4,0.013180033651149876,0.0021545667447306367,0.01937746674081548,0.015383524583869804,-0.34562968787750237,0.7211164903472596,-0.019521583722848512,-0.11834514587110612,-0.00859973826883531,0
2026-03-18 00:00:00+05:30,SUZLON-EQ,42.06,58427254,0.019142234068330488,0.010571840461316873,0.053343350864011985,42.264500000000005,50.91983333333334,0.8300203915304777,43.347066110806225,779030.0533333333,3116120.2133333334,9348360.64,0.025915359010936667,0.017416545718432482,0.019744278127245846,0.019226615778162193,-0.17033871636946674,0.845573086346677,0.010571840461316873,-0.08445798868088805,0.004992867332382245,1
2026-03-18 00:00:00+05:30,TATAMOTORS-EQ,324.75,7533727,0.017387218045112895,-0.031608766959892676,-0.07531321184510242,354.3675,372.50241666666665,0.9513159758023942,36.62057718034031,100449.69333333333,401798.7733333333,1205396.3199999998,0.03171670515781374,0.011682242990654205,0.029045447461772064,0.02552237249778375,-0.05273171192947457,0.7106992302289015,-0.031608766959892676,-0.15175656262243709,-0.020939183987682908,0
2026-03-19 00:00:00+05:30,ITC-EQ,298.0,17851126,-0.019898043085018968,-0.020059191055573855,-0.043338683788122,312.3175,367.9008333333333,0.8489176204638479,32.461589394265076,238015.01333333334,952060.0533333333,2856180.16,0.02818791946308717,-0.011608623548922056,0.012680332116153924,0.010197237706597433,0.06876624976036605,0.9445244383840901,-0.020059191055573855,-0.10362460520379002,-0.011073825503355783,0
2026-03-19 00:00:00+05:30,RELIANCE-EQ,1384.8,16498373,-0.016547120232937917,-0.005315328257434304,-0.0033107816323594275,1398.1799999999998,1462.4258333333335,0.9560689972311984,44.623806233076984,219978.30666666664,879913.2266666666,2639739.6799999997,0.028596187175043426,-0.002305475504322799,0.011103943924528062,0.01455543405892125,0.7258927328252291,0.9369114621989475,-0.005315328257434304,-0.03920072157080412,-0.02650202195262852,0
2026-03-19 00:00:00+05:30,SBIN-EQ,1048.9,13431191,-0.01953636193681052,-0.033450055289347524,-0.1031209918768704,1142.2599999999998,1009.5450000000001,1.1314602122738457,34.108458948468595,179082.5466666667,716330.1866666668,2148990.56,0.017828200972447368,-0.0005717008099093941,0.019552786277087373,0.015444002349194203,0.24942299543763835,0.8919627788846983,-0.033450055289347524,-0.13947001394700143,-0.028029364095719433,0
2026-03-19 00:00:00+05:30,SUZLON-EQ,41.09,55593734,-0.023062291963861115,-0.03158142823473953,0.02086956521739136,42.014500000000005,50.78308333333334,0.8273325927104991,39.03660165684889,741249.7866666666,2964999.1466666665,8894997.44,0.02360671696276463,-0.0026699029126213453,0.021638985195105428,0.01958458223883441,-0.04849654580720153,0.7855086826903235,-0.03158142823473953,-0.10848340203948792,-0.006570941834996402,0
2026-03-19 00:00:00+05:30,TATAMOTORS-EQ,309.3,10146164,-0.04757505773672055,-0.046988137421044573,-0.1291003801210755,350.69,371.6345833333333,0.9436419960018971,31.369264034894243,135282.18666666668,541128.7466666667,1623386.2400000002,0.03701907533139343,-0.0273584905660377,0.030751835403748956,0.02692739091200834,0.34676555176475077,0.9335893279895516,-0.046988137421044573,-0.1921117931304689,-0.019721952796637687,0
2026-03-20 00:00:00+05:30,ITC-EQ,299.95,58679529,0.00654362416107368,-0.004975949577044281,-0.03148207943170811,311.015,367.06624999999997,0.8472993635345119,35.2855179197518,782393.72,3129574.88,9388724.64,0.03533922320386739,-0.003653878093340052,0.013117126818195123,0.009970822802473479,2.2871612132478365,2.8159892394179242,-0.004975949577044281,-0.07990797546012274,-0.040840140023337246,0
2026-03-20 00:00:00+05:30,RELIANCE-EQ,1414.4,22994918,0.02137492778740624,0.024407909031650687,0.006833712984054774,1398.425,1462.7758333333334,0.9560077273175258,51.52950376494904,306598.9066666667,1226395.6266666667,3679186.88,0.02396776018099554,0.011731044349070165,0.01264384982829047,0.014628560596839842,0.3937688279929179,1.2659031543253645,0.024407909031650687,0.003476410074494618,-0.04984445701357465,0
2026-03-20 00:00:00+05:30,SBIN-EQ,1058.0,17748625,0.008675755553436915,0.010506208213944657,-0.0743657042869641,1134.875,1011.1854166666667,1.1223213678665098,36.91195305001253,236648.3333333333,946593.3333333333,2839780.0,0.02930056710775047,-0.00037792894935760666,0.019921825828675035,0.01582505098264114,0.32144833618999247,1.1477454465386558,0.010506208213944657,-0.12250145143899815,-0.07429111531190924,0
2026-03-20 00:00:00+05:30,SUZLON-EQ,41.95,71960845,0.02092966658554385,0.013040328423086445,0.04901225306326573,41.8495,50.660666666666664,0.8260747983313814,44.32290774793192,959477.9333333333,3837911.7333333334,11513735.2,0.033134684147794836,0.013285024154589476,0.022138046242539584,0.020197595568107605,0.29440567888460234,0.9920414813386763,0.013040328423086445,-0.07292817679558006,-0.056972586412395665,0
2026-03-20 00:00:00+05:30,TATAMOTORS-EQ,314.1,13905760,0.015518913676042745,0.0,-0.10449037776193859,347.61,370.90083333333337,0.9372046885847745,34.51126815001713,185410.13333333333,741640.5333333333,2224921.6,0.01942056669850355,0.00996784565916406,0.03208121374811865,0.02744561680267973,0.37054358671907917,1.23962988822956,0.0,-0.16396060686718117,-0.05698822031200268,0
2026-03-23 00:00:00+05:30,ITC-EQ,290.45,31788160,-0.031671945324220685,-0.0577453365774534,-0.05081699346405233,309.1875,366.11083333333335,0.8445188501660471,28.93750712142429,423842.1333333333,1695368.5333333332,5086105.6,0.03253572043380957,-0.02827032452325189,0.01580105946974821,0.011555023612636984,-0.4582751337353099,1.4539515357050243,-0.0577453365774534,-0.11177370030581046,0.004303666724048805,1
2026-03-23 00:00:00+05:30,RELIANCE-EQ,1407.8,18979554,-0.0046662895927602754,0.009103290086732274,-0.011376404494382042,1397.845,1463.0275000000001,0.9554468388324894,50.03132591710079,253060.72,1012242.88,3036728.64,0.017474073021735977,0.005571428571428539,0.011868633070900041,0.014578170536012605,-0.1746196268236312,1.0146821162795183,0.009103290086732274,-0.008172467239678793,-0.027418667424349952,0
2026-03-23 00:00:00+05:30,SBIN-EQ,1031.9,16039603,-0.024669187145557547,-0.03262398050060933,-0.06062812926718242,1125.665,1012.6433333333333,1.1116105374383214,32.62451511785093,213861.37333333332,855445.4933333333,2566336.48,0.030429305165229053,-0.006833493743984513,0.01782265978607415,0.015913055346934907,-0.09629038869208173,1.0172265169079378,-0.03262398050060933,-0.1514678069237726,-0.013664114739800448,0
2026-03-23 00:00:00+05:30,SUZLON-EQ,39.94,68192562,-0.04791418355184751,-0.02609119726895881,0.008076728924785392,41.6235,50.53283333333333,0.823692186927971,36.382272459463046,909234.1599999999,3636936.6399999997,10910809.92,0.051577366049073495,-0.04358237547892721,0.027606976384287565,0.022333698376960216,-0.05236574139728345,0.9358702745941555,-0.02609119726895881,-0.10166441745389121,0.029544316474712007,1
2026-03-23 00:00:00+05:30,TATAMOTORS-EQ,305.25,10816349,-0.028175740210124256,-0.029103053435114434,-0.08057228915662651,343.97249999999997,370.0499166666667,0.9295300025964963,31.635526443342542,144217.98666666666,576871.9466666667,1730615.84,0.02473382473382477,-0.018646519852113845,0.02918614433633698,0.02755180509917853,-0.22216772042664334,0.9452966541633311,-0.029103053435114434,-0.19246031746031744,-0.007534807534807619,0
2026-03-24 00:00:00+05:30,ITC-EQ,291.25,33335721,0.0027543467033912528,-0.04461210431359697,-0.05759585827535996,307.48,365.1441666666667,0.8420783571785573,30.07829328737185,444476.27999999997,1777905.1199999999,5333715.359999999,0.024892703862660945,-0.015881060990032062,0.0151902196714535,0.011713632896647709,0.048683566459964966,1.4585254825809588,-0.04461210431359697,-0.10494775660725253,0.005493562231759785,1
2026-03-24 00:00:00+05:30,RELIANCE-EQ,1411.8,18620893,0.0028413126864610394,0.010160274756725762,0.002129471890971013,1397.035,1463.3525,0.9546811175024473,50.9618807219694,248278.57333333333,993114.2933333333,2979342.88,0.011191386881994746,-0.0057746478873239755,0.011415629293800003,0.014521837286089256,-0.018897230145660915,0.9674182232263436,0.010160274756725762,-0.011344537815126121,-0.04341974783963731,0
2026-03-24 00:00:00+05:30,SBIN-EQ,1030.8,30416734,-0.001065994766934919,-0.03183995491687808,-0.07318827549001983,1115.815,1013.9770833333333,1.1004341403179314,32.45342370908834,405556.45333333337,1622225.8133333335,4866677.44,0.03783469150174622,-0.023123578468536854,0.016737145785356174,0.015461212092448131,0.8963520481149065,1.8102913693814002,-0.03183995491687808,-0.1604495846229027,-0.01202949165696543,0
2026-03-24 00:00:00+05:30,SUZLON-EQ,41.04,65440981,0.027541311967951954,-0.005573055488248269,-0.009891435464415066,41.463,50.414166666666674,0.822447394085657,42.45793646659774,872546.4133333333,3490185.6533333333,10470556.96,0.03289473684210512,-0.006295399515738451,0.02470379576263397,0.023497935007599866,-0.040350163116030124,0.8883550569823815,-0.005573055488248269,-0.0725423728813559,-0.006335282651072083,0
2026-03-24 00:00:00+05:30,TATAMOTORS-EQ,311.2,8524890,0.019492219492219354,-0.02506265664160401,-0.09849362688296637,340.535,369.2506666666667,0.9222325935769017,35.52540429311577,113665.20000000001,454660.80000000005,1363982.4000000001,0.027956298200514103,-0.005591947595462534,0.02603652894820276,0.028154008015207004,-0.21185142971995452,0.7555216829323057,-0.02506265664160401,-0.18094486116594288,-0.025385604113110416,0
2026-03-25 00:00:00+05:30,ITC-EQ,295.7,26184716,0.015278969957081445,-0.027462588390067544,-0.04304207119741099,306.09000000000003,364.2620833333333,0.8403015685821451,36.21244445441484,349129.54666666663,1396518.1866666665,4189554.5599999996,0.021136286777138993,0.010249402118209771,0.016551913545747254,0.012596487969150496,-0.21451478430600013,1.1138540250073894,-0.027462588390067544,-0.08593508500772806,-0.00287453500169077,0
2026-03-25 00:00:00+05:30,RELIANCE-EQ,1413.1,19041331,0.0009208103130755596,0.0035508841701583638,0.016472450007193107,1396.25,1463.7616666666665,0.953877965105886,51.279439738647646,253884.41333333333,1015537.6533333333,3046612.96,0.015639374425022935,-0.004859154929577529,0.01039110180195705,0.01452340793965186,0.022578831208578398,0.9728055954972732,0.0035508841701583638,-0.010988241881298988,-0.07671077772273716,0
2026-03-25 00:00:00+05:30,SBIN-EQ,1060.6,16205333,0.028909584788513687,-0.00859973826883531,-0.02795344148107415,1107.68,1015.5450000000001,1.09072468477517,41.416690103052765,216071.1066666667,864284.4266666668,2592853.2800000003,0.021214406939468227,0.01687440076701813,0.019665751808324614,0.017578305670271528,-0.4672231081745989,0.9632863852770874,-0.00859973826883531,-0.13300089920706293,-0.026258721478408353,0
2026-03-25 00:00:00+05:30,SUZLON-EQ,42.27,76079784,0.029970760233918314,0.004992867332382245,0.015617491590581567,41.37,50.30766666666667,0.8223398686747546,48.39295033472956,1014397.12,4057588.48,12172765.44,0.033593565176247966,0.018554216867469955,0.02654983167687737,0.02466284942430549,0.16257095840296154,1.019277440771965,0.004992867332382245,-0.042148198504418755,-0.016087059380175073,0
2026-03-25 00:00:00+05:30,TATAMOTORS-EQ,317.95,7857557,0.021690231362467838,-0.020939183987682908,-0.051886089160578575,337.555,368.4688333333333,0.9161019045934686,39.71602957300104,104767.42666666667,419069.70666666667,1257209.12,0.024060386853278746,0.0061708860759493315,0.02689546753335906,0.029006892569825467,-0.07828054086328384,0.6943979889496387,-0.020939183987682908,-0.15785988610780033,-0.03318131781726685,0
2026-03-27 00:00:00+05:30,ITC-EQ,294.7,22179022,-0.003381805884342226,-0.011073825503355783,-0.030910884577441733,304.8375,363.3379166666667,0.8389917099669614,35.45960729407811,295720.29333333333,1182881.1733333333,3548643.52,0.017984390906006148,0.0,0.016043511184659843,0.012483283917097892,-0.15297832521842136,0.9263430589519456,-0.011073825503355783,-0.07834245504300241,0.012724804886325103,1
2026-03-27 00:00:00+05:30,RELIANCE-EQ,1348.1,23266517,-0.04599816007359703,-0.02650202195262852,-0.031676483263898936,1393.73,1463.5900000000001,0.9522680532116234,38.0215331324658,310220.2266666667,1240880.9066666667,3722642.72,0.04428454862398935,-0.037758743754461165,0.018318913577780968,0.017199460894512023,0.22189551770304283,1.151778675610982,-0.02650202195262852,-0.036038612799427994,-0.03226763593205251,0
2026-03-27 00:00:00+05:30,SBIN-EQ,1019.5,20445349,-0.038751650009428595,-0.028029364095719433,-0.060541835606339856,1098.65,1016.84,1.080455135517879,34.59769511114298,272604.6533333333,1090418.6133333333,3271255.84,0.04149092692496317,-0.030248264054028303,0.022766431178650633,0.01880347266867254,0.2616432504040491,1.2122100127573068,-0.028029364095719433,-0.15048745937838504,0.010691515448749467,1
2026-03-27 00:00:00+05:30,SUZLON-EQ,40.82,73603173,-0.03430328838419694,-0.006570941834996402,-0.03794485034173933,41.252,50.187999999999995,0.8219494699928271,42.789892839935845,981375.64,3925502.56,11776507.68,0.0355218030377265,-0.024611708482676253,0.027996265307037062,0.025354785349441033,-0.03255281324142556,0.9875766966246302,-0.006570941834996402,-0.05465493283927747,0.017883390494855433,1
2026-03-27 00:00:00+05:30,TATAMOTORS-EQ,303.2,19009638,-0.046390941972008215,-0.019721952796637687,-0.0657833923894624,333.6225,367.3715833333334,0.9081336584960866,34.44716940663022,253461.84000000003,1013847.3600000001,3041542.08,0.03891820580474938,-0.029760000000000036,0.02879757956355975,0.029824301864936925,1.4192809546275007,1.600314640814114,-0.019721952796637687,-0.20597093099384578,0.018139841688654457,1
2026-03-30 00:00:00+05:30,ITC-EQ,287.7,24586921,-0.02375296912114011,-0.040840140023337246,-0.04561287112290591,303.3075,362.36625,0.8370191760408151,30.655293097381104,327825.6133333333,1311302.4533333331,3933907.36,0.025895029544664543,-0.02009536784741156,0.017292922677451934,0.013243425465186117,0.10856650937989953,0.9991272633714127,-0.040840140023337246,-0.09613572101790768,0.05126868265554396,1
2026-03-30 00:00:00+05:30,RELIANCE-EQ,1343.9,24393861,-0.0031154958830945656,-0.04984445701357465,-0.02665314695444332,1390.5849999999998,1463.4275000000002,0.9502247292742548,37.34958145826403,325251.48,1301005.92,3903017.7600000002,0.022992782201056692,0.006666666666666735,0.018228661218219287,0.017107045811964247,0.04845349220083084,1.1849727298666557,-0.04984445701357465,-0.04471140176286603,0.0029020016370264745,1
2026-03-30 00:00:00+05:30,SBIN-EQ,979.4,21438137,-0.039333006375674384,-0.07429111531190924,-0.06456542502387774,1087.145,1017.7741666666666,1.0681593575523058,29.495190331893,285841.82666666666,1143367.3066666666,3430101.92,0.03430671839901983,-0.02547263681592042,0.023384609827217042,0.019657879477689117,0.048558134175161305,1.251622174554925,-0.07429111531190924,-0.19024390243902445,0.08377578109046357,1
2026-03-30 00:00:00+05:30,SUZLON-EQ,39.56,126591848,-0.030867221950024448,-0.056972586412395665,-0.044675199227239615,41.0665,50.063833333333335,0.8202827723273287,38.60683035268126,1687891.3066666666,6751565.226666667,20254695.68,0.04322548028311428,-0.010999999999999944,0.02862879478229327,0.02610084507769224,0.7199237864378483,1.6153385460211216,-0.056972586412395665,-0.08574069794314765,0.1180485338725985,1
2026-03-30 00:00:00+05:30,TATAMOTORS-EQ,296.2,16410266,-0.02308707124010556,-0.05698822031200268,-0.05698822031200268,328.85499999999996,366.2273333333333,0.897953183905807,32.25988920522582,218803.54666666666,875214.1866666666,2625642.56,0.03106009453072245,-0.003532380151387759,0.028024506016835437,0.028653940148584855,-0.1367396896248103,1.3715996008099711,-0.05698822031200268,-0.24351934618822635,0.13014854827819056,1
2026-04-01 00:00:00+05:30,ITC-EQ,291.7,18604340,0.013903371567605127,0.004303666724048805,-0.05369018653690194,302.2125,361.4574999999999,0.8360941466147473,35.99205695063203,248057.86666666667,992231.4666666667,2976694.4,0.012170037709976041,-0.004436860068259424,0.01595165189527206,0.013670561979484953,-0.24332371670287634,0.7488468566892423,0.004303666724048805,-0.0698341836734695,0.038738429893726556,1
2026-04-01 00:00:00+05:30,RELIANCE-EQ,1369.2,14404619,0.018825805491480052,-0.027418667424349952,-0.018564977420973294,1389.35,1463.3791666666666,0.949412176725672,43.79351105257067,192061.58666666667,768246.3466666667,2304739.04,0.01570260005842828,-0.010836584308625921,0.01906681345515741,0.017639041307549733,-0.4094981930084787,0.6957183774206992,-0.027418667424349952,-0.017720066001865264,-0.02862985685071573,0
2026-04-01 00:00:00+05:30,SBIN-EQ,1017.8,17424479,0.03920767817030835,-0.013664114739800448,-0.04584231742758049,1077.95,1018.9720833333334,1.057879815974677,38.80282191478312,232326.38666666666,929305.5466666666,2787916.6399999997,0.03198074277854191,0.009722222222222177,0.026508636615084527,0.02256582699140113,-0.18722046603209974,0.9977091369313137,-0.013664114739800448,-0.15303320296246992,0.022745136569070734,1
2026-04-01 00:00:00+05:30,SUZLON-EQ,41.12,58512083,0.039433771486349745,0.029544316474712007,0.002682272616435055,40.989,49.95558333333334,0.8205088853931909,45.68630800360799,780161.1066666666,3120644.4266666663,9361933.28,0.019212062256809492,-0.006523314810340738,0.031637536042423024,0.027726735320642938,-0.5377894870450111,0.7598184498251218,0.029544316474712007,-0.03632528708694638,0.07563229571984431,1
2026-04-01 00:00:00+05:30,TATAMOTORS-EQ,302.95,8911554,0.022788656313301736,-0.007534807534807619,-0.036418575063613234,324.87,365.15675000000005,0.8896727227416718,36.45028372528338,118820.72,475282.88,1425848.6400000001,0.026241954117841193,-0.022741935483871004,0.029399371453797302,0.029668910079735055,-0.45695249546838546,0.7674202071999613,-0.007534807534807619,-0.2082843329413302,0.10001650437365917,1
2026-04-02 00:00:00+05:30,ITC-EQ,292.85,18082775,0.003942406582104985,0.005493562231759785,-0.039363621453173736,301.11,360.56625,0.8351031190523239,37.481740696266336,241103.66666666666,964414.6666666666,2893244.0,0.017927266518695577,0.00895779500430671,0.016065490288390397,0.013664642071242943,-0.028034587628478103,0.7339262718032501,0.005493562231759785,-0.07002222927913604,0.03892777872631026,1
2026-04-02 00:00:00+05:30,RELIANCE-EQ,1350.5,21280051,-0.013657610283377197,-0.04341974783963731,-0.03370062965082998,1388.975,1463.0933333333332,0.9493413498341413,40.47940290411431,283734.01333333337,1134936.0533333335,3404808.16,0.022362088115512806,-0.004789977892409728,0.019375323602269668,0.016929399164637014,0.4773074525608765,1.0339037583227382,-0.04341974783963731,-0.005522827687776122,-0.0002221399481673325,0
2026-04-02 00:00:00+05:30,SBIN-EQ,1018.4,20777629,0.0005895067793280084,-0.01202949165696543,-0.0434864281018128,1069.375,1020.2529166666666,1.0481469668264447,38.93846350658241,277035.05333333334,1108140.2133333334,3324420.64,0.04723095051060489,0.01839999999999998,0.026545785952447738,0.022642229059680878,0.1924390393537736,1.174552383776926,-0.01202949165696543,-0.14412975880326084,0.04742733699921442,1
2026-04-02 00:00:00+05:30,SUZLON-EQ,40.78,64825364,-0.008268482490272233,-0.006335282651072083,-0.011873031257572109,40.98049999999999,49.84533333333333,0.8221531938797345,44.48235932309228,864338.1866666668,3457352.746666667,10372058.24,0.029671407552721768,0.006913580246913608,0.03168649061537843,0.02625168321878939,0.10789704752093687,0.8707404667451498,-0.006335282651072083,-0.004151404151404248,0.11132908288376653,1
2026-04-02 00:00:00+05:30,TATAMOTORS-EQ,303.3,9098035,0.0011553061561313527,-0.025385604113110416,-0.04981203007518786,321.505,364.16275,0.8828607538799615,36.66904678560215,121307.13333333333,485228.5333333333,1455685.6,0.030497856907352454,0.017785234899328897,0.02873995367705321,0.029389805186724353,0.020925755485519115,0.7927183048220792,-0.025385604113110416,-0.1815974096060443,0.12957467853610294,1
2026-04-06 00:00:00+05:30,ITC-EQ,294.85,18047063,0.006829434864265016,-0.00287453500169077,-0.03025818122019397,300.255,359.69208333333336,0.8347556532728804,40.09302660747928,240627.50666666665,962510.0266666666,2887530.08,0.017296930642699753,0.006313993174061511,0.0164224731805212,0.01378018191997044,-0.0019749181195917176,0.7416859258298252,-0.00287453500169077,-0.05481647699951908,0.012887909106325202,1
2026-04-06 00:00:00+05:30,RELIANCE-EQ,1304.7,29274881,-0.033913365420214725,-0.07671077772273716,-0.07343228463887497,1386.96,1462.5708333333334,0.948302788753821,33.744020055649855,390331.74666666664,1561326.9866666666,4683980.96,0.05288572085536905,-0.03995584988962469,0.021164287117336367,0.01844983664540393,0.37569599809699694,1.4335513406929015,-0.07671077772273716,-0.029962825278810334,0.00797118111443229,1
2026-04-06 00:00:00+05:30,SBIN-EQ,1032.75,23576634,0.014090730557737574,-0.026258721478408353,-0.034632641615255144,1062.2875,1021.7070833333332,1.0397182493188484,42.2361038944274,314355.12,1257420.48,3772261.44,0.02967804405712911,0.0125,0.027050712030462262,0.023102890112868778,0.13471243518690224,1.297136667064281,-0.026258721478408353,-0.12068965517241381,0.029823287339627136,1
2026-04-06 00:00:00+05:30,SUZLON-EQ,41.59,66648727,0.019862677783227145,-0.016087059380175073,-0.011174512601046072,41.0635,49.75216666666667,0.8253610395527162,47.998214310169146,888649.6933333332,3554598.773333333,10663796.319999998,0.045443616253907027,0.01687041564792188,0.031737496323743876,0.0259118403828395,0.02812730831715804,0.8979244380617376,-0.016087059380175073,0.04157275231655411,0.10266891079586427,1
2026-04-06 00:00:00+05:30,TATAMOTORS-EQ,307.4,6425909,0.013517969007583064,-0.03318131781726685,-0.05342571208622027,319.31499999999994,363.2861666666667,0.878962727730251,39.304860910515764,85678.78666666668,342715.1466666667,1028145.4400000001,0.026837996096291478,0.013517969007583138,0.02843367455972591,0.02799971169773028,-0.29370364040147134,0.5889036139279455,-0.03318131781726685,-0.12471526195899774,0.12394274560832796,1
2026-04-07 00:00:00+05:30,ITC-EQ,298.45,26963485,0.01220959810072908,0.012724804886325103,0.0015100671140939603,299.6025,358.84666666666664,0.8349039515484795,44.58016978643039,359513.1333333333,1438052.5333333332,4314157.6,0.020941531244764618,0.014618391976882583,0.01586912269952005,0.01417936037472398,0.49406498996540327,1.0923572561305752,0.012724804886325103,-0.04189406099518467,0.012062321996984426,1
2026-04-07 00:00:00+05:30,RELIANCE-EQ,1304.6,28388922,-7.664597225420788e-05,-0.03226763593205251,-0.05791450028885037,1382.7199999999998,1461.9608333333335,0.9457982515491463,33.73082308250261,378518.96,1514075.84,4542227.5200000005,0.013260769584546953,0.0074131274131273425,0.021013128145185866,0.016596246553154982,-0.03026345350472992,1.3819403057442652,-0.03226763593205251,-0.06103353965740621,0.030277479687260467,1
2026-04-07 00:00:00+05:30,SBIN-EQ,1030.4,15021291,-0.002275478092471417,0.010691515448749467,-0.01763752502621796,1055.3325,1023.1095833333334,1.0314950785249055,41.83762690050857,200283.88,801135.52,2403406.56,0.021059782608695694,0.005268292682926918,0.02643534944778535,0.023115705956324208,-0.3628738097219476,0.8428539968146673,0.010691515448749467,-0.11893971782813162,0.03988742236024834,1
2026-04-07 00:00:00+05:30,SUZLON-EQ,41.55,39145918,-0.0009617696561674549,0.017883390494855433,0.01119493794110471,41.1285,49.65533333333334,0.8282796074271981,47.83710357311852,521945.5733333333,2087782.2933333332,6263346.88,0.02334536702767747,0.006296924194720223,0.030759180588142275,0.02588644003888603,-0.4126531779069088,0.545785874751593,0.017883390494855433,0.032298136645962705,0.18243080625752128,1
2026-04-07 00:00:00+05:30,TATAMOTORS-EQ,308.7,8543428,0.0042290175666883645,0.018139841688654457,-0.0019398642095054264,316.9925,362.42266666666666,0.8746486606797956,40.15534907294666,113912.37333333332,455649.4933333333,1366948.48,0.024295432458697766,0.007177814029363748,0.024247513614340688,0.02781208186032719,0.3295283204290631,0.7903184905364079,0.018139841688654457,-0.13078980712375055,0.1593780369290574,1
2026-04-08 00:00:00+05:30,ITC-EQ,302.45,22310207,0.013402579996649289,0.05126868265554396,0.008334722453742227,299.24,358.0104166666667,0.835841601443161,49.138674390283505,297469.42666666664,1189877.7066666665,3569633.12,0.01008431145643912,-0.004771306350773243,0.01631265682514752,0.014556952760829682,-0.17257702407533748,0.9019743493569753,0.05126868265554396,-0.02340975137229573,0.0031410150438089257,1
2026-04-08 00:00:00+05:30,RELIANCE-EQ,1347.8,21817543,0.033113598037712855,0.0029020016370264745,-0.047087104072398245,1379.8700000000001,1461.6783333333333,0.9440312335021273,43.93221319858414,290900.57333333336,1163602.2933333335,3490806.88,0.018103576198248896,-0.000889547813194993,0.02293643159241738,0.018231461154671537,-0.23147687679017892,1.055615494070877,0.0029020016370264745,-0.04057517084282458,-0.0033387742988574276,0
2026-04-08 00:00:00+05:30,SBIN-EQ,1061.45,28533742,0.030133928571428603,0.08377578109046357,0.003260869565217428,1051.2549999999999,1024.61625,1.0259987580716194,48.72150398999501,380449.8933333333,1521799.5733333332,4565398.72,0.017287672523434838,-0.011685288640595861,0.028164085567397613,0.02411279250471172,0.8995532407966798,1.56503992366064,0.08377578109046357,-0.071347331583552,0.005370012718451278,1
2026-04-08 00:00:00+05:30,SUZLON-EQ,44.23,98803804,0.06450060168471716,0.1180485338725985,0.05435041716328959,41.3405,49.57133333333333,0.8339598154847561,58.00736312412339,1317384.0533333332,5269536.213333333,15808608.639999999,0.039565905494008596,0.019124423963133602,0.036382501493619296,0.029314920308717154,1.5239874052768414,1.3440644696022677,0.1180485338725985,0.10602650662665658,0.13610671489938952,1
2026-04-08 00:00:00+05:30,TATAMOTORS-EQ,334.75,20930060,0.0843861354065436,0.13014854827819056,0.06574339382362293,316.1925,361.7870833333333,0.8739739879233758,54.05003183983346,279067.4666666667,1116269.8666666667,3348809.6,0.053920836445108325,0.042834890965732085,0.036035813166943084,0.03439388901712855,1.449843318162218,1.8184038676965804,0.13014854827819056,-0.045616535994297935,0.06437640029873037,1
2026-04-09 00:00:00+05:30,ITC-EQ,303.0,17691477,0.0018184823937841266,0.038738429893726556,0.04320881390945086,299.09000000000003,357.2083333333333,0.8372984952758662,49.75070697442127,235886.36,943545.44,2830636.32,0.01039603960396032,0.004975124378109453,0.011639173964723087,0.014340035985990615,-0.207023180018007,0.7100680625896862,0.038738429893726556,-0.009803921568627416,0.012541254125412626,1
2026-04-09 00:00:00+05:30,RELIANCE-EQ,1330.0,20725390,-0.013206707226591452,-0.02862985685071573,-0.055263531751669204,1375.17,1461.3033333333333,0.9410571841119002,41.12318885773343,276338.5333333333,1105354.1333333333,3316062.4,0.017819548872180485,-0.01188707280832095,0.02309873525819614,0.018011983183748775,-0.050058478170525444,1.0129312574173976,-0.02862985685071573,-0.0660112359550562,0.026315789473684292,1
2026-04-09 00:00:00+05:30,SBIN-EQ,1040.95,24772948,-0.01931320363653488,0.022745136569070734,0.008770229673418006,1048.3775,1025.9329166666666,1.0218772426234821,44.93970736859292,330305.9733333333,1321223.8933333333,3963671.6799999997,0.025025217349536437,-0.018064333553438228,0.0276750609872645,0.022963564469123385,-0.1318016403176282,1.3582370928250445,0.022745136569070734,-0.05238962221210741,0.03775397473461739,1
2026-04-09 00:00:00+05:30,SUZLON-EQ,44.23,80302508,0.0,0.07563229571984431,0.10741111667501246,41.571,49.487,0.8400387980681795,58.00736312412339,1070700.1066666667,4282800.426666667,12848401.280000001,0.0271309066244631,0.0,0.031309388517709896,0.02914307473826755,-0.18725287135705826,1.0860458718451786,0.07563229571984431,0.11635537607269053,0.196699073027357,1
2026-04-09 00:00:00+05:30,TATAMOTORS-EQ,333.25,11110200,-0.004480955937266606,0.10001650437365917,0.09172809172809182,316.255,361.2308333333333,0.8754928173813145,53.28288370488869,148136.0,592544.0,1777632.0,0.02625656414103526,-0.0037369207772795215,0.03420107540187755,0.032193584537504656,-0.4691749569757564,0.9916642392082442,0.10001650437365917,0.003765060240963791,0.08057014253563399,1
2026-04-10 00:00:00+05:30,ITC-EQ,304.25,17744386,0.004125412541254203,0.03892777872631026,0.04463519313304731,298.85,356.43708333333336,0.8384368910361693,51.18832203361234,236591.81333333335,946367.2533333334,2839101.7600000002,0.009202958093672817,0.004125412541254125,0.011627006775649547,0.014176435046978644,0.0029906491131295176,0.7130624697369955,0.03892777872631026,-0.015531467400097143,0.0024650780608053147,1
2026-04-10 00:00:00+05:30,RELIANCE-EQ,1350.2,19364461,0.015187969924812084,-0.0002221399481673325,-0.04363224252727005,1372.24,1461.0891666666669,0.9391897711011248,45.39052151700427,258192.81333333332,1032771.2533333333,3098313.76,0.015405125166641945,0.009872849663425614,0.023905655734857346,0.018375865401662222,-0.06566481981762462,0.943435869299368,-0.0002221399481673325,-0.041595684270300914,0.009702266330913867,1
2026-04-10 00:00:00+05:30,SBIN-EQ,1066.7,17861336,0.024737019069119626,0.04742733699921442,0.034827318587504985,1046.1025,1027.5141666666666,1.0180905859367715,50.17163988418972,238151.14666666667,952604.5866666667,2857813.7600000002,0.021843067404143577,0.016873212583412817,0.028624904962161343,0.02353920607893638,-0.27899836547511425,0.9782991976862381,0.04742733699921442,-0.04090990828987595,0.0385769194712664,1
2026-04-10 00:00:00+05:30,SUZLON-EQ,45.32,67332752,0.024643906850553954,0.11132908288376653,0.10428849902534121,41.764500000000005,49.41508333333333,0.8451771641924448,61.54403763916103,897770.0266666666,3591080.1066666665,10773240.32,0.02802294792586046,0.018884892086331012,0.031149122396662225,0.02795000203001027,-0.16151121954995473,0.912818804951678,0.11132908288376653,0.0933655006031362,0.15842894969108556,1
2026-04-10 00:00:00+05:30,TATAMOTORS-EQ,342.6,10666149,0.02805701425356344,0.12957467853610294,0.10089974293059134,316.125,360.7904166666667,0.8762012109985367,57.3467588165694,142215.32,568861.28,1706583.8399999999,0.02568593111500295,0.017825311942959,0.03458888043049822,0.0315456862820396,-0.03996786736512392,0.9654026726907338,0.12957467853610294,-0.007531865585167941,0.038237011091651896,1
2026-04-13 00:00:00+05:30,ITC-EQ,298.65,16522014,-0.018405916187345994,0.012887909106325202,0.0099763273588096,298.3325,355.5933333333333,0.8389710155795946,44.979741610407594,220293.52,881174.08,2643522.2399999998,0.011217143813828783,-0.004500000000000076,0.01294220424444003,0.014717552627705261,-0.06888781612392791,0.6617081438178939,0.012887909106325202,-0.033495145631068035,0.036832412523020164,1
2026-04-13 00:00:00+05:30,RELIANCE-EQ,1315.1,28753269,-0.02599614871870848,0.00797118111443229,-0.0693510721109617,1368.4850000000001,1460.5958333333333,0.9369361248120773,39.96949742348288,383376.92000000004,1533507.6800000002,4600523.04,0.013383012698654027,-0.004617014834998589,0.02476590904969367,0.018999890824403565,0.4848473706549332,1.3776842278157055,0.00797118111443229,-0.05402100417206168,0.02904722074366961,1
2026-04-13 00:00:00+05:30,SBIN-EQ,1063.55,17763348,-0.0029530327177276217,0.029823287339627136,0.002781444465397076,1044.725,1028.9929166666666,1.0152888159660962,49.55134659396213,236844.64,947378.56,2842135.68,0.03502421136758968,0.02068138195777347,0.027260115466583145,0.023195000777112444,-0.005486039790080666,0.9485186667905667,0.029823287339627136,-0.025249747960773505,0.04541394386723696,1
2026-04-13 00:00:00+05:30,SUZLON-EQ,45.86,132245471,0.011915269196822509,0.10266891079586427,0.08493021055121819,41.9765,49.349500000000006,0.8505962573075714,63.19770732965988,1763272.9466666665,7053091.786666666,21159275.36,0.05494984736153502,0.030561797752808977,0.030403090678567328,0.02799367430330959,0.9640586055356835,1.7137714578662147,0.10266891079586427,0.10187409899086974,0.15787178368948984,1
2026-04-13 00:00:00+05:30,TATAMOTORS-EQ,345.5,13113105,0.008464681844716715,0.12394274560832796,0.08664884415788654,316.6325,360.4125,0.8785280754690805,58.55109694931519,174841.4,699365.6,2098096.8,0.04283646888567297,0.04066265060240964,0.034352185934131016,0.03085605910608287,0.22941325871221196,1.149609895634396,0.12394274560832796,0.030266885343670724,0.030101302460202595,1
2026-04-15 00:00:00+05:30,ITC-EQ,302.05,18701403,0.01138456387075193,0.012062321996984426,0.02494061757719712,298.22999999999996,354.7341666666667,0.8407140558305396,49.02248048497413,249352.04,997408.16,2992224.48,0.011421950008276737,0.004489524442966487,0.013217415770930292,0.014588485552849664,0.13190819230633744,0.7559843012435302,0.012062321996984426,-0.006741203551463348,0.011421950008276838,1
2026-04-15 00:00:00+05:30,RELIANCE-EQ,1344.1,15313779,0.022051555014827695,0.030277479687260467,-0.0029671389362806444,1366.08,1460.1441666666665,0.935578849805356,45.73589249923159,204183.72,816734.88,2450204.64,0.009523100959749986,0.005310396409872782,0.022021153008416543,0.019773807745312125,-0.46740737548833144,0.74376945970967,0.030277479687260467,-0.034549633673322866,0.013391860724648375,1
2026-04-15 00:00:00+05:30,SBIN-EQ,1071.5,16195810,0.007474965916036025,0.03988742236024834,0.051005394801373116,1044.04,1030.5308333333332,1.0131089398101465,51.19146724770528,215944.13333333333,863776.5333333333,2591329.6,0.018478768082127815,-0.004182156133828996,0.02350371819018173,0.02324561175963392,-0.08824563927926199,0.8611793885333944,0.03988742236024834,-0.012624401032067856,0.029678021465235682,1
2026-04-15 00:00:00+05:30,SUZLON-EQ,49.13,215457241,0.07130396860008736,0.18243080625752128,0.20357667809897118,42.3115,49.31216666666667,0.8580336833709058,71.25785407247754,2872763.2133333334,11491052.853333334,34473158.56,0.05353144718094855,0.04531914893617027,0.0321383782528102,0.03155427653153461,0.6292220774804453,2.611046640099127,0.18243080625752128,0.15790714117369786,0.11072664359861584,1
2026-04-15 00:00:00+05:30,TATAMOTORS-EQ,357.9,12495093,0.035890014471779974,0.1593780369290574,0.1804089709762533,318.3,360.0883333333333,0.8839497715838245,63.32015162501283,166601.24,666404.96,1999214.88,0.03590388376641526,0.016616957818491596,0.02909932888935582,0.03064630183416954,-0.04712934122010004,1.0822065239496756,0.1593780369290574,0.10275766445848089,0.011036602402906048,1
2026-04-16 00:00:00+05:30,ITC-EQ,303.4,16512053,0.004469458698890705,0.0031410150438089257,0.054570733402850236,298.3275,353.8279166666667,0.8431429119852282,50.57535429226656,220160.70666666667,880642.8266666667,2641928.48,0.011535926170072512,0.0014853936293117301,0.009455928319803264,0.014482723174937158,-0.11706875682000972,0.6800562581652977,0.0031410150438089257,0.006468734450157498,0.006262359920896632,1
2026-04-16 00:00:00+05:30,RELIANCE-EQ,1343.3,30211012,-0.0005951938099842957,-0.0033387742988574276,-0.0004464617903119361,1364.2099999999998,1459.5316666666668,0.9346902373935017,45.60574714724479,402813.4933333333,1611253.9733333332,4833761.92,0.01771756122980716,-0.006434911242603584,0.021996944448030357,0.019711483090256544,0.9727992679011497,1.4225842259430517,-0.0033387742988574276,-0.027087709133048476,7.444353457919384e-05,1
2026-04-16 00:00:00+05:30,SBIN-EQ,1067.15,20313165,-0.00405972935137644,0.005370012718451278,0.08959567081886877,1045.0475000000001,1032.0141666666666,1.0126290256028465,50.22921393993871,270842.2,1083368.8,3250106.4000000004,0.02075621983788604,-0.01006493506493498,0.018096724865061867,0.02178750162876854,0.2542234689095513,1.067806123718236,0.005370012718451278,0.019245463228271253,0.025394743007074894,1
2026-04-16 00:00:00+05:30,SUZLON-EQ,50.25,161130833,0.02279666191736207,0.13610671489938952,0.2702224469160768,42.7535,49.28991666666666,0.8673883603644424,73.40619639628261,2148411.106666667,8593644.426666668,25780933.28,0.030248756218905534,0.004397361583050147,0.026913027499995065,0.030793758086505252,-0.25214473065678955,1.8606496130483425,0.13610671489938952,0.21347500603718927,0.0692537313432835,1
2026-04-16 00:00:00+05:30,TATAMOTORS-EQ,356.3,6871023,-0.004470522492316165,0.06437640029873037,0.20290344361917634,320.40999999999997,359.7525,0.8906400928416063,62.32370169456393,91613.64,366454.56,1099363.68,0.016559079427448716,-0.010277777777777747,0.026743353565091176,0.029462855989286055,-0.45010229215580866,0.6226120278581658,0.06437640029873037,0.13435211716014006,-0.01220881279820385,0
2026-04-17 00:00:00+05:30,ITC-EQ,306.8,35111203,0.01120632827949919,0.012541254125412626,0.05176551251285577,298.255,352.9425,0.8450526643858419,54.34720639383543,468149.37333333335,1872597.4933333334,5617792.48,0.019882659713168077,0.009708737864077631,0.009220972477193362,0.013774739985695842,1.12639839516019,1.4531355997392648,0.012541254125412626,-0.004703974047039705,-0.016949152542372836,0
2026-04-17 00:00:00+05:30,RELIANCE-EQ,1365.0,13869105,0.01615424700364776,0.026315789473684292,-0.0030674846625766694,1362.705,1458.6833333333334,0.9342020772157539,49.78021200303268,184921.4,739685.6,2219056.8,0.020805860805860873,0.018656716417910446,0.02176018588139093,0.01992939641129897,-0.5409255075599586,0.6671598933581678,0.026315789473684292,-0.021575514300050114,-0.02725274725274729,0
2026-04-17 00:00:00+05:30,SBIN-EQ,1080.25,16823879,0.01227568757906572,0.03775397473461739,0.06135783061505218,1045.725,1033.45375,1.0118740195194995,53.0889981584612,224318.38666666666,897273.5466666666,2691820.64,0.0205045128442491,0.012417994376757264,0.014758663139476968,0.02155673466806203,-0.1717746102096842,0.8809074029361565,0.03775397473461739,0.0127027280397487,0.01930108771117789,1
2026-04-17 00:00:00+05:30,SUZLON-EQ,52.93,337159969,0.05333333333333323,0.196699073027357,0.28720817120622577,43.3495,49.288583333333335,0.8795038742913758,77.70123075565182,4495466.253333333,17981865.01333333,53945595.04,0.059890421311165724,0.042134278401260106,0.028101390432605743,0.031862093652088704,1.0924609072181735,3.3921597875706926,0.196699073027357,0.2906608144355036,0.01851501983752124,1
2026-04-17 00:00:00+05:30,TATAMOTORS-EQ,360.1,7314044,0.010665169800729846,0.08057014253563399,0.18864499092259468,322.695,359.4220833333333,0.8978162860981692,63.7814833858949,97520.58666666666,390082.3466666666,1170247.0399999998,0.025965009719522418,0.022866070160488597,0.026824860685609415,0.029442665879644052,0.06447671620368611,0.6721353100774538,0.08057014253563399,0.1453562340966923,-0.02665926131630114,0
2026-04-20 00:00:00+05:30,ITC-EQ,305.0,13540471,-0.005867014341590648,0.0024650780608053147,0.04148881680040972,298.2625,352.04375,0.8472313455358886,52.081153932811574,180539.61333333334,722158.4533333334,2166475.36,0.011475409836065573,-0.006514657980456026,0.009857401500317506,0.01360736857149865,-0.6143546833185978,0.5747977454092248,0.0024650780608053147,0.0004920452681644871,-0.0037704918032785972,0
2026-04-20 00:00:00+05:30,RELIANCE-EQ,1363.3,13614733,-0.0012454212454212632,0.009702266330913867,0.009477971121806705,1360.9900000000002,1457.8341666666668,0.9335698333315233,49.459972037189694,181529.77333333332,726119.0933333333,2178357.28,0.014816988190420337,7.335680751167037e-05,0.0212485162699878,0.019919374242360524,-0.018340909525163984,0.6635304123017842,0.009702266330913867,-0.024542072123640457,0.0018337856671313268,1
2026-04-20 00:00:00+05:30,SBIN-EQ,1107.85,31179584,0.02554964128673909,0.0385769194712664,0.08783385703063629,1047.8825,1035.1204166666666,1.0123290808758563,58.49946710238055,415727.7866666666,1662911.1466666665,4988733.4399999995,0.040709482330640555,0.025502175321669866,0.01580253515529902,0.02223565343746285,0.8532934051653605,1.5718735459156488,0.0385769194712664,0.04052784822015587,0.003610597102495783,1
2026-04-20 00:00:00+05:30,SUZLON-EQ,52.5,153681261,-0.008123937275647086,0.15842894969108556,0.287395782246199,43.911,49.27458333333333,0.8911490880186709,75.59173411257773,2049083.48,8196333.92,24589001.759999998,0.0300952380952382,-0.015748031496063054,0.028081885568132826,0.032191235004093335,-0.544188886196036,1.4840285977303265,0.15842894969108556,0.2721104918827235,0.08438095238095245,1
2026-04-20 00:00:00+05:30,TATAMOTORS-EQ,355.7,7216605,-0.012218828103304769,0.038237011091651896,0.17276623804813718,324.52,359.0375,0.9038610173032063,60.84580374977347,96221.4,384885.6,1154656.7999999998,0.02052291256676978,-0.004478029666946607,0.028049139251984895,0.029687569551743873,-0.013322178537618856,0.6654328974283377,0.038237011091651896,0.11434837092731831,-0.0037953331459094075,0
2026-04-21 00:00:00+05:30,ITC-EQ,309.65,24411865,0.01524590163934425,0.036832412523020164,0.050195014414108785,298.5425,351.15791666666667,0.8501659391133382,57.06196462430376,325491.5333333333,1301966.1333333333,3905898.4,0.021152914580978562,0.015245901639344188,0.010455842638373406,0.013999214940623426,0.8028815245791672,1.0196082352548592,0.036832412523020164,0.018418023351422397,-0.016793153560471508,0
2026-04-21 00:00:00+05:30,RELIANCE-EQ,1353.3,27293629,-0.007335142668524863,0.02904722074366961,0.03724994251552083,1358.25,1457.0416666666667,0.9321970888501243,47.523278322564984,363915.05333333334,1455660.2133333334,4366980.640000001,0.014557008793320067,-0.0041942604856512475,0.01774996606079623,0.019859974051630907,1.0047127622701084,1.2750849267554685,0.02904722074366961,-0.038917690504935654,0.02630606665188817,1
2026-04-21 00:00:00+05:30,SBIN-EQ,1111.85,16963734,0.003610597102495783,0.04541394386723696,0.07659162430404254,1049.9850000000001,1036.7895833333334,1.0127271886974816,59.23330692725382,226183.12000000002,904732.4800000001,2714197.4400000004,0.007914736700094398,-0.0013921322076523998,0.015742836874121546,0.022230052380075513,-0.4559345628216207,0.8420135805806367,0.04541394386723696,0.03930641241353516,-0.018482708998515895,0
2026-04-21 00:00:00+05:30,SUZLON-EQ,53.1,114713319,0.011428571428571566,0.15787178368948984,0.2767492185621543,44.463,49.26266666666667,0.9025698974206295,76.54846478439366,1529510.92,6118043.68,18354131.04,0.020527306967984996,0.005491384207536435,0.0284090104786736,0.03215483513365504,-0.253563393132231,1.0784255258800004,0.15787178368948984,0.2624821683309557,0.0794726930320151,1
2026-04-21 00:00:00+05:30,TATAMOTORS-EQ,355.9,5922373,0.0005622715771718134,0.030101302460202595,0.15777488614183466,326.0775,358.62125,0.9092531465996507,60.933822857622836,78964.97333333334,315859.89333333337,947579.68,0.015313290250070213,0.005367231638418015,0.028492949033755394,0.02958139460938821,-0.1793408396330407,0.5501809151622716,0.030101302460202595,0.09591993841416468,-0.014329867940432561,0
2026-04-22 00:00:00+05:30,ITC-EQ,305.5,24500511,-0.013402228322299314,0.011421950008276838,0.023622047244094446,298.9175,350.23041666666666,0.8534881203207889,51.879142536980446,326673.48000000004,1306693.9200000002,3920081.7600000002,0.017839607201309293,-0.014516129032258065,0.011560880761558078,0.013557052354371263,0.003631267008890937,1.0092954127561593,0.011421950008276838,0.025167785234899265,0.035188216039279796,1
2026-04-22 00:00:00+05:30,RELIANCE-EQ,1362.1,9525953,0.006502623217320647,0.013391860724648375,0.044074812202974156,1357.115,1456.2958333333333,0.9318951334864997,49.4009380758324,127012.70666666667,508050.82666666666,1524152.48,0.012407312238455395,0.00873879878545505,0.017711986515095215,0.01962621068519835,-0.6509825424827164,0.4523948898491961,0.013391860724648375,-0.016392258809936444,0.046472358857646334,1
2026-04-22 00:00:00+05:30,SBIN-EQ,1103.3,12412659,-0.007689886225659914,0.029678021465235682,0.07074922360248426,1052.7050000000002,1038.44625,1.0137308502967777,56.91656790270275,165502.12,662008.48,1986025.44,0.01608809933834859,-0.006036036036036077,0.016203458659920202,0.021774544638574866,-0.26828261985244517,0.6176773346141977,0.029678021465235682,0.05186385737439214,-0.014864497416840261,0
2026-04-22 00:00:00+05:30,SUZLON-EQ,54.57,147736421,0.027683615819209084,0.11072664359861584,0.3133574007220217,45.137,49.26891666666666,0.9161354268326718,78.74649703046143,1969818.9466666665,7879275.786666666,23637827.36,0.0329851566794943,0.026716839134524963,0.02689482892459683,0.031213595452367265,0.28787504614002146,1.3312196763986979,0.11072664359861584,0.32806035531759536,0.04104819497892609,1
2026-04-22 00:00:00+05:30,TATAMOTORS-EQ,361.85,14994313,0.01671817926383823,0.011036602402906048,0.172173631357305,328.705,358.27583333333337,0.9174634999569697,63.558447337048094,199924.17333333334,799696.6933333334,2399090.08,0.040210031781124804,0.01800534533689699,0.0282356469279244,0.026942920573936577,1.5318082802282125,1.3622750565171309,0.011036602402906048,0.16989977368250897,-0.02528672101699614,0
2026-04-23 00:00:00+05:30,ITC-EQ,305.3,10701849,-0.000654664484451728,0.006262359920896632,0.009423045131426777,299.18500000000006,349.2691666666667,0.8566029542640228,51.63573360287293,142691.32,570765.28,1712295.8399999999,0.010153946937438658,0.004276315789473722,0.010910424206613558,0.013506858719774669,-0.5631989471566532,0.48920541949062935,0.006262359920896632,0.0178363060510085,0.03144448083851947,1
2026-04-23 00:00:00+05:30,RELIANCE-EQ,1343.4,16385079,-0.013728801115923783,7.444353457919384e-05,-0.003264579314438243,1353.565,1455.1233333333334,0.9302063742592266,45.66199620811872,218467.72,873870.88,2621612.64,0.01101682298645225,-0.001931649331352087,0.015326472903532937,0.019116683049729195,0.7200461728081169,0.7905480018070435,7.444353457919384e-05,-0.05019796380090502,0.0650588060145898,1
2026-04-23 00:00:00+05:30,SBIN-EQ,1094.25,13669001,-0.008202664733073517,0.025394743007074894,0.030901125818455943,1054.5175000000002,1039.8754166666665,1.0140806130221531,54.48730986068642,182253.34666666665,729013.3866666666,2187040.1599999997,0.018003198537811328,-0.0006849315068493151,0.014568410766761776,0.021859997410031348,0.10121457457261984,0.6871703991305227,0.025394743007074894,0.034262759924385655,-0.023577793008910164,0
2026-04-23 00:00:00+05:30,SUZLON-EQ,53.73,114711783,-0.015393073117097367,0.0692537313432835,0.21478634411033237,45.726,49.26908333333334,0.9280870863912289,74.4522479551625,1529490.44,6117961.76,18353885.28,0.028475711892797212,-0.014309301045679713,0.026695971877099142,0.03188432016019063,-0.2235375527338651,1.0141093732235709,0.0692537313432835,0.2808104886769962,0.03443141634096403,1
2026-04-23 00:00:00+05:30,TATAMOTORS-EQ,351.95,11374109,-0.027359403067569565,-0.01220881279820385,0.05138162808065716,330.59749999999997,357.7916666666667,0.9239944101548851,56.72915804135518,151654.78666666665,606619.1466666666,1819857.44,0.031822702088364796,-0.022225309070704264,0.018885004451366684,0.02801579644894947,-0.24143847070552682,1.0453918504517596,-0.01220881279820385,0.1205030245144858,-0.029549651939195898,0
2026-04-24 00:00:00+05:30,ITC-EQ,301.6,17011704,-0.012119226989846021,-0.016949152542372836,-0.0046204620462045876,299.74249999999995,348.3,0.8605871375251218,47.22164311767875,226822.72,907290.88,2721872.64,0.018401856763925577,-0.016468286319908543,0.011657769638354817,0.011591553543771125,0.5896041889583754,0.8048245158468385,-0.016949152542372836,0.03838870717851628,0.03149867374005311,1
2026-04-24 00:00:00+05:30,RELIANCE-EQ,1327.8,11744802,-0.011612326931666028,-0.02725274725274729,-0.0016541353383459079,1349.565,1453.7975000000001,0.928303288456611,42.75485184770938,156597.36000000002,626389.4400000001,1879168.32,0.01574032233770153,-0.009104477611940333,0.015184007677433687,0.019222883965444887,-0.2832013809637415,0.5767294508679482,-0.02725274725274729,-0.0568262537292229,0.10189787618617263,1
2026-04-24 00:00:00+05:30,SBIN-EQ,1101.1,13774745,0.006259995430660137,0.01930108771117789,0.0577837552235938,1057.9775,1041.2991666666667,1.0160168507449427,56.01748683359764,183663.26666666666,734653.0666666667,2203959.2,0.014485514485514528,0.008933889219773675,0.012248293106076573,0.02095580084955491,0.007736044499521144,0.6964512537779166,0.01930108771117789,0.06706076170171515,-0.02969757515212046,0
2026-04-24 00:00:00+05:30,SUZLON-EQ,53.91,103128445,0.003350083752093891,0.01851501983752124,0.21885598010400176,46.4245,49.249833333333335,0.9426326315825095,74.7697564378507,1375045.933333333,5500183.733333332,16500551.2,0.024485253199777415,0.0001855287569572915,0.02643744707330604,0.028630160928869528,-0.10097775221574234,0.8978419358521441,0.01851501983752124,0.34977466199298957,0.019476905954368462,1
2026-04-24 00:00:00+05:30,TATAMOTORS-EQ,350.5,5722477,-0.004119903395368607,-0.02665926131630114,0.05176294073518384,332.86,357.28333333333336,0.9316415543219667,55.78373258419134,76299.69333333333,305198.7733333333,915596.3200000001,0.023823109843081378,-0.008907111550968409,0.0188648103952254,0.02696475384863786,-0.49688569012306805,0.538558628174937,-0.02665926131630114,0.1482391482391483,-0.021255349500713283,0
2026-04-27 00:00:00+05:30,ITC-EQ,303.85,14382348,0.007460212201591432,-0.0037704918032785972,-0.001314708299096079,300.3725,347.31875,0.8648323765993053,50.01969192779809,191764.64,767058.56,2301175.68,0.009215073226921028,0.0006586530545036901,0.011847810018322072,0.011656334323941624,-0.1545615888919769,0.7123680457981242,-0.0037704918032785972,0.04326180257510748,0.02501234161592869,1
2026-04-27 00:00:00+05:30,RELIANCE-EQ,1365.8,24673098,0.028618767886730012,0.0018337856671313268,0.011553843874981373,1347.2649999999999,1452.6441666666665,0.9274569993913399,50.94737438373837,328974.64,1315898.56,3947695.68,0.044369600234294856,0.040213252094440176,0.01714955135634015,0.020442573877354337,1.1007674714311912,1.1938344475417313,0.0018337856671313268,-0.03258251877036411,0.07160638453653534,1
2026-04-27 00:00:00+05:30,SBIN-EQ,1111.85,11624385,0.009762964308418942,0.003610597102495783,0.042326802287428356,1062.0300000000002,1042.7333333333333,1.0185058500095903,58.38226379180577,154991.8,619967.2,1859901.6,0.010253181634213127,0.0008101174670325969,0.010444941758567841,0.020972602879492735,-0.15610887896654346,0.6170429298920295,0.003610597102495783,0.078628249902988,-0.046723928587489194,0
2026-04-27 00:00:00+05:30,SUZLON-EQ,56.93,215958603,0.05601929141161199,0.08438095238095245,0.2561782877316858,47.219,49.23933333333333,0.9589691168307182,79.39638980918373,2879448.04,11517792.16,34553376.480000004,0.056560688564904246,0.04920751935127169,0.028769951121763077,0.029939186248803748,1.0940740743254684,1.7645339565490352,0.08438095238095245,0.3871832358674465,-0.03653609696118032,0
2026-04-27 00:00:00+05:30,TATAMOTORS-EQ,354.35,9713765,0.010984308131241072,-0.0037953331459094075,0.03429655575014601,335.01750000000004,356.80833333333334,0.9389284629936708,57.794966633831045,129516.86666666667,518067.4666666667,1554202.4,0.01848454917454497,0.00954415954415961,0.01727374779973643,0.02682862884160381,0.6974755861840947,0.9091042115299524,-0.0037953331459094075,0.1386568123393317,-0.040073373782983035,0
2026-04-28 00:00:00+05:30,ITC-EQ,304.45,12907339,0.001974658548625774,-0.016793153560471508,0.019420726603047056,300.81,346.36625000000004,0.8684737615168914,50.769222804741204,172097.85333333333,688391.4133333333,2065174.24,0.01067498768270652,0.00016425755584760634,0.009942626864023977,0.011241991241754753,-0.10255689821995684,0.6610462464247874,-0.016793153560471508,0.029590801487994645,0.020528822466743257,1
2026-04-28 00:00:00+05:30,RELIANCE-EQ,1388.9,41027699,0.016913164445746087,0.02630606665188817,0.056117405520492936,1346.055,1451.8141666666668,0.9271537851779699,55.14941406072438,547035.9866666667,2188143.946666667,6564431.84,0.027503779969760275,0.02275405007363777,0.014769071001079706,0.02084913724384269,0.6628515397620518,1.884907978310802,0.02630606665188817,-0.017125468827400625,0.03527971776225791,1
2026-04-28 00:00:00+05:30,SBIN-EQ,1091.3,10727835,-0.018482708998515895,-0.018482708998515895,0.026091862159748125,1063.565,1044.04125,1.0187001710899832,52.564082165208276,143037.80000000002,572151.2000000001,1716453.6,0.01956382296343802,-0.009979134536877439,0.012566190265067527,0.020685548920378556,-0.0771266608943183,0.5778531622259098,-0.018482708998515895,0.02894587969074114,0.004306790066892718,1
2026-04-28 00:00:00+05:30,SUZLON-EQ,57.32,138320111,0.006850518180221421,0.0794726930320151,0.24989097252507642,47.971500000000006,49.22941666666667,0.97444786569006,79.90877021253377,1844268.1466666667,7377072.586666667,22131217.76,0.016922540125610588,0.002974628171478595,0.02903853717845419,0.029854836011217623,-0.35950636335612896,1.102148048568008,0.0794726930320151,0.35604447598769795,-0.052337752965806006,0
2026-04-28 00:00:00+05:30,TATAMOTORS-EQ,350.8,7247106,-0.010018343445745814,-0.014329867940432561,0.01534008683068011,336.65999999999997,356.2945833333333,0.9448922766390638,55.29728736599509,96628.08000000002,386512.32000000007,1159536.9600000002,0.018956670467502785,-0.010018343445745762,0.01766919880205493,0.026842335806606884,-0.25393439104199045,0.6801944191910722,-0.014329867940432561,0.10331813178172666,0.020952109464082103,1
2026-04-29 00:00:00+05:30,ITC-EQ,316.25,31199038,0.03875841681721148,0.035188216039279796,0.04701208409203761,301.8875,345.49875000000003,0.8737730599604194,62.63655194738323,415987.17333333334,1663948.6933333334,4991846.08,0.039209486166007834,0.03654539495247452,0.015200636998184717,0.01390795900430596,1.417154922482473,1.5617774147667984,0.035188216039279796,0.07312521208008138,-0.027984189723320285,0
2026-04-29 00:00:00+05:30,RELIANCE-EQ,1425.4,30542143,0.026279789761681993,0.046472358857646334,0.060486570939662476,1349.9199999999998,1451.3058333333333,0.9301416482971944,60.85545298472475,407228.57333333336,1628914.2933333335,4886742.88,0.029816191946120386,0.023994252873563285,0.015342660983964893,0.01873276840496859,-0.2555726071793595,1.380111386197978,0.046472358857646334,0.0573399599436244,0.007576820541602247,1
2026-04-29 00:00:00+05:30,SBIN-EQ,1086.9,10611104,-0.004031888573261089,-0.014864497416840261,0.014372375174988461,1066.935,1045.2904166666667,1.0207067653048574,51.38334229766924,141481.38666666666,565925.5466666666,1697776.64,0.019090992731622042,-0.00648994515539297,0.012602055346278724,0.018454701467879538,-0.010881133052475178,0.5871158168383149,-0.014864497416840261,0.06611083864639533,0.004692243996687662,1
2026-04-29 00:00:00+05:30,SUZLON-EQ,56.81,127240966,-0.008897418004186974,0.04104819497892609,0.1563199674333402,48.771,49.208666666666666,0.9911059027542574,77.20490924879844,1696546.2133333334,6786184.8533333335,20358554.560000002,0.029220207709910292,-0.016277056277056237,0.02498450569312994,0.028101586871443405,-0.08009786082372361,0.9926557346374136,0.04104819497892609,0.39171974522292996,-0.02041894032740721,0
2026-04-29 00:00:00+05:30,TATAMOTORS-EQ,352.7,10581537,0.0054161915621435686,-0.02528672101699614,-0.014529198100027951,339.135,355.8170833333333,0.9531161259120733,56.38372586452827,141087.16,564348.64,1693045.92,0.03586617521973342,0.004843304843304811,0.013163737020260038,0.023937789499310656,0.46010517853609434,1.0340542841958316,-0.02528672101699614,0.16325857519788922,0.01857102353274742,1
2026-04-30 00:00:00+05:30,ITC-EQ,314.9,11541956,-0.004268774703557354,0.03144448083851947,0.037903757415952644,303.2475,344.6733333333333,0.8798113189300014,60.829918788276274,153892.74666666667,615570.9866666667,1846712.96,0.0133375674817402,-0.004268774703557385,0.015464690746493882,0.012500349082416342,-0.6300541061554525,0.5972744985661075,0.03144448083851947,0.09454292665971487,-0.023658304223562965,0
2026-04-30 00:00:00+05:30,RELIANCE-EQ,1430.8,30957881,0.0037884102708010126,0.0650588060145898,0.06513809275664406,1354.265,1450.8566666666666,0.9334243906473648,61.63314631327648,412771.74666666664,1651086.9866666666,4953260.96,0.030682135868045912,0.015471965933285986,0.015195359319958137,0.018678486703149446,0.013611945959391303,1.3784542809277158,0.0650588060145898,0.06466254929682247,0.0030752026838132274,1
2026-04-30 00:00:00+05:30,SBIN-EQ,1068.45,14269539,-0.01697488269390013,-0.023577793008910164,0.001218198004029336,1071.3875,1046.28,1.0239969224299423,46.65121441168547,190260.52,761042.08,2283126.2399999998,0.013758247929243338,-0.006093023255813911,0.013836409810636545,0.01628112667119048,0.3447742101104654,0.8055131803078112,-0.023577793008910164,0.09092301409025949,-0.04600121671580337,0
2026-04-30 00:00:00+05:30,SUZLON-EQ,55.58,102354018,-0.021651117760957628,0.03443141634096403,0.10606965174129357,49.572,49.17816666666667,1.0080082963645791,70.96796476705636,1364720.24,5458880.96,16376642.88,0.026988125224901044,-0.016283185840707995,0.027273348234957074,0.027340073850557912,-0.19558911553689395,0.8061245269051411,0.03443141634096403,0.40495449949443874,-0.010975170924793054,0
2026-04-30 00:00:00+05:30,TATAMOTORS-EQ,341.55,12670807,-0.03161326906719586,-0.029549651939195898,-0.041397698568621966,341.40250000000003,355.18833333333333,0.96118725746435,48.87653243537606,168944.09333333332,675776.3733333333,2027329.1199999999,0.04245352071439028,-0.029687499999999967,0.01629642152636181,0.024584995526849597,0.19744485134815482,1.261268195969602,-0.029549651939195898,0.1531060094530723,0.04069682330551894,1
2026-05-04 00:00:00+05:30,ITC-EQ,311.1,20245091,-0.012067322959669613,0.03149867374005311,0.014015645371577623,304.21750000000003,343.85833333333335,0.884717543562029,55.93899075269781,269934.5466666667,1079738.1866666668,3239214.56,0.023786563805850133,-0.021390374331550662,0.01597468397299428,0.012827750889049574,0.7540433354623775,1.043216597912157,0.03149867374005311,0.06650668495029155,-0.01687560270009647,0
2026-05-04 00:00:00+05:30,RELIANCE-EQ,1463.1,24035700,0.022574783337992788,0.10189787618617263,0.07186813186813179,1358.96,1450.7733333333333,0.9367142121902802,65.98612604971856,320476.0,1281904.0,3845712.0,0.023238329574191786,0.020719966513185306,0.01577626868184222,0.018860386826742494,-0.22359996150899342,1.047765718300294,0.10189787618617263,0.06858019281332162,-0.0511926730913812,0
2026-05-04 00:00:00+05:30,SBIN-EQ,1068.4,11693211,-4.6796761664080755e-05,-0.02969757515212046,-0.010969682943762882,1073.9175,1047.2033333333334,1.025510009199105,46.63867899770833,155909.48,623637.92,1870913.76,0.023867465368775737,0.004512974802557523,0.01317514432459473,0.014094213091294376,-0.180547388391454,0.6709332019269751,-0.02969757515212046,0.04971507172332501,-0.08873081242980163,0
2026-05-04 00:00:00+05:30,SUZLON-EQ,54.96,103192022,-0.011155091759625702,0.019476905954368462,0.03835254109200825,50.263999999999996,49.13625,1.0229514869368337,67.9865577082856,1375893.6266666665,5503574.506666666,16510723.519999998,0.04148471615720526,-0.022064056939501815,0.023351735109405143,0.0275425962639084,0.008187309266158849,0.7986721865662166,0.019476905954368462,0.33657587548638146,-0.030203784570596914,0
2026-05-04 00:00:00+05:30,TATAMOTORS-EQ,343.05,7734863,0.004391743522178304,-0.021255349500713283,-0.04734795890030552,343.4075,354.6595833333333,0.968273567493712,49.84402489358634,103131.50666666667,412526.0266666667,1237578.08,0.023028713015595326,0.013741134751773151,0.015777426263288194,0.024322778211214348,-0.38955245707712227,0.774473750159084,-0.021255349500713283,0.13236507674533748,0.008599329543798273,1
2026-05-05 00:00:00+05:30,ITC-EQ,311.45,26795704,0.0011250401800062537,0.02501234161592869,0.021147540983606605,305.1475,343.05791666666664,0.8894926634108187,56.287607100202806,357276.05333333334,1429104.2133333334,4287312.64,0.01300369240648583,0.001125040180006319,0.01576779319146054,0.012835816399501484,0.3235655003971085,1.35044981359003,0.02501234161592869,0.06351374423766432,-0.03451597367153636,0
2026-05-05 00:00:00+05:30,RELIANCE-EQ,1463.6,23543341,0.00034174014079702,0.07160638453653534,0.07357148096530475,1364.615,1450.5025,0.9407877614826585,66.05033832747517,313911.2133333333,1255644.8533333333,3766934.56,0.015987974856518237,0.002465753424657472,0.015691007673134746,0.018445676975144414,-0.020484487657942196,1.0212647996772324,0.07160638453653534,0.08374676045908913,-0.0680513801585132,0
2026-05-05 00:00:00+05:30,SBIN-EQ,1059.9,12194631,-0.007955821789591866,-0.046723928587489194,-0.0432820327661686,1075.9924999999998,1048.0295833333334,1.0266814192188434,44.4519251161545,162595.08,650380.32,1951140.96,0.018020567978111055,-0.0006600037714499512,0.009379956538973467,0.014284149690079826,0.042881292401206084,0.7173679877440544,-0.046723928587489194,0.04075019638648869,-0.08047929049910374,0
2026-05-05 00:00:00+05:30,SUZLON-EQ,54.85,71812106,-0.002001455604075719,-0.03653609696118032,0.04476190476190478,50.9675,49.096583333333335,1.0381068607964912,67.44518599458809,957494.7466666666,3829978.9866666663,11489936.959999999,0.02625341841385593,-0.0018198362147406992,0.02307686303675509,0.027298967395222973,-0.30409246172150783,0.5543032955820993,-0.03653609696118032,0.34502206964198145,-0.06071103008204193,0
2026-05-05 00:00:00+05:30,TATAMOTORS-EQ,340.15,6084755,-0.008453578195598443,-0.040073373782983035,-0.043716615125105496,345.25,354.09541666666667,0.9750196804298277,47.95451901793182,81130.06666666667,324520.26666666666,973560.8,0.014699397324709687,-0.005118455688797895,0.015622907154958478,0.0245281053822678,-0.21333383668204597,0.6185840259080537,-0.040073373782983035,0.12149686778766888,-0.00970160223430827,0
2026-05-06 00:00:00+05:30,ITC-EQ,310.7,20287609,-0.0024080911863862964,0.020528822466743257,0.0033909252381720822,305.93999999999994,342.28,0.8938296131821899,55.27829415674418,270501.45333333337,1082005.8133333335,3246017.44,0.014000643707756753,-0.006713554987212348,0.015120501062114308,0.012863045398544591,-0.24287829870041855,1.0167145393605144,0.020528822466743257,0.0537561471934882,-0.02011586739620208,0
2026-05-06 00:00:00+05:30,RELIANCE-EQ,1437.9,14221786,-0.017559442470620246,0.03527971776225791,0.06251385502105977,1371.275,1450.1683333333335,0.945597120334306,59.801205982545376,189623.81333333335,758495.2533333334,2275485.7600000002,0.03185200639821959,-0.01715652768284341,0.017022458657227964,0.016971165333126745,-0.3959316989037367,0.6377349173136683,0.03527971776225791,0.10209243504253851,-0.05501077960915235,0
2026-05-06 00:00:00+05:30,SBIN-EQ,1096.0,14384779,0.0340598169638644,0.004306790066892718,-0.014255520079147321,1079.155,1049.1975,1.0285527748588803,54.26072550073435,191797.05333333334,767188.2133333334,2301564.64,0.03640510948905097,0.022388059701492536,0.015321041496368981,0.015785730770146205,0.17959936631128892,0.8697208155708693,0.004306790066892718,0.061244250786734344,-0.11487226277372264,0
2026-05-06 00:00:00+05:30,SUZLON-EQ,54.32,90584507,-0.0096627164995442,-0.052337752965806006,0.022975517890772013,51.604,49.071083333333334,1.0516172966767596,64.76905163703981,1207793.4266666668,4831173.706666667,14493521.12,0.036818851251840944,-0.017543859649122785,0.02334802554879573,0.027830982316883243,0.26140997730939675,0.6928037423221701,-0.052337752965806006,0.30608319307525833,-0.022459499263623006,0
2026-05-06 00:00:00+05:30,TATAMOTORS-EQ,358.15,11036464,0.05291783036895481,0.020952109464082103,0.006322000561955532,347.7875,353.69916666666666,0.9832861730425339,58.47632165565703,147152.85333333333,588611.4133333333,1765834.24,0.04271953092279775,0.03706384826987101,0.023986002285434183,0.026651669172905696,0.8137893801804674,1.096288789344966,0.020952109464082103,0.16509433962264142,-0.05947228814742411,0
2026-05-07 00:00:00+05:30,ITC-EQ,307.4,25718615,-0.010621177985194796,-0.027984189723320285,0.00621931260229136,306.3875,341.4620833333333,0.8972811768998267,50.94928494961593,342914.86666666664,1371659.4666666666,4114978.3999999994,0.015126870527000577,-0.01300369240648583,0.014860970592334894,0.012987101246631542,0.267700644270106,1.2929227371734398,-0.027984189723320285,0.02998827274250293,-0.0006506180871828082,0
2026-05-07 00:00:00+05:30,RELIANCE-EQ,1436.2,19816903,-0.0011822797134710683,0.007576820541602247,0.054401292122458145,1377.855,1449.7258333333334,0.950424534294128,59.40085778852881,264225.37333333335,1056901.4933333334,3170704.48,0.013368611613981372,-0.0018070614400888998,0.017180609357353355,0.01699039142646226,0.39341873095263846,0.9060454025382096,0.007576820541602247,0.10087383105932868,-0.051803370004177784,0
2026-05-07 00:00:00+05:30,SBIN-EQ,1092.0,16105163,-0.0036496350364964014,0.004692243996687662,-0.010242001268920498,1082.235,1050.37125,1.0303357027336764,53.140993660557896,214735.50666666665,858942.0266666666,2576826.08,0.02005494505494514,-0.012658227848101266,0.015187387008340731,0.01581329774047171,0.11959752735860585,0.9705571379705294,0.004692243996687662,0.059782608695652106,-0.10265567765567762,0
2026-05-07 00:00:00+05:30,SUZLON-EQ,55.65,98244179,0.02448453608247414,-0.02041894032740721,0.019791094007696408,52.30899999999999,49.05625,1.0663065358644412,68.18101056227353,1309922.3866666667,5239689.546666667,15719068.64,0.03809523809523805,0.01941747572815525,0.02298392154000883,0.027702018282956115,0.0845583009023827,0.734780299092066,-0.02041894032740721,0.3393501805054153,-0.0391734052111411,0
2026-05-07 00:00:00+05:30,TATAMOTORS-EQ,359.25,6975162,0.0030713388245149353,0.01857102353274742,-0.0071852977753212866,350.31499999999994,353.2725,0.9916282756229255,59.02153648380974,93002.16,372008.64,1116025.92,0.012247738343771684,-0.0026374236535257876,0.023365357028192858,0.02666153967343448,-0.3679894212494147,0.698305250017257,0.01857102353274742,0.1637512147716229,-0.057063326374391043,0
2026-05-08 00:00:00+05:30,ITC-EQ,307.45,17739844,0.00016265452179564655,-0.023658304223562965,0.007042253521126751,306.6375,340.63375,0.9001970591581133,51.01188365697979,236531.25333333333,946125.0133333333,2838375.04,0.010408196454708045,-0.004694075752670731,0.014854829272390473,0.012685497019782133,-0.31023330766450685,0.9021793060013658,-0.023658304223562965,0.016531658125309878,0.006505122784192574,1
2026-05-08 00:00:00+05:30,RELIANCE-EQ,1435.2,8663105,-0.0006962818548948979,0.0030752026838132274,0.06833407771326483,1382.225,1449.2408333333333,0.9537579732837135,59.1500052611164,115508.06666666668,462032.2666666667,1386096.8,0.017628205128205097,0.0064516129032258385,0.016019773508954074,0.01567188540580401,-0.5628426399422756,0.4083645913320262,0.0030752026838132274,0.06484641638225264,-0.0688405797101449,0
2026-05-08 00:00:00+05:30,SBIN-EQ,1019.3,48065909,-0.06657509157509167,-0.04600121671580337,-0.06849440255883033,1080.1275,1050.92125,1.0277910928149945,37.85206356040593,640878.7866666666,2563515.1466666665,7690545.4399999995,0.08250760325713728,-0.06486238532110096,0.025802693520183568,0.021017331887336475,1.984503106239906,2.7356279837128348,-0.04600121671580337,-0.03970983089170488,-0.05503777101932694,0
2026-05-08 00:00:00+05:30,SUZLON-EQ,54.97,56797248,-0.01221922731356695,-0.010975170924793054,0.02307835473664621,52.846000000000004,49.0325,1.0777749451894152,64.72939088815426,757296.64,3029186.56,9087559.68,0.024558850281972012,-0.016636851520572447,0.022734633974504242,0.025739434688969352,-0.4218767098659352,0.43157301621926974,-0.010975170924793054,0.2428216142889441,-0.020556667273057938,0
2026-05-08 00:00:00+05:30,TATAMOTORS-EQ,355.45,4615800,-0.010577592205984754,0.04069682330551894,0.009944594402613971,351.35,352.8379166666666,0.9957830023464506,56.2727224339967,61544.0,246176.0,738528.0,0.010550007033338022,-0.001544943820224751,0.02176821982549822,0.01993912595532012,-0.33825192877240695,0.5031948424654454,0.04069682330551894,0.06183719193427928,0.0030946687297792597,1
2026-05-11 00:00:00+05:30,ITC-EQ,305.85,14968661,-0.005204098227353904,-0.01687560270009647,0.014091511936339618,306.78000000000003,339.79083333333335,0.9028495471478778,48.86289616002903,199582.14666666667,798328.5866666667,2394985.76,0.009318293281020181,-0.003745928338762141,0.014338601505529442,0.012755611648822636,-0.15621236579081532,0.7665550554162877,-0.01687560270009647,0.009405940594059414,0.014059179336275873,1
2026-05-11 00:00:00+05:30,RELIANCE-EQ,1388.2,15261787,-0.03274804905239692,-0.0511926730913812,0.04548877843048649,1385.1349999999998,1448.2133333333334,0.9564440321867863,48.733225882718365,203490.49333333332,813961.9733333333,2441885.92,0.03313643567209336,-0.022394366197183067,0.019685880144358545,0.017279427793908363,0.7616994137783162,0.728800620000133,-0.0511926730913812,0.043759398496240554,-0.03767468664457563,0
2026-05-11 00:00:00+05:30,SBIN-EQ,973.6,46927396,-0.04483469047385458,-0.08873081242980163,-0.11579329761147938,1076.76,1051.0583333333334,1.0244531305747382,31.681561810997678,625698.6133333333,2502794.453333333,7508383.36,0.03687345932621197,-0.03316782522343593,0.02791008992218139,0.022832363011491753,-0.023686496805875423,2.5124340732880106,-0.08873081242980163,-0.0647005139536001,-0.03512736236647496,0
2026-05-11 00:00:00+05:30,SUZLON-EQ,53.3,70005148,-0.030380207385846902,-0.030203784570596914,-0.011315154887775902,53.2995,48.989333333333335,1.087981737521093,57.086073158564375,933401.9733333333,3733607.893333333,11200823.68,0.026454033771106878,-0.01931922723091084,0.024987055277380835,0.027287283764782903,0.23254471765955986,0.5340222521380423,-0.030203784570596914,0.2050644359032332,-0.0009380863039398779,0
2026-05-11 00:00:00+05:30,TATAMOTORS-EQ,346.0,4283236,-0.026586017724011812,0.008599329543798273,-0.012838801711840264,351.9875,352.36999999999995,0.9989144932883051,50.03224602766798,57109.81333333333,228439.25333333333,685317.76,0.0205202312138729,-0.017882486517172894,0.023470978782177233,0.020972664356297716,-0.0720490489189306,0.4849876511600739,0.008599329543798273,0.03825956489122273,0.020664739884393102,1
2026-05-12 00:00:00+05:30,ITC-EQ,300.7,15968338,-0.01683831943763292,-0.03451597367153636,-0.010366957380286479,306.6025,338.91583333333335,0.9046567608968795,42.63675951483954,212911.1733333333,851644.6933333332,2554934.0799999996,0.02045227801795802,-0.015228426395939196,0.015244880394367206,0.013295787180538319,0.06678466430631302,0.8214849870622969,-0.03451597367153636,-0.011668036154478312,0.031925507149983545,1
2026-05-12 00:00:00+05:30,RELIANCE-EQ,1364.0,24357500,-0.017432646592710044,-0.0680513801585132,-0.00131790891785033,1385.825,1446.9891666666667,0.9577300452030567,44.397704010857375,324766.6666666667,1299066.6666666667,3897200.0,0.02434017595307921,-0.020114942528735632,0.018818763880543463,0.017535127369660432,0.5959795533773338,1.1494475158040716,-0.0680513801585132,0.010220708043252813,-0.030278592375366564,0
2026-05-12 00:00:00+05:30,SBIN-EQ,974.6,25787092,0.00102711585866877,-0.08047929049910374,-0.12344291046454103,1072.155,1051.23,1.0199052538454951,31.943001905250014,343827.8933333333,1375311.5733333332,4125934.72,0.019495177508721526,-0.0023543863240863493,0.027287414312569508,0.02190853475680824,-0.4504896031307597,1.3519251820106075,-0.08047929049910374,-0.08634105184212992,-0.026472398932895658,0
2026-05-12 00:00:00+05:30,SUZLON-EQ,51.52,99265010,-0.03339587242026254,-0.06071103008204193,-0.09502898296153162,53.609500000000004,48.93883333333334,1.0954388641603634,50.27216609402858,1323533.4666666668,5294133.866666667,15882401.600000001,0.05143633540372668,-0.027924528301886735,0.01713595292896586,0.02866752571552364,0.41796729006272515,0.7481144353724287,-0.06071103008204193,0.1368049426301854,0.02697981366459623,1
2026-05-12 00:00:00+05:30,TATAMOTORS-EQ,336.85,5758949,-0.026445086705202292,-0.00970160223430827,-0.0493862000846621,351.7,351.86083333333335,0.9995429064047575,44.84638120341897,76785.98666666666,307143.94666666666,921431.84,0.028796200089060378,-0.02035771411952886,0.024308699013344582,0.02096138396792644,0.3445322648576916,0.6707153120444148,-0.00970160223430827,-0.01678342089900764,0.0722873682648062,1
2026-05-13 00:00:00+05:30,ITC-EQ,304.45,13024778,0.012470901230462239,-0.02011586739620208,0.0,306.89250000000004,338.0516666666667,0.9078272059004788,47.847760201472816,173663.70666666667,694654.8266666667,2083964.48,0.015601905074724915,0.008112582781456917,0.015818308908516595,0.012894204395040762,-0.18433728043582243,0.6761370027978792,-0.02011586739620208,0.019420726603047056,0.010182295943504727,1
2026-05-13 00:00:00+05:30,RELIANCE-EQ,1358.8,13797989,-0.0038123167155426074,-0.05501077960915235,-0.021671826625387136,1388.0099999999998,1445.655,0.9601253411083556,43.50213419865879,183973.18666666665,735892.7466666666,2207678.2399999998,0.014718869590815425,-0.001909798736594782,0.01786988216841424,0.016427215824486238,-0.4335219542235451,0.6749542353465842,-0.05501077960915235,0.033229412211999154,0.0006623491315866925,1
2026-05-13 00:00:00+05:30,SBIN-EQ,970.1,17584580,-0.004617278883644604,-0.11487226277372264,-0.11106020342710521,1067.4825,1051.24875,1.015442348920748,31.36139857967457,234461.06666666665,937844.2666666666,2813532.8,0.020616431295742706,-0.00807770961145192,0.02731580899547174,0.021906422663061455,-0.318085963318392,0.9223289692633702,-0.11487226277372264,-0.08786610878661083,-0.01979177404391308,0
2026-05-13 00:00:00+05:30,SUZLON-EQ,53.1,93140759,0.030667701863354102,-0.022459499263623006,-0.07362177250523372,53.971500000000006,48.900666666666666,1.1036966094531773,55.36504032022875,1241876.7866666666,4967507.1466666665,14902521.44,0.04576271186440677,0.03488598713701031,0.020940579653085042,0.029145818776583763,-0.06169596920405285,0.7124573520941458,-0.022459499263623006,0.15787178368948984,-0.009981167608286268,0
2026-05-13 00:00:00+05:30,TATAMOTORS-EQ,336.85,5692558,0.0,-0.05947228814742411,-0.03976624857468636,351.26750000000004,351.4079166666667,0.9996004168944211,44.84638120341898,75900.77333333333,303603.0933333333,910809.28,0.024936915541041937,0.00552238805970156,0.02427568739865743,0.020853070965559266,-0.011528318795669179,0.6929255529405888,-0.05947228814742411,-0.025036179450072304,0.07243580228588375,1
2026-05-14 00:00:00+05:30,ITC-EQ,307.2,11113377,0.009032681885366989,-0.0006506180871828082,-0.02861660079051387,307.15,337.2191666666667,0.9108319762370168,51.33881183272829,148178.36,592713.44,1778140.3199999998,0.014160156249999889,0.007213114754098323,0.00912613543410591,0.012805319052473594,-0.14675113848389587,0.5885039045271361,-0.0006506180871828082,0.017050157258731824,0.0027669270833334814,1
2026-05-14 00:00:00+05:30,RELIANCE-EQ,1361.8,17303059,0.0022078304386223824,-0.051803370004177784,-0.044619054300547356,1388.895,1444.3508333333334,0.9616050117094126,44.20143584780148,230707.4533333333,922829.8133333332,2768489.44,0.014392715523571678,-0.0024904775857017953,0.015025382136150942,0.015721478442212423,0.2540275977897939,0.8423129930359554,-0.051803370004177784,0.01316866304590425,-0.00895873109120282,0
2026-05-14 00:00:00+05:30,SBIN-EQ,979.9,16487142,0.01010205133491393,-0.10265567765567762,-0.09844511914619569,1062.9025,1051.3033333333335,1.011033130304923,34.17237737677884,219828.56,879314.24,2637942.7199999997,0.023879987753852413,0.006574216743708246,0.028091754424845426,0.02198881170187921,-0.06240911070949662,0.8641070323322435,-0.10265567765567762,-0.08548763415772287,-0.029594856618022303,0
2026-05-14 00:00:00+05:30,SUZLON-EQ,53.47,70978290,0.0069679849340866795,-0.0391734052111411,-0.05879246611512068,54.1885,48.86541666666667,1.1089335504830444,56.48885131818481,946377.2,3785508.8,11356526.4,0.026182906302599562,0.0011233851338701044,0.02141200498919348,0.025020928622901863,-0.23794597808677942,0.5746869330666998,-0.0391734052111411,0.08833706492977811,-0.011221245558256987,0
2026-05-14 00:00:00+05:30,TATAMOTORS-EQ,338.75,7975089,0.0056404928009499145,-0.057063326374391043,-0.039552027218599295,350.31,351.125,0.9976788892844428,46.18957744745116,106334.51999999999,425338.07999999996,1276014.24,0.020516605166051794,-0.0038229672107043416,0.024285238363109363,0.019050990491667516,0.400967543940703,0.998227274537944,-0.057063326374391043,-0.053506566079910556,0.06671586715867162,1
2026-05-15 00:00:00+05:30,ITC-EQ,309.45,11954564,0.00732421875,0.006505122784192574,-0.017307081613210484,307.4525,336.4158333333333,0.9139061528515058,54.04907859364995,159394.18666666668,637576.7466666667,1912730.24,0.018581354015188237,0.00732421875,0.009648887786726106,0.012862716021926119,0.07569139425396987,0.6407808817565669,0.006505122784192574,0.019940672379696878,-0.025044433672644972,0
2026-05-15 00:00:00+05:30,RELIANCE-EQ,1336.4,19976192,-0.018651784402995975,-0.0688405797101449,-0.06597707576181144,1388.55,1442.8258333333333,0.9623822695162444,39.71887128586515,266349.2266666667,1065396.9066666667,3196190.7199999997,0.02663873091888649,-0.015035377358490466,0.015330579829362527,0.01631149601540919,0.15448904150416398,0.9972850403859117,-0.0688405797101449,-0.005136603885952384,0.01354384914696194,1
2026-05-15 00:00:00+05:30,SBIN-EQ,963.2,26972493,-0.01704255536279209,-0.05503777101932694,-0.09850718330291541,1057.705,1051.22625,1.0061630405443167,31.78364280951412,359633.24,1438532.96,4315598.88,0.016092192691029898,-0.008237232289950576,0.028093643760287886,0.022174568732368442,0.6359714133595744,1.3894077230087996,-0.05503777101932694,-0.09740898655296826,-0.014534883720930258,0
2026-05-15 00:00:00+05:30,SUZLON-EQ,53.84,82878733,0.006919768094258538,-0.020556667273057938,-0.03130622526088511,54.367999999999995,48.83991666666667,1.1131878125645176,57.637492732779855,1105049.7733333332,4420199.093333333,13260597.28,0.028417533432392294,0.006919768094258548,0.020968613280894253,0.02466031225799473,0.16766314037714913,0.6929941267206073,-0.020556667273057938,0.07144278606965182,-0.0016716196136702388,0
2026-05-15 00:00:00+05:30,TATAMOTORS-EQ,356.55,51689818,0.0525461254612547,0.0030946687297792597,0.04391743522178304,350.32250000000005,351.00208333333336,0.9980638766389089,56.803287833308524,689197.5733333332,2756790.293333333,8270370.879999999,0.04192960314121438,0.012926136363636397,0.02787902690364319,0.022673932044028393,5.48140954915989,5.052673549659358,0.0030946687297792597,0.0007016559079426887,0.019071658953863535,1
2026-05-18 00:00:00+05:30,ITC-EQ,310.15,14422870,0.002262077880109903,0.014059179336275873,-0.0030536804885890056,307.62,335.6375,0.9165245242262858,54.89085001811462,192304.93333333332,769219.7333333333,2307659.1999999997,0.01870062872803486,0.0022620778801098356,0.008979360338009073,0.012645230660659753,0.20647394585030443,0.8184662309638207,0.014059179336275873,0.010919165580182355,-0.019990327261002694,0
2026-05-18 00:00:00+05:30,RELIANCE-EQ,1335.9,13022473,-0.00037413947919784363,-0.03767468664457563,-0.08693869181874092,1387.095,1441.3008333333335,0.9623910344879423,39.63366426652037,173632.97333333333,694531.8933333333,2083595.68,0.01744142525638143,0.0014242878560720323,0.011765151399036161,0.015855297019692273,-0.34810032863120255,0.6515066512150497,-0.03767468664457563,-0.0213186813186812,0.023280185642637896,1
2026-05-18 00:00:00+05:30,SBIN-EQ,939.4,16554877,-0.02470930232558144,-0.03512736236647496,-0.12074129539498324,1050.6625,1050.865,0.9998073016039167,28.70412844312375,220731.69333333336,882926.7733333334,2648780.3200000003,0.022354694485842028,-0.013235294117647083,0.028209637481187586,0.022211353284281428,-0.3862311133049511,0.8533664793542968,-0.03512736236647496,-0.13038648461004398,0.03214817968916339,1
2026-05-18 00:00:00+05:30,SUZLON-EQ,53.25,77363520,-0.010958395245170949,-0.0009380863039398779,-0.03111353711790399,54.38399999999999,48.812583333333336,1.1141389429979631,55.13790076449683,1031513.6,4126054.4,12378163.2,0.02497652582159621,-0.00430067314884063,0.020960180456089442,0.0218903059359687,-0.0665455756906902,0.7257003517463682,-0.0009380863039398779,0.006045720763272255,0.013896713615023426,1
2026-05-18 00:00:00+05:30,TATAMOTORS-EQ,353.15,10409685,-0.009535829476931768,0.020664739884393102,0.029441772336394,349.975,350.93791666666664,0.9972561623554025,54.58843403133176,138795.8,555183.2,1665549.6,0.020246354240407695,-0.004650507328072249,0.028238958989894723,0.022636687866694812,-0.7986124656116994,1.0023795390408095,0.020664739884393102,-0.01930019439044728,0.05691632450799955,1
2026-05-19 00:00:00+05:30,ITC-EQ,310.3,17519355,0.0004836369498630866,0.031925507149983545,-0.0036924064857921657,307.88500000000005,334.84458333333333,0.9194862790822111,55.08074365600883,233591.4,934365.6,2803096.8,0.019013857557202633,-0.005289309184164056,0.008970579417201432,0.012553208234562874,0.21469270679136687,0.983086264708595,0.031925507149983545,0.017377049180328008,-0.027876248791492197,0
2026-05-19 00:00:00+05:30,RELIANCE-EQ,1322.7,21665501,-0.009880979115203248,-0.030278592375366564,-0.09626947253347895,1385.065,1439.4141666666667,0.9622421621759315,37.355319020743266,288873.3466666667,1155493.3866666667,3466480.1599999997,0.019354350948816743,-0.01195189362814671,0.011299046617254933,0.015980636393009912,0.663700972925803,1.0625145255593693,-0.030278592375366564,-0.029780679234211016,0.025402585620321938,1
2026-05-19 00:00:00+05:30,SBIN-EQ,948.8,17280869,0.010006387055567334,-0.026472398932895658,-0.10482120954807073,1042.71,1050.5920833333334,0.992497484553353,31.526016221493677,230411.58666666667,921646.3466666667,2764939.04,0.01802276559865095,0.0072186836518046225,0.029083760492505117,0.02127494072847812,0.04385366318336281,0.9238854903231818,-0.026472398932895658,-0.14356636728799022,0.020763069139966284,1
2026-05-19 00:00:00+05:30,SUZLON-EQ,52.91,54643439,-0.006384976525821706,0.02697981366459623,-0.0353691886964449,54.4045,48.781,1.1152805395543346,53.69282089822332,728579.1866666666,2914316.7466666666,8742950.24,0.02475902475902467,-0.012320328542094524,0.020983782107130932,0.02185756644853582,-0.2936795145825837,0.537546428825002,0.02697981366459623,0.007809523809523711,0.03156303156303153,1
2026-05-19 00:00:00+05:30,TATAMOTORS-EQ,361.2,15119605,0.02279484638255691,0.0722873682648062,0.06188446273702786,350.25,350.94958333333335,0.9980065987635925,58.69497471536145,201594.7333333333,806378.9333333332,2419136.8,0.03571428571428581,0.023519410597903124,0.02852648792881273,0.023051861864626117,0.45245557382379964,1.402544686048612,0.0722873682648062,0.015462468372223759,0.06755260243632355,1
2026-05-20 00:00:00+05:30,ITC-EQ,307.55,12127920,-0.008862391234289446,0.010182295943504727,-0.010138397167685831,307.78,334.00874999999996,0.9214728656060658,50.85407998515529,161705.6,646822.4,1940467.2,0.011217688180783576,-0.0046925566343041705,0.009360159354744059,0.012260857599460613,-0.30774163774865004,0.7048422490833453,0.010182295943504727,-0.0067818504763441645,-0.05072345960006508,0
2026-05-20 00:00:00+05:30,RELIANCE-EQ,1359.7,13248515,0.027973085355711858,0.0006623491315866925,-0.05438486681966759,1385.385,1437.8566666666666,0.9635070255032375,46.6184710820784,176646.8666666667,706587.4666666668,2119762.4000000004,0.036993454438479206,0.031091226207628723,0.0160820454679325,0.017193482466006813,-0.38849717807125717,0.6729054003856754,0.0006623491315866925,0.0047291805216878036,-0.006766198426123471,0
2026-05-20 00:00:00+05:30,SBIN-EQ,950.9,11928460,0.0022133220910625084,-0.01979177404391308,-0.13239051094890508,1034.6625,1050.41125,0.9850070627099622,32.171909951654285,159046.13333333333,636184.5333333333,1908553.5999999999,0.02103270585760858,0.010413346084369307,0.025120958401213332,0.021238801127535182,-0.30973031506691007,0.6464311216618773,-0.01979177404391308,-0.14475873544093176,0.017772636449679302,1
2026-05-20 00:00:00+05:30,SUZLON-EQ,52.57,46459868,-0.0064260064260063254,-0.009981167608286268,-0.03221649484536082,54.378,48.75991666666666,1.1152192972711534,52.218966511373566,619464.9066666666,2477859.6266666665,7433578.88,0.013315579227696458,0.0003805899143673288,0.020901181484041118,0.0217569893094484,-0.14976310330687637,0.47291845632609264,-0.009981167608286268,-0.009981167608286268,0.09435038995624878,1
2026-05-20 00:00:00+05:30,TATAMOTORS-EQ,361.25,9875276,0.00013842746400882788,0.07243580228588375,0.008655591232723747,350.5175,350.94125,0.9987925329382054,58.71994415148795,131670.34666666668,526681.3866666667,1580044.16,0.02463667820069198,0.007249407500348593,0.023377912764890357,0.02305249645262266,-0.34685621747393536,0.8995704199889,0.07243580228588375,0.01503231244731662,0.1098961937716263,1
2026-05-21 00:00:00+05:30,ITC-EQ,308.05,21868988,0.0016257519102584883,0.0027669270833334814,0.0021145087833442933,307.90749999999997,333.2129166666667,0.9240563153439179,51.581575868547134,291586.5066666667,1166346.0266666668,3499038.08,0.017854244440837524,-0.005809262546393452,0.00873897530124705,0.011867864769173904,0.803193622649226,1.2807608392373753,0.0027669270833334814,0.008346972176759504,-0.0686576854406753,0
2026-05-21 00:00:00+05:30,RELIANCE-EQ,1349.6,17150630,-0.007428109141722539,-0.00895873109120282,-0.06029800863389512,1384.76,1436.3041666666666,0.9641133348611745,44.67643439667632,228675.06666666668,914700.2666666667,2744100.8000000003,0.019042679312388892,-0.012873025160912915,0.016018621971053675,0.01721438793497735,0.29453225512444225,0.8545508629085866,-0.00895873109120282,-0.009177006093532003,-0.021043272080616404,0
2026-05-21 00:00:00+05:30,SBIN-EQ,950.9,11756520,0.0,-0.029594856618022303,-0.1292124542124542,1027.0425,1050.2470833333332,0.9779055960244277,32.171909951654285,156753.6,627014.4,1881043.2000000002,0.015143548217478155,-0.0063740856844305355,0.025310733834356745,0.02130599917444716,-0.01441426638476384,0.6382480230421232,-0.029594856618022303,-0.13813106136137043,0.014197076453885682,1
2026-05-21 00:00:00+05:30,SUZLON-EQ,52.87,55852452,0.005706676811869871,-0.011221245558256987,-0.049955076370170715,54.293000000000006,48.745416666666664,1.1138072810264215,53.433580352150884,744699.36,2978797.44,8936392.32,0.022318895403820822,-0.0024528301886792936,0.01889784979756732,0.020804518386721906,0.20216553348795574,0.5964175490402837,-0.011221245558256987,-0.031152647975077885,0.07792699073198417,1
2026-05-21 00:00:00+05:30,TATAMOTORS-EQ,361.35,10834385,0.00027681660899658844,0.06671586715867162,0.0058455114822546506,350.4925,350.96666666666664,0.9986489695127744,58.773622074342555,144458.46666666667,577833.8666666667,1733501.5999999999,0.019371800193718,-0.007280219780219718,0.02336849224777849,0.022753522527376207,0.09712224751996801,1.005999449031991,0.06671586715867162,-0.0013817880337155808,0.09007887090078848,1
2026-05-22 00:00:00+05:30,ITC-EQ,301.7,30751752,-0.02061353676351252,-0.025044433672644972,-0.018702228004553567,307.72749999999996,332.3870833333333,0.925810644968404,42.89683731664421,410023.36000000004,1640093.4400000002,4920280.32,0.019887305270135897,-0.01372997711670477,0.010950715490889525,0.012773084959966678,0.406180843850662,1.7011071593554605,-0.025044433672644972,-0.011791680314444886,-0.07308584686774944,0
2026-05-22 00:00:00+05:30,RELIANCE-EQ,1354.5,7105813,0.0036307053941908585,0.01354384914696194,-0.05622909698996659,1385.315,1434.7608333333333,0.9655372294917911,45.854902767754474,94744.17333333332,378976.6933333333,1136930.0799999998,0.013510520487264808,0.0033333333333333335,0.016237285265248234,0.0169381677828673,-0.5856821003076855,0.36243430536383964,0.01354384914696194,0.008262617239839232,-0.025470653377630104,0
2026-05-22 00:00:00+05:30,SBIN-EQ,949.2,7807192,-0.001787779997896699,-0.014534883720930258,-0.06877268713823204,1019.79,1049.9604166666666,0.971265186584415,31.889498594838983,104095.89333333334,416383.57333333336,1249150.72,0.011483354403708361,-0.0017877799978966576,0.01718780315924172,0.021338127320289342,-0.33592661774062393,0.43069657137826256,-0.014534883720930258,-0.13255654557916374,0.005162241887905594,1
2026-05-22 00:00:00+05:30,SUZLON-EQ,53.75,60760806,0.01664459996217138,-0.0016716196136702388,-0.02219392395852282,54.294000000000004,48.741749999999996,1.1139115850374681,56.89501610012613,810144.08,3240576.32,9721728.959999999,0.017674418604651215,0.010908406996426524,0.019844804283466463,0.020901774940083145,0.0878807254514089,0.668075496345554,-0.0016716196136702388,0.00037223152801058035,0.0033488372093022356,1
2026-05-22 00:00:00+05:30,TATAMOTORS-EQ,363.35,6934910,0.005534800055347899,0.019071658953863535,0.022225348150232138,351.0625,351.0575,1.0000142426810423,59.896801442425904,92465.46666666667,369861.8666666667,1109585.6,0.010733452593917647,-0.0031550068587105,0.02304819353036344,0.02182865968020043,-0.35991659886555627,0.6574737746448438,0.019071658953863535,0.03239096462565705,0.05930920599972467,1
2026-05-25 00:00:00+05:30,ITC-EQ,303.95,15734247,0.007457739476300906,-0.019990327261002694,-0.006212195520680197,307.84499999999997,331.5675,0.9284534823226039,46.344090488077626,209789.96,839159.84,2517479.52,0.010363546635959788,0.0,0.011245528446203442,0.012585853202452936,-0.4883463225119662,0.8734639268530799,-0.019990327261002694,0.007791777188328908,-0.06810330646487905,0
2026-05-25 00:00:00+05:30,RELIANCE-EQ,1367.0,6750071,0.009228497600590524,0.023280185642637896,-0.015271574701051782,1387.275,1433.07,0.9680441290376605,48.84831369886962,90000.94666666666,360003.7866666666,1080011.3599999999,0.010314557425018222,0.00014632718759148778,0.013678226767185669,0.016791148235738674,-0.05006351841794876,0.34873167597704147,0.023280185642637896,0.029522518451574165,-0.03833211411850779,0
2026-05-25 00:00:00+05:30,SBIN-EQ,969.6,10934747,0.02149178255372952,0.03214817968916339,-0.004108463434675413,1013.2149999999999,1049.84125,0.9651125824975919,38.82883574982995,145796.62666666668,583186.5066666667,1749559.52,0.01547029702970297,0.010105219293676472,0.013310161873568935,0.022089773472091446,0.4005992167222223,0.6079961139836881,0.03214817968916339,-0.11942602851693751,-0.013356023102310322,0
2026-05-25 00:00:00+05:30,SUZLON-EQ,53.99,132667695,0.0044651162790698695,0.013896713615023426,0.012945590994371647,54.298,48.728500000000004,1.114296561560483,57.81598422761357,1768902.6,7075610.4,21226831.200000003,0.03333950731616961,-0.013881278538812748,0.017203809454564005,0.020912036785289155,1.1834419872573778,1.435394070069524,0.013896713615023426,0.0014839547393805663,0.009816632709761075,1
2026-05-25 00:00:00+05:30,TATAMOTORS-EQ,373.25,10356089,0.027246456584560264,0.05691632450799955,0.07875722543352603,352.2,351.1741666666667,1.0029211526094601,64.98248304489421,138081.18666666668,552324.7466666667,1656974.24,0.021835231078365797,0.019390959989075578,0.021767487182031763,0.02249615430519256,0.4933270943674828,0.9607213482151775,0.05691632450799955,0.06490727532097007,0.04541192230408564,1
2026-05-26 00:00:00+05:30,ITC-EQ,301.65,37560542,-0.007567034051653265,-0.027876248791492197,0.003159294978383631,307.735,330.7120833333334,0.9305223954875148,43.45611242258717,500807.2266666667,2003228.9066666667,6009686.720000001,0.010939830929885479,-0.008871365204534402,0.010076278501738901,0.012594675731412772,1.3871839561181414,1.9590812050078277,-0.027876248791492197,-0.007240414678295393,-0.08171722194596376,0
2026-05-26 00:00:00+05:30,RELIANCE-EQ,1356.3,13769747,-0.007827359180687665,0.025402585620321938,-0.0056451612903226644,1386.8,1431.3441666666665,0.9688794856582944,46.479519763287286,183596.62666666668,734386.5066666667,2203159.52,0.011870530118705234,-0.002793912212337295,0.012736304704652748,0.0156417005857421,1.0399410613606879,0.7320092626656044,0.025402585620321938,-0.0069556303997656554,-0.03177763031777625,0
2026-05-26 00:00:00+05:30,SBIN-EQ,968.5,16269800,-0.0011344884488448947,0.020763069139966284,-0.006258978042273822,1006.0474999999999,1049.805,0.9583184496168334,38.600463342395415,216930.66666666666,867722.6666666666,2603168.0,0.01724315952503865,-0.0014434477781214324,0.0133031944295147,0.021810475106736223,0.48789907987811687,0.8931026456888238,0.020763069139966284,-0.12892926204074284,0.002013422818792021,1
2026-05-26 00:00:00+05:30,SUZLON-EQ,54.58,173729945,0.010927949620300081,0.03156303156303153,0.059394409937888026,54.18050000000001,48.72558333333334,1.1119517980800642,60.07435137258745,2316399.2666666666,9265597.066666666,27796791.2,0.038658849395382916,0.01752423564504097,0.012226915062707124,0.016565297855940304,0.3095120481289737,1.9236098958598375,0.03156303156303153,-0.04127876339364134,-0.0032979113228288615,0
2026-05-26 00:00:00+05:30,TATAMOTORS-EQ,385.6,21346890,0.033087742799732034,0.06755260243632355,0.14472317055069017,353.7625,351.4058333333333,1.0067063959761624,70.07989480854252,284625.2,1138500.8,3415502.4,0.04019709543568464,0.031705685618729156,0.01936317667509118,0.023413302567923608,1.0612887741694763,1.8789375638161676,0.06755260243632355,0.0881896430083251,0.032546680497925085,1
2026-05-27 00:00:00+05:30,ITC-EQ,291.95,25446093,-0.032156472733300134,-0.05072345960006508,-0.041057644933486626,307.11,329.77625,0.9312677914191819,33.86998645623534,339281.24000000005,1357124.9600000002,4071374.8800000004,0.018153793457783906,-0.01251479790292572,0.013438727962395283,0.014447874075469429,-0.3225312616628375,1.2851908019281992,-0.05072345960006508,-0.041057644933486626,-0.03990409316663801,0
2026-05-27 00:00:00+05:30,RELIANCE-EQ,1350.5,13215138,-0.004276340042763338,-0.006766198426123471,-0.006108330880188362,1384.8799999999999,1429.5358333333331,0.9687620049165143,45.200005608970706,176201.84000000003,704807.3600000001,2114422.08,0.009181784524250345,-0.0018477457501847746,0.012750577156334467,0.015128416661564578,-0.040277355858462704,0.7586072304978942,-0.006766198426123471,-0.027647778817769475,-0.03465383191410587,0
2026-05-27 00:00:00+05:30,SBIN-EQ,967.8,8111259,-0.0007227671657202839,0.017772636449679302,-0.0023708895990104395,999.8725000000001,1049.7116666666668,0.9525210891244738,38.44550147912163,108150.12000000001,432600.48000000004,1297801.4400000002,0.009609423434593877,-0.0020622808826562177,0.01322761406106516,0.02166428756241101,-0.5014530602711773,0.4484743640602562,0.017772636449679302,-0.11316778154494644,0.011830956809258053,1
2026-05-27 00:00:00+05:30,SUZLON-EQ,57.53,227745007,0.05404910223525117,0.09435038995624878,0.08342749529190208,54.190999999999995,48.75491666666667,1.1114981565961723,69.00835209755587,3036600.0933333337,12146400.373333335,36439201.120000005,0.0639666261081175,0.04886052871467638,0.018251030291288224,0.02072779285986693,0.31091394175022624,2.402733752086767,0.09435038995624878,0.0036636427076064404,-0.0332000695289415,0
2026-05-27 00:00:00+05:30,TATAMOTORS-EQ,400.95,16294686,0.039808091286307024,0.1098961937716263,0.19029241502152283,356.27,351.77375000000006,1.0127816529800757,74.9590184445018,217262.47999999998,869049.9199999999,2607149.76,0.050629754333458066,0.0392690513219284,0.020286986799307093,0.02441747536910995,-0.23667166505284842,1.3793242564063124,0.1098961937716263,0.14295895096921307,-0.0031175957101883256,0
2026-05-29 00:00:00+05:30,ITC-EQ,286.9,31930439,-0.017297482445624235,-0.0686576854406753,-0.06608072916666674,305.6425,328.79833333333335,0.9295743591563217,30.14204334021524,425739.18666666665,1702956.7466666666,5108870.24,0.022655977692575813,-0.01746575342465761,0.013155915238798567,0.011197436394088076,0.2548267822490471,1.6097186529013938,-0.0686576854406753,-0.09280632411067202,-0.021610317183687666,0
2026-05-29 00:00:00+05:30,RELIANCE-EQ,1321.2,42634247,-0.02169566827101066,-0.021043272080616404,-0.029813482155970017,1379.67,1427.495,0.9664972556821566,39.31241626890697,568456.6266666666,2273826.5066666664,6821479.52,0.03935815924916742,-0.03137829912023457,0.014321994319840728,0.014307729314097238,2.2261673695726825,2.3653013642723364,-0.021043272080616404,-0.0731022870773117,-0.022858007871631836,0
2026-05-29 00:00:00+05:30,SBIN-EQ,964.4,22292535,-0.0035131225459805737,0.014197076453885682,-0.015817940606184355,993.7475000000001,1049.6391666666666,0.9467515423951248,37.654789895584905,297233.8,1188935.2,3566805.6,0.013894649523019588,-0.003513122545980551,0.012746109379246947,0.021666774808882325,1.7483446157988545,1.1940035252681145,0.014197076453885682,-0.11270586070475674,0.013790958108668594,1
2026-05-29 00:00:00+05:30,SUZLON-EQ,56.99,221481859,-0.009386407091952043,0.07792699073198417,0.06583130727510755,54.2,48.78216666666666,1.1110617609577271,66.09290431926615,2953091.4533333336,11812365.813333334,35437097.440000005,0.0494823653272504,-0.01741379310344824,0.019086440133597466,0.020739603284442465,-0.027500703890294242,2.225996866220115,0.07792699073198417,0.0031684562577010134,-0.029478855939638504,0
2026-05-29 00:00:00+05:30,TATAMOTORS-EQ,393.9,31210075,-0.01758323980546206,0.09007887090078848,0.1628044280442804,358.33000000000004,352.0245833333333,1.0179118645833212,69.36427734907679,416134.3333333334,1664537.3333333335,4993612.0,0.04391977659304395,-0.017583239805462055,0.022978483550094082,0.025029082496569384,0.9153529561723375,2.4297535302400552,0.09007887090078848,0.11681315565636519,0.00990099009900991,1
2026-06-01 00:00:00+05:30,ITC-EQ,279.65,23477875,-0.02527012896479608,-0.07308584686774944,-0.09629988689610602,303.88,327.7875,0.9270640277618883,25.75866534974466,313038.3333333333,1252153.3333333333,3756460.0,0.03665295905596282,-0.028318276580959117,0.013322477241347825,0.012094026792959407,-0.2647180641644169,1.1490269061122023,-0.07308584686774944,-0.11194029850746268,-0.0007151796888967832,0
2026-06-01 00:00:00+05:30,RELIANCE-EQ,1320.0,10700603,-0.0009082652134423386,-0.025470653377630104,-0.012271774917689382,1374.1299999999999,1425.6091666666666,0.9638897056287633,39.087852781272034,142674.70666666667,570698.8266666667,1712096.48,0.012878787878787878,-0.009380863039399626,0.013214103460705891,0.014216762122891908,-0.7490139089356966,0.6290030481415918,-0.025470653377630104,-0.07743919485602457,-0.04295454545454547,0
2026-06-01 00:00:00+05:30,SBIN-EQ,954.1,11118975,-0.010680215678141813,0.005162241887905594,-0.009447674418604723,988.0300000000001,1049.5291666666667,0.9414030894806005,35.28706572160351,148253.0,593012.0,1779036.0,0.021119379519966435,-0.012574385510996095,0.012023494363795833,0.021540231280856782,-0.5012242887585463,0.6006074743145738,0.005162241887905594,-0.10702419392578033,0.029189812388638492,1
2026-06-01 00:00:00+05:30,SUZLON-EQ,53.93,153165238,-0.053693630461484454,0.0033488372093022356,0.0016716196136701278,54.11750000000001,48.78641666666667,1.1092739269981229,52.54561416448622,2042203.1733333333,8168812.693333333,24506438.080000002,0.06304468755794546,-0.05069530012321779,0.026958993190960377,0.023573512792594765,-0.30845244530839877,1.5010550016848045,0.0033488372093022356,-0.029686937747391173,0.009271277582050708,1
2026-06-01 00:00:00+05:30,TATAMOTORS-EQ,384.9,8626860,-0.022848438690022843,0.05930920599972467,0.07951198990323927,360.4975,352.2175,1.0235082016083812,62.90910711693708,115024.79999999999,460099.19999999995,1380297.5999999999,0.038971161340607956,-0.025569620253164616,0.02178559439733714,0.02440794208614087,-0.7235873351794253,0.68235587287117,0.05930920599972467,0.12692138779095297,0.010652117433099573,1
2026-06-02 00:00:00+05:30,ITC-EQ,283.25,20206131,0.012873234400143208,-0.06810330646487905,-0.08673222634209243,302.4875,326.81041666666664,0.9255748427031473,31.115484887331732,269415.08,1077660.32,3232980.96,0.02294792586054722,0.013416815742397137,0.01475289167280398,0.012690134256671124,-0.13935434957380088,0.9889992969516528,-0.06810330646487905,-0.08952105432336877,-0.011473962930273585,0
2026-06-02 00:00:00+05:30,RELIANCE-EQ,1314.6,23302785,-0.004090909090909145,-0.03833211411850779,-0.015944307208623498,1366.705,1423.7408333333333,0.9599394552730512,38.03494721453974,310703.8,1242815.2,3728445.6,0.020918910695268526,0.005276439550355482,0.013241914857062718,0.012778272778563048,1.177707648811941,1.3727417874823473,-0.03833211411850779,-0.10149682181669062,-0.03453521983873409,0
2026-06-02 00:00:00+05:30,SBIN-EQ,956.65,15911760,0.002672675820144521,-0.013356023102310322,0.018362784756227324,982.4424999999999,1049.5758333333333,0.9360376533059782,36.35407723612429,212156.8,848627.2,2545881.6,0.02236972769560443,0.005994005994005922,0.008635112392733955,0.021584462747759384,0.4310455774925297,0.849814268159364,-0.013356023102310322,-0.10459565705728202,0.04813672712068162,1
2026-06-02 00:00:00+05:30,SUZLON-EQ,54.52,103408726,0.010940107546820066,0.009816632709761075,0.023849765258215916,54.0955,48.802499999999995,1.108457558526715,54.482873240880124,1378783.0133333334,5515132.053333334,16545396.16,0.040535583272193705,0.03159886471144752,0.026814336012043027,0.023602189002643714,-0.3248551214995664,1.013321994622561,0.009816632709761075,-0.008005822416302766,0.013022743947175286,1
2026-06-02 00:00:00+05:30,TATAMOTORS-EQ,390.2,12789321,0.013769810340348076,0.04541192230408564,0.1049129265184765,362.85499999999996,352.4954166666667,1.02938927101889,64.97616921224949,170524.28,682097.12,2046291.3599999999,0.037416709379805145,0.0279241306638566,0.02094440991930951,0.024459960432353166,0.4825001217128828,0.9917676856814174,0.04541192230408564,0.13744352135257243,-0.006150691952844678,0
2026-06-03 00:00:00+05:30,ITC-EQ,277.0,28001438,-0.02206531332744921,-0.08171722194596376,-0.10731550112794075,300.765,325.76000000000005,0.9232717337917483,27.416853456432918,373352.50666666665,1493410.0266666666,4480230.08,0.02581227436823117,-0.01894811404285469,0.014876470449537653,0.013189058214386325,0.3857891943786764,1.3665122850612184,-0.08171722194596376,-0.11061165516134208,0.024007220216606395,1
2026-06-03 00:00:00+05:30,RELIANCE-EQ,1313.2,20012293,-0.0010649627263045192,-0.03177763031777625,-0.007182278672412501,1359.185,1421.8875,0.955901926136913,37.751027633604835,266830.57333333336,1067322.2933333335,3201966.88,0.017514468473956747,-0.0013688212927756309,0.012913371610404388,0.012749660852723735,-0.14120595456723306,1.1912925232544118,-0.03177763031777625,-0.1027603170265099,-0.04142552543405431,0
2026-06-03 00:00:00+05:30,SBIN-EQ,970.45,27947005,0.014425338420529954,0.002013422818792021,0.02281829679595293,977.97,1049.7620833333333,0.9316110912432937,41.93394520234371,372626.73333333334,1490506.9333333333,4471520.8,0.037920552321088104,0.01750982961992141,0.009193631828475107,0.022014465505871755,0.7563742163029106,1.4323403444032452,0.002013422818792021,-0.08439475422209641,0.033798753155752426,1
2026-06-03 00:00:00+05:30,SUZLON-EQ,54.4,90350201,-0.0022010271460015662,-0.0032979113228288615,0.02816102816102828,54.07299999999999,48.83208333333334,1.1073252728312155,54.00001555356438,1204669.3466666667,4818677.386666667,14456032.16,0.03290441176470587,-0.0022010271460015506,0.02668945283761275,0.023603061022832567,-0.12628068737642117,0.8773897376403191,-0.0032979113228288615,-0.008204193254330083,-0.00588235294117645,0
2026-06-03 00:00:00+05:30,TATAMOTORS-EQ,398.15,8638483,0.020374167093798023,0.032546680497925085,0.10229789590254712,365.755,352.8429166666666,1.036594424100432,67.86877628274833,115179.77333333335,460719.0933333334,1382157.28,0.03754866256436014,0.015559239892870719,0.020796424360821512,0.024366703699527398,-0.32455499396723253,0.6633166085357094,0.032546680497925085,0.17051300896663246,-0.0430742182594499,0
2026-06-04 00:00:00+05:30,ITC-EQ,280.3,22017634,0.011913357400721969,-0.03990409316663801,-0.08860347910908795,299.245,324.72124999999994,0.9215442475661819,32.012158461623,293568.45333333337,1174273.8133333335,3522821.44,0.01997859436318218,0.011913357400722063,0.016589378460410635,0.013757193175308982,-0.21369631088231966,1.0699768601873088,-0.03990409316663801,-0.09784357901512708,0.007491972886193299,1
2026-06-04 00:00:00+05:30,RELIANCE-EQ,1303.7,23474327,-0.007234236978373443,-0.03465383191410587,-0.041185555637272886,1352.475,1419.9133333333334,0.9525053172259339,35.79824238949031,312991.0266666667,1251964.1066666667,3755892.32,0.013883562169210812,0.002075326671790965,0.008173116590306024,0.012433504433069339,0.17299536839681484,1.3599291423871804,-0.03465383191410587,-0.09333055149871339,-0.031218838689882622,0
2026-06-04 00:00:00+05:30,SBIN-EQ,979.25,18875883,0.00906795816373851,0.011830956809258053,0.029813860553160154,972.1325,1049.8266666666666,0.9259933385828772,45.23135984561724,251678.44,1006713.76,3020141.2800000003,0.025223385243808967,0.00964016908959689,0.009439004589863766,0.020379195943823796,-0.32458297409686654,0.95641971030594,0.011830956809258053,-0.10652372262773724,0.021904518764360503,1
2026-06-04 00:00:00+05:30,SUZLON-EQ,55.62,119119491,0.022426470588235325,-0.0332000695289415,0.058017880920677056,54.138,48.86441666666667,1.10792277270611,58.068757504291064,1588259.8800000001,6353039.5200000005,19059118.560000002,0.03541891405969074,0.02525345622119811,0.02710127169736798,0.02400931390479404,0.31841976754429124,1.140959810699936,-0.0332000695289415,0.023932253313696528,-0.04189140596907581,0
2026-06-04 00:00:00+05:30,TATAMOTORS-EQ,399.7,12067304,0.0038930051488133,-0.0031175957101883256,0.1064359861591695,367.83250000000004,353.2270833333333,1.041348518717303,68.41646747056448,160897.38666666666,643589.5466666666,1930768.64,0.02551913935451586,0.0088339222614841,0.020632237954744618,0.021978305844698072,0.396923973804197,0.9229500980750313,-0.0031175957101883256,0.116012843780539,-0.05954465849387047,0
2026-06-05 00:00:00+05:30,ITC-EQ,280.7,16065822,0.0014270424545128613,-0.021610317183687666,-0.08878428826489215,297.90999999999997,323.7079166666667,0.9203049559852695,32.56942905024626,214210.96000000002,856843.8400000001,2570531.52,0.01264695404346261,0.0024999999999999593,0.016575203199544863,0.013763930933823929,-0.2703202351351648,0.7994921770072799,-0.021610317183687666,-0.0868575146389069,0.015675097969362506,1
2026-06-05 00:00:00+05:30,RELIANCE-EQ,1291.0,17785223,-0.009741504947457291,-0.022858007871631836,-0.04342027267338466,1345.215,1417.8133333333333,0.948795563120674,33.317068047589146,237136.30666666667,948545.2266666667,2845635.68,0.013942680092951201,-0.010348792640858567,0.008307327132721828,0.012449244384704827,-0.24235429624883387,1.0364439726247257,-0.022858007871631836,-0.10110012533073387,0.0015491866769945517,1
2026-06-05 00:00:00+05:30,SBIN-EQ,977.7,20955539,-0.001582844013275464,0.013790958108668594,0.028183825849195543,966.4175000000001,1050.0041666666666,0.9203939666906086,44.74933267904711,279407.18666666665,1117628.7466666666,3352886.24,0.022501789915106884,-0.0023469387755101576,0.009507587673117348,0.02039384328904892,0.11017529617025068,1.048904435733798,0.013790958108668594,-0.10467032967032963,0.04034980055231663,1
2026-06-05 00:00:00+05:30,SUZLON-EQ,55.31,72836939,-0.005573534699748195,-0.029478855939638504,0.046150936258748,54.121,48.89383333333333,1.1069085058442953,56.69647024799303,971159.1866666666,3884636.7466666666,11653910.24,0.01844151148074482,-0.008781362007168367,0.027347909981516722,0.023425722955101886,-0.3885388664060023,0.7062460988844249,-0.029478855939638504,-0.006109613656783419,-0.004158380039775866,0
2026-06-05 00:00:00+05:30,TATAMOTORS-EQ,397.8,9554051,-0.00475356517388037,0.00990099009900991,0.10087173100871727,369.76000000000005,353.63958333333335,1.0455843107683789,66.91086025634795,127387.34666666668,509549.3866666667,1528648.1600000001,0.023755656108597256,-0.007980049875311692,0.020963939784644194,0.022097454558152,-0.20826963504027085,0.7235914665588581,0.00990099009900991,0.1073068893528184,-0.019607843137254943,0
2026-06-08 00:00:00+05:30,ITC-EQ,279.45,15779677,-0.004453152832205154,-0.0007151796888967832,-0.07374875704342065,296.51,322.6945833333333,0.9188564522439304,31.69512587609516,210395.69333333333,841582.7733333333,2524748.32,0.02325997495079621,0.0016129032258064108,0.01611251132022632,0.013721288519792771,-0.017810791131633308,0.7891012268347386,-0.0007151796888967832,-0.0910717189786957,0.03023796743603513,1
2026-06-08 00:00:00+05:30,RELIANCE-EQ,1263.3,16494759,-0.021456235476374985,-0.04295454545454547,-0.06733111849390927,1336.62,1415.5958333333333,0.9442101824025807,28.652431676924863,219930.12,879720.48,2639161.44,0.01852291617193055,-0.010728269381362603,0.009337456028814929,0.012907389794971207,-0.07255821307385346,0.9397955925261622,-0.04295454545454547,-0.1197742474916389,0.034591941739887666,1
2026-06-08 00:00:00+05:30,SBIN-EQ,981.95,12895416,0.004346936688145675,0.029189812388638492,0.0345027391487569,964.55,1050.1925,0.9184506649971313,46.43493613479076,171938.88,687755.52,2063266.5599999998,0.023931972096338915,0.016511387163561125,0.009373956863775628,0.014492412263480952,-0.38462971532252166,0.7077624741238696,0.029189812388638492,-0.03664279407436466,0.039615051682875935,1
2026-06-08 00:00:00+05:30,SUZLON-EQ,54.43,76527450,-0.015910323630446643,0.009271277582050708,0.012651162790697779,54.09400000000001,48.909499999999994,1.1060019014710847,52.87641075944075,1020366.0,4081464.0,12244392.0,0.038030497887194564,0.004243542435424297,0.027724262752032935,0.02354093801725279,0.05066812321698477,0.7349996526283388,0.009271277582050708,-0.009823540112788742,0.020944332169759328,1
2026-06-08 00:00:00+05:30,TATAMOTORS-EQ,389.0,7585986,-0.022121669180492742,0.010652117433099573,0.07059309205999709,371.4375,354.00874999999996,1.0492325401561404,60.29280644061754,101146.48,404585.92,1213757.76,0.015167095115681175,-0.007653061224489796,0.02329191337357893,0.02267823067951785,-0.20599272497080034,0.5681466076791694,0.010652117433099573,0.0943873962582642,0.01902313624678653,1
2026-06-09 00:00:00+05:30,ITC-EQ,280.0,12302522,0.0019681517266059156,-0.011473962930273585,-0.07879585458134564,295.2175,321.6683333333333,0.9177698561147352,32.55305527657649,164033.62666666668,656134.5066666667,1968403.52,0.016250000000000042,-0.006034788782392576,0.015632103061192903,0.013800172083861273,-0.22035653834992952,0.6193463851060189,-0.011473962930273585,-0.08451855484714732,0.04160714285714273,1
2026-06-09 00:00:00+05:30,RELIANCE-EQ,1269.2,23620214,0.004670307923692052,-0.03453521983873409,-0.07154352596927571,1330.67,1413.365,0.9414906977320084,30.872462631292294,314936.18666666665,1259744.7466666666,3779234.2399999998,0.013157894736842141,0.0001576044129235977,0.008539435198867294,0.011504452925948769,0.43198297107584294,1.3144720764988884,-0.03453521983873409,-0.08572251836911104,0.04695871415064601,1
2026-06-09 00:00:00+05:30,SBIN-EQ,1002.7,22142480,0.0211314221701715,0.04813672712068162,0.03413778877887785,966.0049999999999,1050.5504166666667,0.9195227422450373,53.83954056029332,295233.06666666665,1180932.2666666666,3542796.8000000003,0.025929989029620026,0.017969543147208167,0.009297216505982935,0.011337069158877312,0.7170814807370309,1.3039768275702992,0.04813672712068162,0.02988907148726372,0.01256607160666201,1
2026-06-09 00:00:00+05:30,SUZLON-EQ,55.23,64855680,0.014697776961234643,0.013022743947175286,0.022967216151138947,54.1905,48.94025,1.1072787736065917,55.79250785840649,864742.4,3458969.6,10376908.8,0.016657613615788554,0.011538461538461454,0.02802874547514629,0.022643133968107625,-0.15251743002020846,0.6244435657662026,0.013022743947175286,0.03621013133208262,0.04870541372442516,1
2026-06-09 00:00:00+05:30,TATAMOTORS-EQ,387.8,8550946,-0.0030848329048842604,-0.006150691952844678,0.038981915606162154,373.5275,354.37874999999997,1.0540347015728229,59.42959006075519,114012.61333333334,456050.45333333337,1368151.36,0.022305312016503293,-0.015611118162203268,0.02233009219986241,0.02154921817828248,0.12720297664667446,0.6303428221917133,-0.006150691952844678,0.12080924855491326,0.014956162970603426,1
2026-06-10 00:00:00+05:30,ITC-EQ,283.65,19823743,0.013035714285714262,0.024007220216606395,-0.059671805072103457,294.36499999999995,320.6745833333334,0.9179555078551852,38.10881566850039,264316.5733333333,1057266.2933333332,3171798.88,0.025383395029085303,0.013035714285714204,0.017002343568891326,0.013988710494978952,0.6113560292759486,0.9883955084290714,0.024007220216606395,-0.05670103092783507,0.025030847875903595,1
2026-06-10 00:00:00+05:30,RELIANCE-EQ,1258.8,21012796,-0.008194138039710142,-0.04142552543405431,-0.07188675071886752,1325.41,1410.9799999999998,0.9393542077137877,29.15061923356474,280170.61333333334,1120682.4533333334,3362047.3600000003,0.03662217985382897,-0.012705882352941213,0.0085424407387454,0.01113346513738008,-0.11038926234961288,1.180353658746378,-0.04142552543405431,-0.07712609970674489,0.0587067047982206,1
2026-06-10 00:00:00+05:30,SBIN-EQ,1003.25,19122317,0.0005485189987035621,0.033798753155752426,0.03588022715539485,967.4375,1050.88375,0.9205942141554668,54.02097064604098,254964.22666666665,1019856.9066666666,3059570.7199999997,0.012858210814851709,0.0005485189987034551,0.009220909530307252,0.011338701991375686,-0.1363967812096929,1.1486604999181123,0.033798753155752426,0.029396675559203667,0.02317468228258157,1
2026-06-10 00:00:00+05:30,SUZLON-EQ,54.08,55567213,-0.020822017019735628,-0.00588235294117645,-0.009160864785635714,54.31849999999999,48.95725,1.1095088061523062,50.91495976054639,740896.1733333333,2963584.6933333334,8890754.08,0.03032544378698226,-0.02064469395146687,0.028772442304488968,0.021765476003057217,-0.143217479178385,0.5465090018385246,-0.00588235294117645,0.04968944099378869,0.0959689349112427,1
2026-06-10 00:00:00+05:30,TATAMOTORS-EQ,381.0,7251442,-0.01753481175863847,-0.0430742182594499,-0.011929460580912932,375.735,354.665,1.0594081739105916,54.654389965763336,96685.89333333334,386743.57333333336,1160230.72,0.02309711286089242,-0.01804123711340206,0.020695040389640575,0.02092765195510905,-0.15197195725478796,0.5316239043728548,-0.0430742182594499,0.13106724061154806,-0.0526246719160105,0
2026-06-11 00:00:00+05:30,ITC-EQ,282.4,12603100,-0.004406839414771713,0.007491972886193299,-0.03271108066449735,293.2625,319.69375,0.9173232194873999,36.985216967108194,168041.33333333334,672165.3333333334,2016496.0000000002,0.007259206798866896,-0.002120141342756264,0.014310947974049965,0.013518878272307721,-0.3642421615332685,0.6290414566599878,0.007491972886193299,-0.07242568566267038,0.030984419263456076,1
2026-06-11 00:00:00+05:30,RELIANCE-EQ,1263.0,13117486,0.003336510962821837,-0.031218838689882622,-0.06479081821547572,1320.6200000000001,1408.5341666666666,0.9375846402968572,30.828458917465113,174899.81333333332,699599.2533333333,2098797.76,0.018052256532066473,0.00397456279809221,0.009167983285605592,0.011252118733183398,-0.3757381930515101,0.7382607439663644,-0.031218838689882622,-0.07050338534000589,0.051543942992874126,1
2026-06-11 00:00:00+05:30,SBIN-EQ,1000.7,13773978,-0.002541739347121763,0.021904518764360503,0.03399462698904743,968.9675,1051.1966666666667,0.9217756588522921,52.98123382256205,183653.04,734612.16,2203836.48,0.016388528030378713,0.0026049494038673706,0.009332255748445747,0.011289052492066683,-0.2796909495852412,0.8369696488975683,0.021904518764360503,0.03154313988248636,0.04197062056560408,1
2026-06-11 00:00:00+05:30,SUZLON-EQ,53.29,41907259,-0.01460798816568043,-0.04189140596907581,-0.07370067790717894,54.327999999999996,48.959500000000006,1.1096518551047292,47.822046308871386,558763.4533333334,2235053.8133333335,6705161.4399999995,0.01970350910114463,-0.009295408068414203,0.0215927727248237,0.021040803572068698,-0.24582758901368695,0.42281453862278556,-0.04189140596907581,0.0035781544256119346,0.09664102082942394,1
2026-06-11 00:00:00+05:30,TATAMOTORS-EQ,375.9,6508792,-0.013385826771653564,-0.05954465849387047,-0.062476618032173636,377.6875,354.90208333333334,1.0642019805932388,51.32356650569022,86783.89333333333,347135.5733333333,1041406.72,0.016094706038839997,0.0023999999999999395,0.01512483051237349,0.02135225241605022,-0.10241411294470815,0.4757546453354145,-0.05954465849387047,0.1159269704616297,-0.02992817238627299,0
2026-06-12 00:00:00+05:30,ITC-EQ,285.1,12893433,0.009560906515580836,0.015675097969362506,-0.006273963053328502,292.15749999999997,318.71708333333333,0.9166672113852279,41.029652331654574,171912.44,687649.76,2062949.2799999998,0.00999649245878647,0.005466408040909932,0.013891136083218167,0.013545479450601137,0.02303663384405419,0.6406863486625177,0.015675097969362506,-0.07194010416666652,0.025955804980708486,1
2026-06-12 00:00:00+05:30,RELIANCE-EQ,1293.0,11988785,0.02375296912114022,0.0015491866769945517,-0.02134423251589468,1317.1799999999998,1406.3408333333332,0.936600835857121,41.48753257363793,159850.46666666667,639401.8666666667,1918205.6,0.02668213457076566,0.012529365700861394,0.011769918625857585,0.012765823532077784,-0.08604552732131754,0.6849802751681787,0.0015491866769945517,-0.05052136877661917,0.012761020881670637,1
2026-06-12 00:00:00+05:30,SBIN-EQ,1017.15,11081119,0.016438493054861558,0.04034980055231663,0.054697221070095337,970.8300000000002,1051.6125,0.9231822558214173,58.52672229636862,147748.25333333336,590993.0133333334,1772979.04,0.01410804699405203,-0.0008349705304518888,0.009813383109471356,0.011623739625613787,-0.1955033614835162,0.6845833654688467,0.04034980055231663,0.03801408306970089,0.017647347982106876,1
2026-06-12 00:00:00+05:30,SUZLON-EQ,55.08,64636157,0.03358979170576082,-0.004158380039775866,-0.03351465169327961,54.408500000000004,48.97566666666667,1.1109292369680182,54.55788289043602,861815.4266666666,3447261.7066666665,10341785.12,0.025962236746550467,0.01999999999999997,0.025141542994749515,0.022284243976896552,0.5423618375995434,0.6542261276104112,-0.004158380039775866,0.030110342247989585,0.074800290486565,1
2026-06-12 00:00:00+05:30,TATAMOTORS-EQ,390.0,7787586,0.0375099760574622,-0.019607843137254943,-0.009900990099009799,380.25,355.25916666666666,1.070345358200938,58.79945979953435,103834.48000000001,415337.92000000004,1246013.76,0.03576923076923074,0.02564102564102564,0.0198616193072985,0.0225046264571741,0.1964717876988542,0.5696173519291932,-0.019607843137254943,0.1512915129151291,-0.07820512820512826,0
2026-06-15 00:00:00+05:30,ITC-EQ,287.9,11194950,0.009821115398105817,0.03023796743603513,0.0295011621669945,291.08000000000004,317.76875,0.9160120370552486,44.973891187358234,149266.0,597064.0,1791192.0,0.007467870788468337,0.003135888501742081,0.011102684113687963,0.013662831273901036,-0.13173240982444323,0.5573390554130196,0.03023796743603513,-0.06963968330909687,0.011635984716915626,1
2026-06-15 00:00:00+05:30,RELIANCE-EQ,1307.0,18633321,0.010827532869296164,0.034591941739887666,-0.009848484848484884,1315.71,1404.3799999999999,0.9368618180264602,45.69322482715545,248444.28,993777.12,2981331.36,0.016602907421576163,-0.006310347449251087,0.01246570240368563,0.012503338086283082,0.5542293068063193,1.0687162838489423,0.034591941739887666,-0.021999401376833316,0.014919663351185886,1
2026-06-15 00:00:00+05:30,SBIN-EQ,1020.85,12463437,0.003637614904389741,0.039615051682875935,0.06996121999790383,973.7125,1052.11,0.9254854530419824,59.67864722715266,166179.16,664716.64,1994149.9200000002,0.015183425576725277,-0.01271760154738876,0.00810522281631428,0.010732713906660137,0.12474534385922587,0.8061101485444049,0.039615051682875935,0.0598525747508305,0.0194935592888279,1
2026-06-15 00:00:00+05:30,SUZLON-EQ,55.57,65026559,0.00889615105301389,0.020944332169759328,0.03040979046912673,54.495000000000005,48.99983333333333,1.1121466399545579,56.22386246227058,867020.7866666666,3468083.1466666665,10404249.44,0.028252654309879437,-0.016460176991150436,0.017898638154982334,0.022312878875532377,0.006039993992835946,0.6641782975142487,0.020944332169759328,0.032132243684992456,0.0673025013496491,1
2026-06-15 00:00:00+05:30,TATAMOTORS-EQ,396.4,11097635,0.016410256410256396,0.01902313624678653,0.029877890361132753,382.24249999999995,355.68375000000003,1.0746695624975837,61.67655622036553,147968.46666666667,591873.8666666667,1775621.5999999999,0.031659939455095897,-0.004520341536916151,0.01887891396410303,0.01999167992494986,0.42504172666600404,0.9532412529089127,0.01902313624678653,0.11176553078109652,-0.088042381432896,0
2026-06-16 00:00:00+05:30,ITC-EQ,291.65,14467499,0.013025356026397983,0.04160714285714273,0.02965578111209166,290.155,316.8675,0.9156982019298286,49.81516797977342,192899.98666666666,771599.9466666667,2314799.84,0.015943768215326514,0.012146451500954366,0.011117858278622975,0.014107040790828885,0.2923236816600343,0.7201824532031955,0.04160714285714273,-0.059648557149766246,-0.005657466140922218,0
2026-06-16 00:00:00+05:30,RELIANCE-EQ,1328.8,18513223,0.016679418515684663,0.04695871415064601,0.01080176479537509,1315.355,1402.5833333333333,0.9378088051809162,51.534827115762894,246842.97333333333,987371.8933333333,2962115.6799999997,0.020319084888621313,0.011725293132328203,0.013560832850104584,0.013117383580473008,-0.006445335214264825,1.0453675556111066,0.04695871415064601,-0.005314769069541203,-0.014524382901866306,0
2026-06-16 00:00:00+05:30,SBIN-EQ,1015.3,9693677,-0.0054366459323114125,0.01256607160666201,0.061307688287252304,977.5074999999999,1052.43875,0.9288022699658293,57.11599593520485,129249.02666666667,516996.1066666667,1550988.32,0.018861420269870952,-0.008302402813049423,0.008929417533676542,0.008810176245653679,-0.2222308340789142,0.6411947246132337,0.01256607160666201,0.08079625292740045,0.008765882005318693,1
2026-06-16 00:00:00+05:30,SUZLON-EQ,57.92,292441954,0.04228900485873677,0.04870541372442516,0.06236243580337497,54.72850000000001,49.04966666666667,1.115777205417638,63.193255906487565,3899226.053333333,15596904.213333333,46790712.64,0.09219613259668515,0.03207412687099081,0.021747431016489443,0.02383299890021324,3.497269400338406,2.691368630941906,0.04870541372442516,0.08769953051643187,0.006388121546961223,1
2026-06-16 00:00:00+05:30,TATAMOTORS-EQ,393.6,6432360,-0.007063572149343944,0.014956162970603426,0.008713480266530071,384.265,356.07750000000004,1.0791611376736805,59.71195005933344,85764.79999999999,343059.19999999995,1029177.6,0.028201219512195033,-0.01180015064022091,0.018720427597965456,0.019901257003781297,-0.42038461347845735,0.5621152337977059,0.014956162970603426,0.11454056349992925,-0.09921239837398377,0
2026-06-17 00:00:00+05:30,ITC-EQ,290.75,8626353,-0.00308589062232123,0.025030847875903595,0.04963898916967513,289.17749999999995,315.95374999999996,0.9152526279558321,48.70756664776422,115018.04000000001,460072.16000000003,1380216.48,0.008082545141874542,-0.00411029285836612,0.007347459411172775,0.014083540832446145,-0.40374262337947975,0.43913406286097045,0.025030847875903595,-0.06300354495649374,-0.001375752364574323,0
2026-06-17 00:00:00+05:30,RELIANCE-EQ,1332.7,10029170,0.002934978928356591,0.0587067047982206,0.014849223271398149,1315.855,1400.8191666666667,0.9393467988670915,52.51882069648024,133722.26666666666,534889.0666666667,1604667.2000000002,0.01275605912808584,-0.00022505626406598239,0.013546977099343906,0.0129304998416347,-0.4582699079463365,0.5855438464924244,0.0587067047982206,0.007560293339381463,-0.014331807608614189,0
2026-06-17 00:00:00+05:30,SBIN-EQ,1026.5,8190062,0.011031222298828025,0.02317468228258157,0.05775671080426603,981.3924999999999,1052.8466666666668,0.932132409277704,60.77638989774685,109200.82666666668,436803.3066666667,1310409.9200000002,0.014271797369702742,0.009341199606686333,0.008633327800353816,0.008850272761550242,-0.15511296693710752,0.5585297951277414,0.02317468228258157,0.0818929173693086,0.007890891378470544,1
2026-06-17 00:00:00+05:30,SUZLON-EQ,59.27,164629458,0.023308011049723687,0.0959689349112427,0.08952205882352948,55.0465,49.11208333333334,1.1208341463828486,66.49343867068897,2195059.44,8780237.76,26340713.279999997,0.03711827231314329,0.015244946899623168,0.022134917397226374,0.024044375443775332,-0.4370525304313895,1.4421130367037325,0.0959689349112427,0.12020412020412041,-0.022945841066306816,0
2026-06-17 00:00:00+05:30,TATAMOTORS-EQ,360.95,51987488,-0.08295223577235777,-0.0526246719160105,-0.0934321235715182,384.2525,356.20374999999996,1.078743556180978,42.6512461033679,693166.5066666667,2772666.026666667,8317998.08,0.1124809530405874,-0.08735777496839446,0.031205588807982295,0.0276413188422204,7.082179480004228,3.9127970092563498,-0.0526246719160105,-0.0006921373200442504,-0.03116775176617259,0
2026-06-18 00:00:00+05:30,ITC-EQ,291.15,10409670,0.001375752364574323,0.030984419263456076,0.038708526578665525,288.35749999999996,315.0379166666666,0.915310458661722,49.24767387357005,138795.6,555182.4,1665547.2,0.013395157135497089,0.0003435835767049163,0.006972852936467016,0.014051143245508485,0.20672896182198897,0.5322435435098656,0.030984419263456076,-0.05332466265647873,-0.003949854027133659,0
2026-06-18 00:00:00+05:30,RELIANCE-EQ,1328.1,15494549,-0.0034516395287762514,0.051543942992874126,0.01871596226125627,1314.275,1398.8441666666665,0.939543539815312,51.19844601995134,206593.9866666667,826375.9466666668,2479127.8400000003,0.008960168661998412,-0.0014285714285714969,0.01332520950870043,0.011204911969848677,0.5449482858501751,0.8987422404733014,0.051543942992874126,-0.023240420681032714,-0.007529553497477637,0
2026-06-18 00:00:00+05:30,SBIN-EQ,1042.7,11048009,0.015781782756941087,0.04197062056560408,0.06479448557569567,985.9824999999998,1053.3666666666666,0.9360297142495491,65.37946398207048,147306.78666666668,589227.1466666667,1767681.44,0.020379783255011028,0.014398287771183921,0.009171713366484157,0.00922002195065916,0.3489530360087627,0.7556991954388858,0.04197062056560408,0.09654011988642353,0.0025894312841661105,1
2026-06-18 00:00:00+05:30,SUZLON-EQ,58.44,82275577,-0.014003711827231369,0.09664102082942394,0.05070118662351675,55.339999999999996,49.160833333333336,1.1256928788161307,62.76718635875758,1097007.6933333334,4388030.773333333,13164092.32,0.019507186858316233,-0.013171225937183404,0.02264052701728936,0.02430817944647912,-0.5002378189205968,0.7095824541418274,0.09664102082942394,0.1116606429522542,-0.022245037645448273,0
2026-06-18 00:00:00+05:30,TATAMOTORS-EQ,364.65,22656468,0.01025072724754117,-0.02992817238627299,-0.08769076807605702,384.4225,356.30375,1.078917917647513,44.583559398069674,302086.24,1208344.96,3625034.88,0.01947072535307836,0.0020610057708161586,0.03156710371565106,0.02772985861529413,-0.5641938306386336,1.626966720833979,-0.02992817238627299,0.00941176470588223,-0.031399972576443114,0
2026-06-19 00:00:00+05:30,ITC-EQ,292.5,13874008,0.004636785162287493,0.025955804980708486,0.042037762736017115,287.58000000000004,314.1195833333333,0.9155112105660399,51.11848441393718,184986.77333333332,739947.0933333333,2219841.28,0.021025641025641143,0.009316770186335364,0.006923815562102993,0.014115256964405546,0.3327999830926436,0.7241756522368757,0.025955804980708486,-0.050478818373640655,-0.006153846153846176,0
2026-06-19 00:00:00+05:30,RELIANCE-EQ,1309.5,24887034,-0.014004969505308273,0.012761020881670637,0.014329976762199825,1312.27,1396.6283333333333,0.9395985808679713,46.1464781633468,331827.12,1327308.48,3981925.44,0.025124093165330347,-0.013930722891566265,0.013800088628771488,0.011492740613338012,0.6061799539954342,1.4118637420089428,0.012761020881670637,-0.02971250740960274,-0.0064910271095838246,0
2026-06-19 00:00:00+05:30,SBIN-EQ,1035.1,9099878,-0.007288769540615858,0.017647347982106876,0.05870921550577868,990.1925000000001,1053.8733333333334,0.939574490292951,61.72006281688735,121331.70666666667,485326.82666666666,1455980.48,0.01226934595691242,-0.0066218809980807015,0.009869973841014557,0.009551934577589977,-0.1763332198588904,0.6281516464551677,0.017647347982106876,0.08854769166053211,0.0009660902328276766,1
2026-06-19 00:00:00+05:30,SUZLON-EQ,59.2,139917727,0.013004791238877544,0.074800290486565,0.07033086241186037,55.656499999999994,49.20825,1.1310400186960519,64.7169406470689,1865569.6933333334,7462278.773333333,22386836.32,0.03783783783783787,0.013004791238877569,0.022420674784265224,0.024364781319783774,0.7005985506488761,1.164500715426157,0.074800290486565,0.11972763381880092,-0.03361486486486487,0
2026-06-19 00:00:00+05:30,TATAMOTORS-EQ,359.5,11928855,-0.014123131770190533,-0.07820512820512826,-0.09627953745600804,384.33,356.3066666666667,1.078649477977772,42.440077064955545,159051.4,636205.6,1908616.7999999998,0.020166898470097356,-0.01168384879725086,0.03157690744395013,0.027931509084821803,-0.473490086804351,0.8532610398551674,-0.07820512820512826,-0.005119690051196946,-0.04019471488178017,0
2026-06-22 00:00:00+05:30,ITC-EQ,291.25,9947873,-0.004273504273504258,0.011635984716915626,0.042225800679907,287.0575,313.15208333333334,0.9166712127360906,49.30615990439062,132638.30666666667,530553.2266666667,1591659.68,0.013390557939914085,-0.005293715846994574,0.006899208889992387,0.01346920735971329,-0.28298491683153126,0.5490555964496259,0.011635984716915626,-0.03463705667882,-0.014763948497854118,0
2026-06-22 00:00:00+05:30,RELIANCE-EQ,1326.5,12931213,0.012982054219167649,0.014919663351185886,0.050027705216496576,1310.8700000000001,1394.5933333333332,0.9399657725788643,50.91389405863451,172416.1733333333,689664.6933333332,2068994.0799999998,0.02321899736147771,0.007442849548112671,0.011544978465901816,0.011893318849717435,-0.4804036109726856,0.7216743493312431,0.014919663351185886,-0.02067183462532296,-0.02457595175273264,0
2026-06-22 00:00:00+05:30,SBIN-EQ,1040.75,6209440,0.00545840981547685,0.0194935592888279,0.05988084933041393,994.7700000000001,1054.4470833333335,0.9434043829447739,63.361867659465474,82792.53333333334,331170.13333333336,993510.4000000001,0.009031948114340707,0.0026493256262042388,0.009858483476307951,0.009445935284994246,-0.3176348078512701,0.4310056112273913,0.0194935592888279,0.09644964180362403,-0.0133077107854912,0
2026-06-22 00:00:00+05:30,SUZLON-EQ,59.31,70696950,0.0018581081081081585,0.0673025013496491,0.08965643946353108,55.93449999999999,49.25566666666667,1.135595227621864,65.00260335156945,942626.0,3770504.0,11311512.0,0.01163378856853827,-0.002690432150664143,0.021062329256016348,0.024247306297347296,-0.4947248535562617,0.5859703969364594,0.0673025013496491,0.10344186046511639,-0.006912830888551769,0
2026-06-22 00:00:00+05:30,TATAMOTORS-EQ,361.5,15447905,0.0055632823365785455,-0.088042381432896,-0.07069408740359895,384.2375,356.2920833333334,1.0784340095497489,43.57463581880262,205972.06666666665,823888.2666666666,2471664.8,0.029045643153526972,-0.0013812154696132596,0.03157165344878958,0.027931800328033406,0.295003166691187,1.0723272742975822,-0.088042381432896,-0.005091509563781571,-0.025726141078838194,0
2026-06-23 00:00:00+05:30,ITC-EQ,290.0,9410364,-0.0042918454935622075,-0.005657466140922218,0.03571428571428581,286.35999999999996,312.1804166666667,0.9172900819905154,47.49285451932873,125471.52,501886.08,1505658.24,0.01206896551724138,-0.004291845493562232,0.007387485932806652,0.01330518779583314,-0.05403255550206565,0.528613978384614,-0.005657466140922218,-0.045895706530679314,0.001034482758620836,1
2026-06-23 00:00:00+05:30,RELIANCE-EQ,1309.5,15400184,-0.012815680361854542,-0.014524382901866306,0.03175228490387649,1307.9950000000001,1392.5208333333333,0.9393001301596327,46.482474657291505,205335.78666666668,821343.1466666667,2464029.4400000004,0.022145857197403588,-0.014598540145985469,0.012843759569952132,0.011919218959505462,0.1909311214655578,0.8392079892670503,-0.014524382901866306,-0.04206291148500363,-0.001145475372279492,0
2026-06-23 00:00:00+05:30,SBIN-EQ,1024.2,10411004,-0.015901993754503962,0.008765882005318693,0.021442106312955067,997.5,1054.9075,0.9455805366821262,55.810885216919374,138813.38666666666,555253.5466666666,1665760.64,0.022603007225151316,-0.016138328530259323,0.010430272580560234,0.009637110892594053,0.6766413718467366,0.7239577667636707,0.008765882005318693,0.05631188118811892,0.022651825815270588,1
2026-06-23 00:00:00+05:30,SUZLON-EQ,58.29,68349325,-0.017197774405665167,0.006388121546961223,0.05540467137425309,56.1495,49.29725,1.1389986256839886,60.140268736992546,911324.3333333334,3645297.3333333335,10935892.0,0.024875621890547192,-0.017197774405665202,0.022443267721811686,0.024760868182920125,-0.03320687809021461,0.5820261032429174,0.006388121546961223,0.07964437858862738,0.0010293360782296368,1
2026-06-23 00:00:00+05:30,TATAMOTORS-EQ,354.55,16257406,-0.01922544951590588,-0.09921239837398377,-0.08574007220216606,383.3025,356.25333333333333,1.0759267749541526,40.58119220965816,216765.41333333333,867061.6533333333,2601184.96,0.03328162459455635,-0.019225449515905917,0.031770246415519905,0.027486104435746984,0.052401992373723116,1.1058687298032606,-0.09921239837398377,-0.05010046885465502,-0.01903821745875056,0
2026-06-24 00:00:00+05:30,ITC-EQ,290.35,6218635,0.0012068965517242347,-0.001375752364574323,0.02362065926317669,285.79499999999996,311.2320833333333,0.918269726369791,48.06874684199367,82915.13333333335,331660.5333333334,994981.6000000001,0.006716032374720126,0.0012068965517242163,0.006603462294132482,0.013265635524455942,-0.3391716834757933,0.38304203855321123,-0.001375752364574323,-0.03746063318415371,-0.0015498536249355377,0
2026-06-24 00:00:00+05:30,RELIANCE-EQ,1313.6,11030917,0.0031309660175637966,-0.014331807608614189,0.04353352399110255,1305.8600000000001,1390.4741666666666,0.9391472573204945,47.66555378353127,147078.8933333333,588315.5733333332,1764946.72,0.018651035322777103,0.006050394424446552,0.012210676042141341,0.011892902920902792,-0.2837152465191325,0.6056313537914135,-0.014331807608614189,-0.03148271031482719,-0.0076887941534713455,0
2026-06-24 00:00:00+05:30,SBIN-EQ,1034.6,11724076,0.010154266744776264,0.007890891378470544,0.03124844256167436,1000.8050000000001,1055.4766666666667,0.9482019182486271,59.10870120967747,156321.01333333334,625284.0533333333,1875852.1600000001,0.02319737096462401,0.010351562499999911,0.010702833917639099,0.009725531962962126,0.12612347473884356,0.8283580096727976,0.007890891378470544,0.06824987093443458,0.01643147109994203,1
2026-06-24 00:00:00+05:30,SUZLON-EQ,57.91,63851176,-0.006519128495453774,-0.022945841066306816,0.07082100591715967,56.315999999999995,49.3365,1.1414672706819493,58.38798007237624,851349.0133333333,3405396.053333333,10216188.16,0.020376446209635638,-0.005836909871244694,0.020978020652062217,0.024816025275518353,-0.06581116931293762,0.5704079216014132,-0.022945841066306816,0.06101135947233405,-0.004144361940942809,0
2026-06-24 00:00:00+05:30,TATAMOTORS-EQ,349.7,12569135,-0.01367931180369486,-0.03116775176617259,-0.08215223097112867,381.5075,356.1775,1.071116227162019,38.58895106039375,167588.46666666667,670353.8666666667,2011061.6,0.025164426651415533,-0.014929577464788764,0.03167105510965287,0.026289260673722968,-0.22686712751099403,0.8812938103983728,-0.03116775176617259,-0.09310165975103746,-0.010723477266228243,0
2026-06-25 00:00:00+05:30,ITC-EQ,290.0,11230239,-0.0012054417082831836,-0.003949854027133659,0.026912181303116123,285.6975,310.29375,0.920732370535984,47.50760749400694,149736.52,598946.08,1796838.24,0.010517241379310384,-0.0012054417082831847,0.006310210532990351,0.011182497435182815,0.805900973445137,0.723408153863514,-0.003949854027133659,-0.006679225894844931,-0.00017241379310350968,0
2026-06-25 00:00:00+05:30,RELIANCE-EQ,1318.1,12694362,0.003425700365408124,-0.007529553497477637,0.04362628661916057,1304.24,1388.5783333333334,0.9392628191663656,48.99820520986117,169258.15999999997,677032.6399999999,2031097.92,0.010166148243684161,7.587253414257135e-05,0.012209896440071845,0.011923986060803315,0.15079843316743302,0.697957420208839,-0.007529553497477637,-0.023991114402073355,-0.01069721568924964,0
2026-06-25 00:00:00+05:30,SBIN-EQ,1045.4,16002360,0.010438816934080997,0.0025894312841661105,0.044668731887678614,1004.6849999999998,1056.14625,0.9512745038861804,62.25865103777892,213364.8,853459.2,2560377.6,0.016118232255596072,0.00519230769230778,0.01072521348539133,0.009799405694998143,0.36491438643011187,1.0999737248158203,0.0025894312841661105,0.08018185575532155,-0.005165486894968541,0
2026-06-25 00:00:00+05:30,SUZLON-EQ,57.14,83934060,-0.01329649456052484,-0.022245037645448273,0.07224620003753057,56.2965,49.37325,1.140222691437165,54.89750375148399,1119120.8,4476483.2,13429449.6,0.02782639131956604,-0.01888736263736266,0.020831079308481347,0.021966842916681634,0.31452645445402605,0.8012878414539181,-0.022245037645448273,-0.006779071788632018,-0.004725236261813093,0
2026-06-25 00:00:00+05:30,TATAMOTORS-EQ,353.2,15424509,0.010008578781812938,-0.031399972576443114,-0.06038840117052402,379.12,356.13249999999994,1.0645476051750404,40.845856003082176,205660.12,822640.48,2467921.44,0.026896942242355608,0.00255464093102463,0.03209590957619447,0.024421685716348236,0.2271734689777778,1.0848097615815717,-0.031399972576443114,-0.11909215612919322,-0.025764439411098405,0
2026-06-29 00:00:00+05:30,ITC-EQ,290.7,10110022,0.0024137931034482474,-0.006153846153846176,0.019642230796211635,285.8875,309.37791666666664,0.9240720962900013,48.795069388782295,134800.29333333333,539201.1733333333,1617603.52,0.008771929824561247,0.000860733344809778,0.005830399113368683,0.010447777729893953,-0.09975005874763665,0.7004771978401182,-0.006153846153846176,0.013245033112582849,-0.008427932576539399,0
2026-06-29 00:00:00+05:30,RELIANCE-EQ,1301.0,13757656,-0.012973219027387795,-0.0064910271095838246,0.006187161639597871,1303.23,1386.5883333333334,0.9398824212425462,44.37410900226336,183435.41333333333,733741.6533333333,2201224.96,0.016218293620292187,-0.005351681957186544,0.01120608724074716,0.011274647086959157,0.08376112166960414,0.8216447101043983,-0.0064910271095838246,-0.015289131092945829,0.015603382013835487,1
2026-06-29 00:00:00+05:30,SBIN-EQ,1036.1,16818246,-0.008896116319112468,0.0009660902328276766,0.018630487145455454,1008.2700000000001,1056.6683333333333,0.9541972331273927,58.10767606560678,224243.28000000003,896973.1200000001,2690919.3600000003,0.015008203841328234,-0.00799463832639201,0.01056480496664971,0.010083799752409096,0.05098535466018772,1.1782241428375726,0.0009660902328276766,0.0743467440895893,0.001544252485281561,1
2026-06-29 00:00:00+05:30,SUZLON-EQ,57.21,68862375,0.0012250612530626537,-0.03361486486486487,0.03867102396514155,56.307500000000005,49.416666666666664,1.139443507588533,55.15993736103457,918165.0,3672660.0,11017980.0,0.018703023946862442,-0.013620689655172399,0.018677005439770845,0.021858882332551604,-0.179565780566316,0.7090590023958566,-0.03361486486486487,0.0038603263730478954,-0.030414263240692185,0
2026-06-29 00:00:00+05:30,TATAMOTORS-EQ,345.05,11882122,-0.02307474518686292,-0.04019471488178017,-0.1152564102564102,376.67749999999995,355.9933333333333,1.058102679825465,37.39916096429794,158428.29333333333,633713.1733333333,1901139.52,0.032024344297927866,-0.01414285714285711,0.028549002414884003,0.0245887298885046,-0.22965962806336326,0.896612840189563,-0.04019471488178017,-0.12401624777862397,0.005796261411389558,1
2026-06-30 00:00:00+05:30,ITC-EQ,286.95,18180676,-0.012899896800825594,-0.014763948497854118,-0.0032997568600208194,286.25249999999994,308.4108333333333,0.9281531939269317,42.74645337190946,242409.01333333337,969636.0533333335,2908908.16,0.021258058895278004,-0.015608919382504327,0.006777753922951287,0.009109187900303992,0.7982825358837005,1.2832039029517637,-0.014763948497854118,0.02610405864473453,0.006272869837950834,1
2026-06-30 00:00:00+05:30,RELIANCE-EQ,1293.9,15695263,-0.005457340507301955,-0.02457595175273264,-0.010022953328232553,1301.925,1384.2841666666668,0.9405041474504571,42.577419829574175,209270.17333333334,837080.6933333334,2511242.08,0.01306128758018401,-0.009947203305532174,0.010740117405961296,0.011324637854880868,0.14083845387615446,0.9235887982060258,-0.02457595175273264,-0.019772727272727164,0.011206430172347126,1
2026-06-30 00:00:00+05:30,SBIN-EQ,1026.9,11161643,-0.008879451790367532,-0.0133077107854912,0.005926433854141155,1011.9099999999999,1057.0408333333335,0.9573045506756674,54.25402876669427,148821.90666666668,595287.6266666667,1785862.8800000001,0.018453598208199477,-0.012596153846153759,0.01106542117496394,0.009956437657789223,-0.3363372732210006,0.7818265970610471,-0.0133077107854912,0.0763022743947177,0.010906612133605886,1
2026-06-30 00:00:00+05:30,SUZLON-EQ,58.9,120994413,0.02954029015906312,-0.006912830888551769,0.05992441965089079,56.556,49.46858333333333,1.1432710659795864,61.052118183595766,1613258.8399999999,6453035.359999999,19359106.08,0.030390492359932075,0.025060911938739952,0.020349695497565438,0.018710587699961048,0.7570467617476162,1.2668320531203647,-0.006912830888551769,0.09215649916558499,-0.07674023769100158,0
2026-06-30 00:00:00+05:30,TATAMOTORS-EQ,352.2,17609242,0.02072163454571796,-0.025726141078838194,-0.11150353178607464,375.0425,355.8670833333333,1.0538836480380667,42.02143249807613,234789.89333333334,939159.5733333334,2817478.72,0.03719477569562739,0.012068965517241346,0.029050321389521024,0.024972830298269796,0.4819947144121226,1.2852193168268258,-0.025726141078838194,-0.08495713172252528,-0.028109028960817684,0
2026-07-01 00:00:00+05:30,ITC-EQ,290.3,6551425,0.01167450775396417,0.001034482758620836,-0.004628835933481845,286.60499999999996,307.79791666666665,0.9311466533101398,48.84675723333426,87352.33333333334,349409.3333333334,1048228.0,0.013434378229417765,0.008511377453534787,0.006489789436003652,0.009032854250696984,-0.6396489877494105,0.4858141911371965,0.001034482758620836,0.02488967343336279,-0.03324147433689295,0
2026-07-01 00:00:00+05:30,RELIANCE-EQ,1308.0,7001401,0.01089728727104089,-0.001145475372279492,-0.015653220951234115,1301.595,1382.0541666666666,0.9417829137184084,47.1536101324737,93352.01333333332,373408.0533333333,1120224.16,0.01200305810397557,0.0070059280930017,0.009799728461389524,0.011597591696917904,-0.5539162994592699,0.43275400321192503,-0.001145475372279492,-0.005020538566864352,-0.02454128440366965,0
2026-07-01 00:00:00+05:30,SBIN-EQ,1047.4,6295315,0.01996299542311819,0.022651825815270588,0.03161627105289089,1016.4475,1057.5629166666668,0.9611224864084129,60.534681560811926,83937.53333333334,335750.13333333336,1007250.4000000001,0.023295780026732948,0.015906886517943832,0.012354116439023798,0.010590255251938373,-0.4359867091251709,0.45632958792593337,0.022651825815270588,0.09486227983065909,-0.0291197250334162,0
2026-07-01 00:00:00+05:30,SUZLON-EQ,58.35,58782670,-0.009337860780984641,0.0010293360782296368,0.007424033149171283,56.7475,49.51758333333334,1.1460070580988906,58.36419399085798,783768.9333333332,3135075.733333333,9405227.2,0.020222793487574973,-0.012021672875042343,0.016265044448886753,0.018896421507953554,-0.5141703774371797,0.6301870430794659,0.0010293360782296368,0.07024944974321357,-0.08946015424164522,0
2026-07-01 00:00:00+05:30,TATAMOTORS-EQ,347.8,12059086,-0.012492901760363329,-0.01903821745875056,-0.11636178861788615,372.9225,355.70250000000004,1.0484112425411685,40.06110108131371,160787.81333333332,643151.2533333333,1929453.7599999998,0.023289246693502078,-0.01612446958981609,0.029011865307691974,0.02467101415897664,-0.31518426517166387,0.8824900954475496,-0.01903821745875056,-0.1086622245002562,-0.045284646348476176,0
2026-07-02 00:00:00+05:30,ITC-EQ,289.9,12722639,-0.0013778849466070664,-0.0015498536249355377,-0.0029234737747205752,287.25,307.29666666666674,0.9347644512902838,48.18655825354218,169635.18666666668,678540.7466666667,2035622.24,0.011383235598482276,-0.002751977984176166,0.006434802510264641,0.007223423823296007,0.9419651449875408,1.000088417147701,-0.0015498536249355377,0.04657039711191335,-0.027078302863056125,0
2026-07-02 00:00:00+05:30,RELIANCE-EQ,1303.5,17795024,-0.0034403669724770714,-0.0076887941534713455,-0.021910407443535673,1301.1100000000001,1379.6475,0.943074227293566,45.89648394200214,237266.98666666666,949067.9466666667,2847203.84,0.010893747602608398,-0.004961832061068702,0.009683436238335756,0.011619190416295146,1.5416375951041799,1.1074928599558622,-0.0076887941534713455,-0.007386536704233948,-0.018181818181818188,0
2026-07-02 00:00:00+05:30,SBIN-EQ,1051.6,14682790,0.004009929348863572,0.01643147109994203,0.024452021432050497,1020.5049999999999,1058.0016666666666,0.9645589720243036,61.69502675788766,195770.53333333333,783082.1333333333,2349246.4,0.014073792316470098,0.0006660957274715178,0.012054601982611195,0.010334396820158,1.3323360308419834,1.1180640558590142,0.01643147109994203,0.08362100056674726,-0.028052491441612704,0
2026-07-02 00:00:00+05:30,SUZLON-EQ,57.67,51175497,-0.011653813196229601,-0.004144361940942809,-0.02699510713683151,56.911,49.545833333333334,1.148653603565722,55.13232678184491,682339.96,2729359.84,8188079.52,0.022888850355470787,-0.011653813196229644,0.014572743311068777,0.01916463248153364,-0.12941183175245352,0.5604011739170878,-0.004144361940942809,0.06011029411764701,-0.06883995144789312,0
2026-07-02 00:00:00+05:30,TATAMOTORS-EQ,345.95,10423984,-0.005319148936170248,-0.010723477266228243,-0.04155700235489679,370.3125,355.4991666666666,1.04166910846017,39.232382522035394,138986.45333333334,555945.8133333334,1667837.44,0.01806619453678277,-0.014808486401822552,0.014785307637691295,0.023913503770687242,-0.13559087313914175,0.7578811086145412,-0.010723477266228243,-0.1311063669471304,-0.041769041769041726,0
2026-07-03 00:00:00+05:30,ITC-EQ,289.95,6517591,0.00017247326664371343,-0.00017241379310350968,-0.004121586810922118,287.73249999999996,306.79875,0.9378542122482572,48.280657642103776,86901.21333333332,347604.8533333333,1042814.5599999999,0.008967063286773661,-0.004634397528321396,0.006411732439061635,0.006869738060186194,-0.4877170530422187,0.5455643431925388,-0.00017241379310350968,0.0344273992151265,-0.028280738058285904,0
2026-07-03 00:00:00+05:30,RELIANCE-EQ,1304.0,7839550,0.0003835826620637306,-0.01069721568924964,-0.018146223928920957,1301.125,1377.3633333333335,0.9446490758913769,46.06853143407265,104527.33333333334,418109.3333333334,1254328.0,0.007668711656441718,-0.006097560975609756,0.009702996426771422,0.011504435005415104,-0.5594526874479068,0.5128545977355319,-0.01069721568924964,0.00023011429009733853,0.0029141104294478914,1
2026-07-03 00:00:00+05:30,SBIN-EQ,1040.0,10441493,-0.011030810193989993,-0.005165486894968541,-0.0025894312841661105,1023.5424999999999,1058.2887500000002,0.9671675145370294,56.73361326242498,139219.90666666668,556879.6266666667,1670638.88,0.021634615384615384,-0.014218009478672985,0.011746146960286042,0.010790382327380913,-0.28886178989143074,0.8214782575471109,-0.005165486894968541,0.062037273423538375,-0.0038461538461538325,0
2026-07-03 00:00:00+05:30,SUZLON-EQ,56.87,71029555,-0.013872030518467193,-0.004725236261813093,-0.026865160848733804,56.9735,49.572500000000005,1.1492964849462908,51.517966151984055,947060.7333333334,3788242.9333333336,11364728.8,0.033057851239669346,-0.01829794579665117,0.014561387086211635,0.018955240123093426,0.3879602380803453,0.7988487333355221,-0.004725236261813093,0.02247393024092048,-0.05187269210480039,0
2026-07-03 00:00:00+05:30,TATAMOTORS-EQ,344.1,12651872,-0.005347593582887611,-0.025764439411098405,-0.05635540929658567,367.53249999999997,355.25375,1.0345633226953972,38.377424690585826,168691.62666666668,674766.5066666667,2024299.52,0.01903516419645455,-0.0069264069264068605,0.013894741306277901,0.023786535461642635,0.2137271123977167,0.917910229836469,-0.025764439411098405,-0.13910432824618457,-0.017872711421098586,0
2026-07-06 00:00:00+05:30,ITC-EQ,288.25,27126124,-0.005863079841351926,-0.008427932576539399,-0.014529914529914478,288.11,306.34708333333333,0.9404692118008849,45.27027895282954,361681.6533333333,1446726.6133333333,4340179.84,0.009713790112749192,-0.005863079841351918,0.0063557628083743215,0.007076191824660822,3.161986230802148,2.1701720132669178,-0.008427932576539399,0.026897043106519414,-0.02983521248915877,0
2026-07-06 00:00:00+05:30,RELIANCE-EQ,1321.3,7610709,0.013266871165644067,0.015603382013835487,0.009011072928598596,1302.6399999999999,1375.8108333333332,0.9468162108041742,51.78191753656344,101476.12,405904.48,1217713.44,0.019828956330886112,0.013266871165644137,0.009720019531872601,0.011621016841556003,-0.029190578540860157,0.5150242186355514,0.015603382013835487,0.023470178156467902,-0.018466661621130642,0
2026-07-06 00:00:00+05:30,SBIN-EQ,1037.7,8761017,-0.0022115384615384315,0.001544252485281561,0.0025118346053523144,1026.5425,1058.4454166666667,0.9698587039404094,55.77585472679582,116813.56,467254.24,1401762.72,0.011467668883106958,-0.004031097034264368,0.01151297733267387,0.01080555282123616,-0.1609421181434494,0.7239978676440672,0.001544252485281561,0.06136851795029141,-0.0006745687578298964,0
2026-07-06 00:00:00+05:30,SUZLON-EQ,55.47,73062543,-0.02461754879549849,-0.030414263240692185,-0.06300675675675682,56.981500000000004,49.58933333333333,1.1490676758442677,45.85278719769677,974167.24,3896668.96,11690006.88,0.03767802415720215,-0.024617548795498483,0.01493003077461282,0.019778147240000096,0.028621719508168164,0.821608924190389,-0.030414263240692185,0.002892786114626622,-0.0414638543356769,0
2026-07-06 00:00:00+05:30,TATAMOTORS-EQ,347.05,4980867,0.008573089218250507,0.005796261411389558,-0.034631432545201624,364.995,355.07166666666666,1.0279474096778585,40.60032038835708,66411.56,265646.24,796938.72,0.020314075781587535,0.004486251808972537,0.01421537869153788,0.024043495771119458,-0.6063138324510396,0.3674646262325711,0.005796261411389558,-0.12757667169431874,-0.013830860106612941,0
2026-07-07 00:00:00+05:30,ITC-EQ,288.75,18491160,0.0017346053772766545,0.006272869837950834,-0.008583690987124415,288.575,305.90958333333333,0.9433342913142908,46.330224366136555,246548.80000000002,986195.2000000001,2958585.6,0.014372294372294293,0.001560874089490075,0.00634257197011767,0.006943051272315411,-0.3183264958900873,1.4634754056146744,0.006272869837950834,0.03327965646806241,-0.04571428571428571,0
2026-07-07 00:00:00+05:30,RELIANCE-EQ,1308.4,14335554,-0.009763112086581316,0.011206430172347126,-0.01364493026762148,1304.895,1374.1791666666666,0.9495814167851718,47.7221633256073,191140.72,764562.88,2293688.64,0.01826658514215843,-0.011409142425387162,0.00923832378024721,0.010675556559483558,0.8836029599870394,0.9772406449960288,0.011206430172347126,0.03570015039974672,-0.011770100886579149,0
2026-07-07 00:00:00+05:30,SBIN-EQ,1038.1,11053574,0.00038546786161686164,0.010906612133605886,-0.0025462406918088654,1029.35,1058.7033333333334,0.9722742600224802,55.915241284892474,147380.98666666666,589523.9466666667,1768571.84,0.013582506502263664,-0.0011546233041470658,0.011371838973900258,0.01081659246025343,0.26167704046231166,0.9204564912347685,0.010906612133605886,0.057182137583379866,-0.021866872170311136,0
2026-07-07 00:00:00+05:30,SUZLON-EQ,54.38,56983348,-0.019650261402559877,-0.07674023769100158,-0.08312257629404818,56.979,49.60166666666667,1.1487315614394678,41.98198451457648,759777.9733333334,3039111.8933333335,9117335.68,0.025928650239058545,-0.019650261402559877,0.01515775762330347,0.019956636311569843,-0.2200743957132727,0.6479137264485771,-0.07674023769100158,-0.000918611060077068,-0.03512320706141969,0
2026-07-07 00:00:00+05:30,TATAMOTORS-EQ,342.3,7428187,-0.01368678864716899,-0.028109028960817684,-0.05311203319502067,362.65999999999997,354.89625,1.0218761116805262,38.21022562575699,99042.49333333333,396169.9733333333,1188509.92,0.020742039146947187,-0.01863532110091743,0.01416593961520502,0.023828411006480314,0.4913441776301195,0.548335407483321,-0.028109028960817684,-0.120051413881748,-0.026146654981010764,0
2026-07-08 00:00:00+05:30,ITC-EQ,280.65,21593793,-0.028051948051948106,-0.03324147433689295,-0.032241379310344875,288.60749999999996,305.4075,0.9449915277129735,34.62963219515969,287917.24,1151668.96,3455006.88,0.027970782112952158,-0.02178459393516905,0.010718644902392898,0.009607077723460923,0.16779006833535592,1.6484233182500085,-0.03324147433689295,0.0023214285714285854,-0.01425262782825587,0
2026-07-08 00:00:00+05:30,RELIANCE-EQ,1275.9,19960868,-0.024839498624273926,-0.02454128440366965,-0.02565864833906062,1305.23,1372.5566666666668,0.9509479875754977,39.3514783363457,266144.9066666667,1064579.6266666667,3193738.8800000004,0.024061446821851275,-0.016268311488049275,0.011422828627416705,0.012191065267670267,0.3924029723580966,1.3778989001327844,-0.02454128440366965,0.005278915852505506,0.015361705462810571,1
2026-07-08 00:00:00+05:30,SBIN-EQ,1016.9,14141694,-0.020421924670070202,-0.0291197250334162,-0.007127514157391213,1030.06,1058.8608333333334,0.9728001712532256,47.38996625386794,188555.92,754223.68,2262671.04,0.0261579309666633,-0.01233488733488727,0.012129979764675322,0.011105114983245037,0.27937751174416525,1.2181919795552263,-0.0291197250334162,0.014161763239253888,0.012980627396990796,1
2026-07-08 00:00:00+05:30,SUZLON-EQ,53.13,65132513,-0.022986392055902916,-0.08946015424164522,-0.08852290272774055,56.874,49.62,1.1461910519951632,38.01832392301931,868433.5066666666,3473734.0266666664,10421202.08,0.03896103896103897,-0.021546961325966753,0.015628437701308746,0.020286228194694313,0.14300958588814394,0.7404550653175453,-0.08946015424164522,-0.03802281368821281,-0.013363448146056833,0
2026-07-08 00:00:00+05:30,TATAMOTORS-EQ,332.05,10789766,-0.029944493134677175,-0.045284646348476176,-0.06346072486250176,359.87250000000006,354.6679166666666,1.0146745253482428,33.61195644836353,143863.54666666666,575454.1866666666,1726362.56,0.032073482909200354,-0.026103534242557493,0.01565917296365658,0.024399792152413016,0.45254366913487765,0.7899535149862905,-0.045284646348476176,-0.14375966993295508,0.002861014907393322,1
2026-07-09 00:00:00+05:30,ITC-EQ,282.05,12512120,0.004988419739889727,-0.027078302863056125,-0.028586189082142277,288.52750000000003,304.9483333333333,0.9461520804070637,37.56459158118514,166828.26666666666,667313.0666666667,2001939.2000000002,0.012054600248182865,0.002844444444444485,0.010956235377244666,0.009199301586244392,-0.4205686791570151,0.9825693229894508,-0.027078302863056125,-0.005640754450907726,-0.009572770785321705,0
2026-07-09 00:00:00+05:30,RELIANCE-EQ,1279.8,14651963,0.0030566658829060955,-0.018181818181818188,-0.02573081607795369,1306.28,1370.9275,0.9528439687729657,40.695766886305584,195359.50666666668,781438.0266666667,2344314.08,0.01742459759337393,0.002114164904862615,0.011418755744516933,0.012035422435427863,-0.2659656383680309,1.0341288362910066,-0.018181818181818188,0.01668255481410874,0.01312705110173451,1
2026-07-09 00:00:00+05:30,SBIN-EQ,1022.1,7661699,0.005113580489723768,-0.028052491441612704,-0.012081964044074911,1031.0025,1059.0408333333335,0.9735247853993668,49.42677842234021,102155.98666666666,408623.94666666666,1225871.84,0.012131885334116124,0.002255344185134407,0.011729285474842912,0.011147332364970711,-0.4582191497001703,0.6942632784121747,-0.028052491441612704,0.018788935958136133,0.00890323843068197,1
2026-07-09 00:00:00+05:30,SUZLON-EQ,53.7,42640345,0.010728402032749829,-0.06883995144789312,-0.07269901571403892,56.855000000000004,49.6575,1.144942858581282,40.76472179065842,568537.9333333333,2274151.7333333334,6822455.2,0.022718808193668505,0.010728402032749863,0.016850880675190718,0.019948388722747314,-0.34532934419404326,0.4883425029728683,-0.06883995144789312,-0.007026627218934878,-0.03221601489757919,0
2026-07-09 00:00:00+05:30,TATAMOTORS-EQ,331.5,11549474,-0.001656377051648894,-0.041769041769041726,-0.052044609665427455,357.39750000000004,354.4791666666667,1.008232735821334,33.379831173018644,153992.98666666666,615971.9466666667,1847915.84,0.013876319758672769,-0.004205467107239343,0.01550099246026215,0.024312195507561446,0.0704100533783587,0.8324763031945996,-0.041769041769041726,-0.12992125984251968,0.0009049773755656076,1
2026-07-10 00:00:00+05:30,ITC-EQ,281.75,11774274,-0.001063641198369103,-0.028280738058285904,-0.028448275862068995,288.495,304.47624999999994,0.9475123264950881,37.179378351760334,156990.32,627961.28,1883883.8399999999,0.009937888198757603,-0.003888987095633808,0.010958679521437635,0.009149886724305757,-0.05897050220106581,0.9276456098692263,-0.028280738058285904,-0.00230169971671379,-0.003726708074534235,0
2026-07-10 00:00:00+05:30,RELIANCE-EQ,1307.8,8412537,0.021878418502891073,0.0029141104294478914,-0.007814278127607932,1308.52,1369.4658333333334,0.9554966382877995,49.37216965245096,112167.16,448668.64,1346005.92,0.017816179844012812,0.012307454137317023,0.013744782546585614,0.01291526227693422,-0.4258423257006587,0.6037779293657428,0.0029141104294478914,0.03547110055423586,0.014834072488148164,1
2026-07-10 00:00:00+05:30,SBIN-EQ,1036.0,8792150,0.013599452108404186,-0.0038461538461538325,-0.008991773483834065,1032.7675000000002,1059.2145833333334,0.9750314206871051,54.49796259847193,117228.66666666667,468914.6666666667,1406744.0,0.02345559845559841,0.006313744536182613,0.012112666932735364,0.01145813836432887,0.14754573365515933,0.8150967092918415,-0.0038461538461538325,0.03527530728490058,0.008011583011583001,1
2026-07-10 00:00:00+05:30,SUZLON-EQ,53.92,41945443,0.004096834264432081,-0.05187269210480039,-0.05635281764088207,56.8865,49.69683333333333,1.1446705189130093,41.83596279811552,559272.5733333334,2237090.2933333335,6711270.88,0.012982195845697382,-0.0018511662347279047,0.01706995195414533,0.01967218473290956,-0.016296819362038417,0.48037356990772695,-0.05187269210480039,0.01182210546068685,-0.03579376854599403,0
2026-07-10 00:00:00+05:30,TATAMOTORS-EQ,337.95,19331002,0.019457013574660564,-0.017872711421098586,-0.04317667044167606,355.5,354.37416666666667,1.0031769622033209,38.72423300660914,257746.69333333336,1030986.7733333334,3092960.3200000003,0.01952951620062146,0.010162905395307061,0.01676862289493029,0.024934191278906403,0.6737560515742969,1.3318180055554463,-0.017872711421098586,-0.10095770151636074,-0.006953691374463555,0
2026-07-13 00:00:00+05:30,ITC-EQ,279.65,12559492,-0.007453416149068359,-0.02983521248915877,-0.03801169590643283,288.22249999999997,304.0175,0.9480457539450854,34.511482559549734,167459.89333333334,669839.5733333334,2009518.7200000002,0.007151796888968354,-0.006042296072507714,0.010878267381935203,0.008996489945726141,0.06668929226549336,0.9908130441726779,-0.02983521248915877,-0.0191160996141706,0.010906490255676804,1
2026-07-13 00:00:00+05:30,RELIANCE-EQ,1296.9,9488352,-0.008334607738186173,-0.018466661621130642,-0.0031514219830898194,1308.715,1368.1666666666667,0.9565464733828724,46.518938506960275,126511.36,506045.44,1518136.32,0.008790191996298937,-0.0023846153846153145,0.01335733866913298,0.012008950362414212,0.12788234987852065,0.6871562920211752,-0.018466661621130642,0.003016241299304001,0.02020202020202011,1
2026-07-13 00:00:00+05:30,SBIN-EQ,1037.0,8381510,0.0009652509652509078,-0.0006745687578298964,0.000868642022970878,1033.76,1059.2858333333334,0.9759027898513385,54.848737527335125,111753.46666666666,447013.86666666664,1341041.5999999999,0.02005785920925754,0.013190034196384953,0.011780498360309947,0.010927619727258172,-0.04670529961386005,0.7868740606916277,-0.0006745687578298964,0.019515312392469175,0.022179363548698205,1
2026-07-13 00:00:00+05:30,SUZLON-EQ,53.17,40687795,-0.01390949554896137,-0.0414638543356769,-0.07061702499563016,56.791,49.73416666666666,1.1418910541043215,39.23123692531472,542503.9333333333,2170015.7333333334,6510047.2,0.013353394771487696,-0.008022388059701487,0.017063326377769316,0.018322331398320436,-0.029982947134447935,0.47244936702209456,-0.0414638543356769,-0.03467683369644148,-0.0015046078615760239,0
2026-07-13 00:00:00+05:30,TATAMOTORS-EQ,342.25,8402444,0.012723775706465545,-0.013830860106612941,-0.008114765975945515,353.1125,354.31166666666667,0.9966155032998255,42.06123185657535,112032.58666666667,448130.3466666667,1344391.04,0.028049671292914604,0.008545749226462286,0.01611831391519039,0.023270383163154457,-0.5653384133941944,0.5776666030375525,-0.013830860106612941,-0.12243589743589745,-0.016946676406135897,0
2026-07-14 00:00:00+05:30,ITC-EQ,275.55,15018851,-0.014661183622384999,-0.04571428571428571,-0.03972817564035536,287.60499999999996,303.5241666666667,0.9475522267584402,29.987180274975387,200251.34666666665,801005.3866666666,2403016.1599999997,0.02050444565414617,-0.01324977618621303,0.011054551696262472,0.009121960641045562,0.19581675755675465,1.167225236774443,-0.04571428571428571,-0.04289683918027076,0.019778624569043668,1
2026-07-14 00:00:00+05:30,RELIANCE-EQ,1293.0,13511284,-0.0030071709461023666,-0.011770100886579149,-0.0006955715279388652,1308.0149999999999,1366.785,0.9570012840351627,45.50562776659942,180150.4533333333,720601.8133333332,2161805.44,0.016318638824439218,0.002325581395348837,0.01327311089081358,0.011761633331271646,0.42398637824566365,0.9969925820728703,-0.011770100886579149,-0.010711553175210442,0.008275328692962214,1
2026-07-14 00:00:00+05:30,SBIN-EQ,1015.4,11562326,-0.0208293153326905,-0.021866872170311136,-0.01119875353004196,1033.4875,1059.1779166666668,0.9757449468475353,46.50866202274948,154164.34666666665,616657.3866666666,1849972.16,0.02196178845775071,-0.017323139456111466,0.013305492500623186,0.011942028299182953,0.3795039318690785,1.0901069161369141,-0.021866872170311136,-0.005338688347945375,0.02856017333070726,1
2026-07-14 00:00:00+05:30,SUZLON-EQ,52.47,40748106,-0.01316531878879068,-0.03512320706141969,-0.10916808149405777,56.636,49.763000000000005,1.1381146635050137,36.920746419554156,543308.08,2173232.32,6519696.96,0.012578616352201328,-0.009065155807365513,0.011188591049209,0.018320946928131816,0.001482287255920367,0.4799143307802098,-0.03512320706141969,-0.05578549577109959,0.013340956737183163,1
2026-07-14 00:00:00+05:30,TATAMOTORS-EQ,333.35,8043834,-0.026004382761139477,-0.026146654981010764,-0.05352072685973874,349.96,354.1745833333333,0.9881002659940542,37.50820869956441,107251.12,429004.48,1287013.44,0.02459877006149689,-0.019702984855168325,0.015991516187408395,0.02302870876968797,-0.042679249037541944,0.5588790111956183,-0.026146654981010764,-0.15905650857719467,0.0013499325033747844,1
2026-07-15 00:00:00+05:30,ITC-EQ,276.65,8523722,0.003992015968063756,-0.01425262782825587,-0.047020323802962616,286.855,303.08625000000006,0.9464467622665164,32.54231011557003,113649.62666666666,454598.50666666665,1363795.52,0.008675221398879369,0.0,0.010067880518363338,0.008535827880863057,-0.43246510668492555,0.6781030114630792,-0.01425262782825587,-0.051431510372021316,0.015000903668895837,1
2026-07-15 00:00:00+05:30,RELIANCE-EQ,1295.5,9577965,0.0019334880123742515,0.015361705462810571,-0.009556574923547445,1306.35,1365.4316666666668,0.9567304112618841,46.312941873578026,127706.20000000001,510824.80000000005,1532474.4000000001,0.012967966036279569,0.001081832934085535,0.012748453523490877,0.01107179976232187,-0.29111363509197197,0.7308479211743528,0.015361705462810571,-0.02506020469596626,-0.005326128907757743,0
2026-07-15 00:00:00+05:30,SBIN-EQ,1030.1,14275394,0.014477053377978999,0.012980627396990796,-0.016517089936986973,1034.2275000000002,1059.07625,0.9765373361927435,51.87215848077907,190338.58666666667,761354.3466666667,2284063.04,0.021648383652072573,0.014377154111275145,0.01242714906629675,0.012307005374710581,0.2346472500429413,1.3174428121012018,0.012980627396990796,0.014576972323451232,-0.0049509756334336075,0
2026-07-15 00:00:00+05:30,SUZLON-EQ,52.42,45977388,-0.0009529254812272736,-0.013363448146056833,-0.10162810625535557,56.36099999999999,49.79608333333333,1.1318360045050397,36.754237977363985,613031.84,2452127.36,7356382.08,0.022510492178557797,-0.0009529254812273138,0.01166731249679087,0.014977780652582146,0.12833190332821842,0.633438586001431,-0.013363448146056833,-0.09495856353591159,0.011255246089278748,1
2026-07-15 00:00:00+05:30,TATAMOTORS-EQ,333.0,7144390,-0.0010499475026248817,0.002861014907393322,-0.042553191489361764,346.92999999999995,354.00291666666664,0.980020174033406,37.337041519768306,95258.53333333333,381034.1333333333,1143102.4,0.012912912912912947,-0.005970149253731343,0.015833808047637506,0.023085765036617002,-0.11181782219772307,0.49516156390931665,0.002861014907393322,-0.15396341463414642,-0.0159159159159159,0
2026-07-16 00:00:00+05:30,ITC-EQ,279.35,11220653,0.009759624073739648,-0.009572770785321705,-0.03639185926181432,286.28499999999997,302.6375,0.945966709346991,38.477381899155446,149608.70666666667,598434.8266666667,1795304.48,0.01592983712189006,0.008483754512635461,0.011051394534133693,0.008969722099799458,0.31640297513222504,0.8835391823732568,-0.009572770785321705,-0.03920894239036965,0.006980490424199015,1
2026-07-16 00:00:00+05:30,RELIANCE-EQ,1296.6,15631046,0.0008490930142801556,0.01312705110173451,-0.0052934407364787495,1304.545,1364.4566666666667,0.9560911913655497,46.6871901594249,208413.94666666666,833655.7866666666,2500967.36,0.01357396267160276,0.0008490930142801304,0.01272512096187227,0.011040481061957751,0.6319798621105841,1.1677707967695525,0.01312705110173451,-0.02708786673670005,-0.01881844824926726,0
2026-07-16 00:00:00+05:30,SBIN-EQ,1031.2,7708316,0.0010678574895641724,0.00890323843068197,-0.019399011030810098,1034.4625,1059.01625,0.976814567292995,52.2579261712133,102777.54666666666,411110.18666666665,1233330.5599999998,0.008436772692009353,0.0010678574895642526,0.012314041254132019,0.012070264153352992,-0.46002779327842025,0.7129674010130252,0.00890323843068197,0.004578665367754642,-0.018037238169123393,0
2026-07-16 00:00:00+05:30,SUZLON-EQ,51.97,45561488,-0.008584509729111067,-0.03221601489757919,-0.09883821744407839,55.995999999999995,49.82933333333334,1.1237557529701379,35.214949399683476,607486.5066666667,2429946.026666667,7289838.08,0.015585914950933139,-0.011977186311787121,0.011676826682223763,0.013438516860329383,-0.009045750924345675,0.6837941532427533,-0.03221601489757919,-0.12316517631179358,0.008081585530113511,1
2026-07-16 00:00:00+05:30,TATAMOTORS-EQ,331.8,8194443,-0.003603603603603567,0.0009049773755656076,-0.04090186443127608,345.47249999999997,353.90125,0.9761833279763775,36.71834852849182,109259.24,437036.96,1311110.8800000001,0.02380952380952374,-0.008516360376512674,0.015829935153799303,0.014908076337193281,0.14697587897637177,0.6695490390192681,0.0009049773755656076,-0.08075910790968277,-0.022603978300180794,0
2026-07-17 00:00:00+05:30,ITC-EQ,280.7,15215868,0.004832647216753028,-0.003726708074534235,-0.0319020520779445,285.76249999999993,302.2575,0.9454273260382288,41.26018068689867,202878.24,811512.96,2434538.88,0.014784467402921189,0.0048326472167530546,0.011325104668834485,0.009070116281685242,0.3560590457614188,1.175880656258845,-0.003726708074534235,-0.03589215181178085,0.009796936230851427,1
2026-07-17 00:00:00+05:30,RELIANCE-EQ,1327.2,18302218,0.023600185099491133,0.014834072488148164,0.017791411042944905,1304.5,1363.9,0.9564484199721387,55.89737028392564,244029.5733333333,976118.2933333332,2928354.88,0.025768535262206183,0.020923076923076957,0.014838118923207692,0.012344866148504002,0.17088888357183518,1.3531383645497053,0.014834072488148164,-0.0006776598147728574,-0.037070524412296635,0
2026-07-17 00:00:00+05:30,SBIN-EQ,1044.3,8452780,0.012703646237393285,0.008011583011583001,0.004134615384615348,1034.5425,1059.0820833333335,0.976829384880067,56.708308433410146,112703.73333333334,450814.93333333335,1352444.8,0.018864311021737093,0.013293227246264357,0.01263916581487623,0.011880571236595113,0.09657933068649505,0.7913228206735354,0.008011583011583001,0.0015344777980241808,-0.028057071722685012,0
2026-07-17 00:00:00+05:30,SUZLON-EQ,51.99,111362634,0.00038483740619588147,-0.03579376854599403,-0.08580974151573761,55.673500000000004,49.876416666666664,1.1162289458778951,35.34455384624272,1484835.1199999999,5939340.4799999995,17818021.439999998,0.01961915753029421,0.0005773672055427471,0.012055278624240566,0.013398759958205565,1.444227326377049,1.6356468268503328,-0.03579376854599403,-0.11036960985626276,0.005577995768416999,1
2026-07-17 00:00:00+05:30,TATAMOTORS-EQ,335.6,7785825,0.011452682338758402,-0.006953691374463555,-0.02470212147631501,344.02000000000004,353.8825,0.9721305800654173,40.10309917037279,103811.0,415244.0,1245732.0,0.019666269368295658,0.010538994278831676,0.01655240225120694,0.014971241795790525,-0.049865256247434986,0.6773099393492115,-0.006953691374463555,-0.07966543260660897,-0.03516090584028608,0
2026-07-20 00:00:00+05:30,ITC-EQ,282.7,9913943,0.007125044531528291,0.010906490255676804,-0.01925411968777102,285.27250000000004,301.9070833333334,0.9449016460638413,45.21383597090948,132185.90666666668,528743.6266666667,1586230.8800000001,0.014856738592147112,0.007125044531528323,0.011720880560170404,0.009179269143624267,-0.34844709483547043,0.7780539830361596,0.010906490255676804,-0.03350427350427354,0.011142553944110567,1
2026-07-20 00:00:00+05:30,RELIANCE-EQ,1323.1,14305844,-0.0030892103676914973,0.02020202020202011,0.0013622947097555738,1305.18,1363.2208333333333,0.957423748292188,54.53786225854216,190744.58666666667,762978.3466666667,2288935.04,0.02342982389842038,0.004479198299422915,0.01433444076107475,0.011925484290657906,-0.21835462783800297,1.1007293353914462,0.02020202020202011,0.010385643375333986,-0.03257501322651346,0
2026-07-20 00:00:00+05:30,SBIN-EQ,1060.0,16540411,0.015033994063008649,0.022179363548698205,0.021489833285149862,1035.7875,1059.3433333333335,0.9777637404303922,61.3574699032365,220538.81333333335,882155.2533333334,2646465.7600000002,0.025188679245283063,0.017665130568356464,0.013384897387572012,0.012190093443166329,0.9568013127042228,1.4963468107015159,0.022179363548698205,0.0240556467974109,-0.0371698113207547,0
2026-07-20 00:00:00+05:30,SUZLON-EQ,53.09,51555144,0.021157914983650716,-0.0015046078615760239,-0.04290607535604818,55.36800000000001,49.93941666666667,1.1087033789274672,42.194140092820774,687401.9199999999,2749607.6799999997,8248823.039999999,0.03164437747221698,0.019589014787785734,0.013951182341766462,0.014104686334356869,-0.5370516828831473,0.8097670192054619,-0.0015046078615760239,-0.10320945945945947,0.0011301563382932756,1
2026-07-20 00:00:00+05:30,TATAMOTORS-EQ,336.45,7562963,0.002532777115613616,-0.016946676406135897,-0.030543149402103453,342.8675,353.8591666666667,0.9689377365288921,40.86502605344045,100839.50666666668,403358.02666666673,1210074.08,0.015306880665775105,0.0028315946348732896,0.016215316882579975,0.014843270473581614,-0.02862407002469236,0.6706583998251722,-0.016946676406135897,-0.06411682892906823,-0.026155446574528174,0
2026-07-21 00:00:00+05:30,ITC-EQ,281.0,9858768,-0.00601344181110719,0.019778624569043668,-0.026839826839826886,284.76000000000005,301.5416666666667,0.9443471051540695,42.58976801325901,131450.24,525800.96,1577402.88,0.018327402135231236,-0.007067137809187279,0.011711492337665856,0.00921350286159503,-0.005565394112110544,0.7739944342924361,0.019778624569043668,-0.03519313304721028,0.012989323843416223,1
2026-07-21 00:00:00+05:30,RELIANCE-EQ,1303.7,12753410,-0.014662534955785511,0.008275328692962214,-0.0035921736472027677,1304.04,1362.3975,0.9571655849339125,48.52404838629167,170045.46666666665,680181.8666666666,2040545.5999999999,0.018562552734524847,-0.013096139288417831,0.014790369121440104,0.012014621792855371,-0.10851747020308622,0.9819526591534574,0.008275328692962214,-0.01718808895589896,-0.027613714811689838,0
2026-07-21 00:00:00+05:30,SBIN-EQ,1044.4,10514887,-0.014716981132075424,0.02856017333070726,0.006068779501011701,1035.9699999999998,1059.3104166666667,0.977966405031575,55.0332774038662,140198.49333333335,560793.9733333334,1682381.92,0.023171198774415973,-0.011172126491194806,0.014425169998795824,0.012650469679587618,-0.3642910687043992,0.9330696366493282,0.02856017333070726,0.003507086235887691,-0.029873611643048692,0
2026-07-21 00:00:00+05:30,SUZLON-EQ,53.17,31019284,0.0015068751177245154,0.013340956737183163,-0.02225082751011398,55.061,49.99091666666667,1.101420091316589,42.66983054680131,413590.45333333337,1654361.8133333335,4963085.44,0.012224938875305597,0.0015068751177245863,0.012929476775231236,0.01409547110495782,-0.3983280504463337,0.5028842169859562,0.013340956737183163,-0.10352385769684713,-0.09685913108895994,0
2026-07-21 00:00:00+05:30,TATAMOTORS-EQ,333.8,5847490,-0.007876356070738555,0.0013499325033747844,-0.02483201869704932,341.4825,353.74666666666667,0.9653306509366402,39.19120438089723,77966.53333333334,311866.13333333336,935598.4,0.017525464349910022,-0.006843201428146419,0.01588978489920429,0.014729317557462882,-0.2268255179881219,0.5415896127352567,0.0013499325033747844,-0.076625172890733,-0.028160575194727477,0
2026-07-22 00:00:00+05:30,ITC-EQ,280.8,12995017,-0.000711743772241924,0.015000903668895837,0.0005344735435597325,284.3,301.18666666666667,0.9439328876886981,42.278887832468136,173266.8933333333,693067.5733333332,2079202.7199999997,0.013176638176638136,0.0010695187165775807,0.007589697258232066,0.009196262606828333,0.3181177404722375,1.0060592948198597,0.015000903668895837,-0.03172413793103446,0.019408831908831914,1
2026-07-22 00:00:00+05:30,RELIANCE-EQ,1288.6,10840383,-0.011582419268236666,-0.005326128907757743,0.009953758131514778,1302.9950000000001,1361.5849999999998,0.9569692674346444,44.418461179242065,144538.44,578153.76,1734461.2799999998,0.018547260592891406,-0.010291858678955523,0.012803236598158773,0.011952702117642185,-0.1500012153612249,0.8495720937277202,-0.005326128907757743,-0.015960290187094328,-0.00985565730249871,0
2026-07-22 00:00:00+05:30,SBIN-EQ,1025.0,11227214,-0.018575258521639326,-0.0049509756334336075,0.007965384993608104,1036.0099999999998,1059.2729166666666,0.9780387883984886,48.358020728218946,149696.18666666668,598784.7466666667,1796354.24,0.02458536585365858,-0.018575258521639305,0.014133613854186333,0.01284278597807753,0.06774461770250118,0.9926851322593773,-0.0049509756334336075,0.0007810974419057981,-0.011024390243902449,0
2026-07-22 00:00:00+05:30,SUZLON-EQ,53.01,55827250,-0.00300921572315227,0.011255246089278748,-0.0022586109542631627,54.79699999999999,50.05183333333333,1.0948050520959938,41.92671207755711,744363.3333333333,2977453.333333333,8932360.0,0.025844180343331535,-0.002821670428893879,0.010708826459051782,0.01382247251671141,0.7997594657568499,0.914351651550245,0.011255246089278748,-0.09058157488419971,-0.10488587059045451,0
2026-07-22 00:00:00+05:30,TATAMOTORS-EQ,327.7,8609616,-0.01827441581785505,-0.0159159159159159,-0.013100436681222738,340.14,353.6070833333333,0.9619151200072585,35.57864152085449,114794.87999999999,459179.51999999996,1377538.5599999998,0.022886786695148,-0.01827441581785507,0.01395219505247867,0.014678598755323785,0.4723609617117772,0.8266940923701704,-0.0159159159159159,-0.07572979833591886,0.006408300274641565,1
2026-07-23 00:00:00+05:30,ITC-EQ,281.3,21143589,0.0017806267806268483,0.006980490424199015,-0.0026591029959227575,283.84749999999997,300.8754166666667,0.9434054238949952,43.39137512421181,281914.52,1127658.08,3382974.24,0.015463917525773276,0.004822289694588401,0.007425170801789631,0.009206270330224678,0.6270535852319392,1.54750725541699,0.006980490424199015,-0.031169278457034655,0.013330963384287298,1
2026-07-23 00:00:00+05:30,RELIANCE-EQ,1272.2,12580741,-0.012726990532360594,-0.01881844824926726,-0.005938427879356056,1300.925,1360.6825,0.9560827011444625,40.41854815513886,167743.21333333332,670972.8533333333,2012918.56,0.015170570664989745,-0.008417770849571281,0.013485054066906364,0.012205951752296013,0.1605439586405757,0.9800140707086802,-0.01881844824926726,-0.031516443361753854,0.016271026568149605,1
2026-07-23 00:00:00+05:30,SBIN-EQ,1012.6,8910230,-0.012097560975609767,-0.018037238169123393,-0.009294589570492118,1034.91,1058.9350000000002,0.9773121107527846,44.63161741913197,118803.06666666668,475212.2666666667,1425636.8,0.01639344262295084,-0.009197651663405066,0.014601514841965549,0.012891289905654777,-0.20637212401936933,0.7977463164958726,-0.018037238169123393,-0.021264256717571928,0.01254197116334188,1
2026-07-23 00:00:00+05:30,SUZLON-EQ,52.39,47311426,-0.011695906432748537,0.008081585530113511,-0.024394785847299816,54.521,50.106833333333334,1.088095103462269,39.08607599423434,630819.0133333333,2523276.053333333,7569828.16,0.020423744989501818,-0.008703878902554415,0.01051817510181692,0.01390760773298972,-0.1525388407990721,0.7855170189531118,0.008081585530113511,-0.09532032464168527,-0.09524718457720938,0
2026-07-23 00:00:00+05:30,TATAMOTORS-EQ,324.3,6985396,-0.010375343301800344,-0.022603978300180794,-0.021719457013574583,338.87,353.47166666666664,0.9586907012820454,33.71328585283024,93138.61333333334,372554.45333333337,1117663.36,0.01449275362318837,-0.008105214864658134,0.014251039820344326,0.01458014345232837,-0.18865185160406694,0.6892127866124005,-0.022603978300180794,-0.0726336860165856,0.030527289546715908,1
2026-07-24 00:00:00+05:30,ITC-EQ,283.45,24954082,0.007643085673658012,0.009796936230851427,0.006033717834960095,283.52,300.56125,0.9433019060174923,48.029774193804,332721.0933333333,1330884.3733333333,3992653.12,0.018698183101076068,0.013950992666785823,0.007818111813552455,0.009433088100255282,0.18021978198687072,1.7390585264689968,0.009796936230851427,-0.022586206896551775,-0.008643499735403015,0
2026-07-24 00:00:00+05:30,RELIANCE-EQ,1278.0,9817000,0.004559031598805108,-0.037070524412296635,-0.022786358770454207,1298.92,1359.6933333333334,0.9553036469007717,42.394251310074594,130893.33333333334,523573.3333333334,1570720.0,0.02629107981220668,0.010276679841897233,0.011209783507991292,0.012232767349298,-0.21968030340979117,0.773391707640067,-0.037070524412296635,-0.030422577953114316,0.023317683881064033,1
2026-07-24 00:00:00+05:30,SBIN-EQ,1015.0,13797053,0.0023701362828363326,-0.028057071722685012,-0.020270270270270285,1033.39,1058.5308333333335,0.9762493141043758,45.50687780199356,183960.70666666667,735842.8266666667,2207528.48,0.016748768472906402,0.008946322067594433,0.013776383819256945,0.01263840806222467,0.5484508256240299,1.2475874033707843,-0.028057071722685012,-0.029079778075377982,0.012216748768473007,1
2026-07-24 00:00:00+05:30,SUZLON-EQ,52.28,45263052,-0.002099637335369331,0.005577995768416999,-0.030415430267062282,54.278,50.14416666666667,1.082438967643295,38.58656325136732,603507.36,2414029.44,7242088.319999999,0.01511094108645752,0.0005741626794258591,0.0102714166273125,0.01377676237605709,-0.04329554556229187,0.7764334416362365,0.005577995768416999,-0.08505425271263567,-0.08167559296097937,0
2026-07-24 00:00:00+05:30,TATAMOTORS-EQ,323.8,7171058,-0.0015417823003391895,-0.03516090584028608,-0.04187009912708972,337.4,353.3329166666666,0.9549067864466821,33.435661233225034,95614.10666666666,382456.42666666664,1147369.28,0.023162445954292774,0.008722741433021841,0.012107235194547176,0.014234825946717385,0.026578593396852535,0.7375618530376336,-0.03516090584028608,-0.08323895809739523,0.04925880172946262,1
2026-07-27 00:00:00+05:30,ITC-EQ,285.85,19312804,0.008467101781619357,0.011142553944110567,0.022170570355802166,283.27750000000003,300.2883333333333,0.9433516675639526,52.68989214312954,257504.05333333332,1030016.2133333333,3090048.6399999997,0.008396011894350103,-0.006602953953084196,0.007607449374973683,0.009646428201903161,-0.22606634056904995,1.3040971189678199,0.011142553944110567,-0.016683866529067615,0.004023089032709315,1
2026-07-27 00:00:00+05:30,RELIANCE-EQ,1280.0,7163132,0.0015649452269170805,-0.03257501322651346,-0.01303107409977644,1297.8700000000001,1358.7683333333334,0.9551812241723816,43.09497677777018,95508.42666666667,382033.70666666667,1146101.12,0.008359375000000035,-0.006365471200124239,0.011048315660719297,0.011941889240843412,-0.2703339105633086,0.5793674168507417,-0.03257501322651346,-0.016141429669485063,0.030468750000000044,1
2026-07-27 00:00:00+05:30,SBIN-EQ,1020.6,6093002,0.0055172413793103114,-0.0371698113207547,-0.015814850530376012,1032.615,1058.1508333333334,0.9758674921108443,47.58878391109521,81240.02666666666,324960.10666666663,974880.32,0.007642563198118821,0.00029403116730380107,0.013957792789600312,0.012599254797104676,-0.5583838084843191,0.579032718036751,-0.0371698113207547,-0.0149599459511629,0.023907505388986783,1
2026-07-27 00:00:00+05:30,SUZLON-EQ,53.15,45205048,0.016641162968630496,0.0011301563382932756,-0.00037615196539408924,54.075,50.19175,1.0773682925978871,44.61529045877749,602733.9733333334,2410935.8933333335,7232807.68,0.018438381937911648,0.012380952380952354,0.01118126737684658,0.014516210402034208,-0.0012814867190130697,0.7914984753160708,0.0011301563382932756,-0.07096661422828177,-0.09501411100658508,0
2026-07-27 00:00:00+05:30,TATAMOTORS-EQ,327.65,4777294,0.011890055589870219,-0.026155446574528174,-0.04265887509130761,336.53000000000003,353.1316666666666,0.9529873182335203,37.69053173925218,63697.25333333334,254789.01333333337,764367.04,0.009003509842820048,0.0027543993879111774,0.011979935656417412,0.013943935766384499,-0.33380904184570814,0.5099908254805905,-0.026155446574528174,-0.05042747427909011,0.06607660613459498,1
2026-07-28 00:00:00+05:30,ITC-EQ,284.65,14843878,-0.004198005947175232,0.012989323843416223,0.033024859372164705,283.1625,299.9758333333333,0.943951040500485,50.26302706098861,197918.37333333332,791673.4933333333,2375020.48,0.019848937291410428,-0.0008775008775008775,0.005437517562786027,0.009260289980027458,-0.23139705658484389,1.01375369590922,0.012989323843416223,-0.008015333681826164,0.015281925171263033,1
2026-07-28 00:00:00+05:30,RELIANCE-EQ,1267.7,9312184,-0.00960937499999992,-0.027613714811689838,-0.019566898685228096,1296.56,1357.7041666666667,0.9549650298144232,39.8819231919231,124162.45333333334,496649.81333333335,1489949.4400000002,0.010491441192711172,-0.0057254901960783955,0.011357517258075055,0.012063579363807836,0.30001569146010443,0.7731445028297322,-0.027613714811689838,-0.020248860035551486,0.018300859824879723,1
2026-07-28 00:00:00+05:30,SBIN-EQ,1013.2,9873370,-0.007250636880266503,-0.029873611643048692,-0.00216663383888116,1031.93,1057.6179166666666,0.9757115341354767,45.13486626297402,131644.93333333335,526579.7333333334,1579739.2,0.013521515988945958,-0.0047151277013752005,0.012447769714170163,0.012548612182684308,0.6204442407863973,0.9440692444490022,-0.029873611643048692,-0.013341123770571617,0.02911567311488361,1
2026-07-28 00:00:00+05:30,SUZLON-EQ,48.02,224762106,-0.09651928504233298,-0.09685913108895994,-0.08481036782923568,53.531000000000006,50.19466666666666,1.0664678850342668,27.48315220657817,2996828.08,11987312.32,35961936.96,0.11162015826738857,-0.09651928504233294,0.032619183911318364,0.023787904446217603,3.9720576781601915,3.607643968329931,-0.09685913108895994,-0.18471986417657038,-0.00020824656393181318,0
2026-07-28 00:00:00+05:30,TATAMOTORS-EQ,324.4,6650930,-0.00991912101327641,-0.028160575194727477,-0.026848657567121736,335.14,352.91791666666666,0.9496259163190686,35.62061240286906,88679.06666666665,354716.2666666666,1064148.7999999998,0.014025893958076486,-0.007951070336391506,0.009578963700056424,0.012903762973287613,0.3921960842267611,0.7541167842577581,-0.028160575194727477,-0.07893242475865991,0.07444512946979054,1
2026-07-29 00:00:00+05:30,ITC-EQ,286.25,19030590,0.0056209379940277415,0.019408831908831914,0.03470088559551798,282.96,299.7825,0.9438843161291935,53.34840413543823,253741.19999999998,1014964.7999999999,3044894.4,0.017117903930131125,0.0022759103641455786,0.005485811464065002,0.008939568314456452,0.28204974468262267,1.2465630593741455,0.019408831908831914,-0.013951085084395465,0.0024454148471615422,1
2026-07-29 00:00:00+05:30,RELIANCE-EQ,1275.9,9448307,0.006468407351897243,-0.00985565730249871,-0.01512929370899263,1294.955,1357.1116666666667,0.9541992982645741,42.93644724283839,125977.42666666667,503909.70666666667,1511729.12,0.0107375186143115,0.0007058823529412479,0.011615915320775718,0.01187375188260264,0.014617730921124394,0.7765580586031685,-0.00985565730249871,-0.02454128440366965,0.003213417979465394,1
2026-07-29 00:00:00+05:30,SBIN-EQ,1013.7,4792964,0.0004934859849980988,-0.011024390243902449,-0.015920784389864884,1030.2450000000001,1057.5804166666667,0.9741528717477356,45.33995806715631,63906.18666666666,255624.74666666664,766874.24,0.008089178257867263,-0.0061764705882352494,0.01136033344812795,0.011588180991027479,-0.5145564280483765,0.46160787696756544,-0.011024390243902449,-0.03217490929921718,0.040741836835355594,1
2026-07-29 00:00:00+05:30,SUZLON-EQ,47.45,221723792,-0.011870054144106579,-0.10488587059045451,-0.09481114078595954,52.986000000000004,50.20533333333333,1.0553858819780104,26.275821297649586,2956317.2266666666,11825268.906666666,35475806.72,0.05837723919915707,-0.011458333333333274,0.03252789428032416,0.023791622825594338,-0.013517910354514995,3.147309038205174,-0.10488587059045451,-0.1868037703513281,0.014752370916754298,1
2026-07-29 00:00:00+05:30,TATAMOTORS-EQ,329.8,7220810,0.016646115906288728,0.006408300274641565,-0.009609609609609548,334.24,352.7941666666667,0.947407955063505,41.381035482650674,96277.46666666666,385109.86666666664,1155329.5999999999,0.01561552456033953,0.011656441717791446,0.011378399856461304,0.01352709214667382,0.08568425769027788,0.8418234637155476,0.006408300274641565,-0.0517538815411156,0.06064281382656156,1
2026-07-30 00:00:00+05:30,ITC-EQ,285.05,18283697,-0.004192139737991263,0.013330963384287298,0.02040451047073555,282.7175,299.53541666666666,0.9438533284183144,50.802958371131936,243782.62666666665,975130.5066666666,2925391.52,0.01631292755656894,-0.0036700454386578516,0.005471453658824467,0.008973482917336264,-0.039246970272597936,1.1762164147464935,0.013330963384287298,-0.016729906864435873,0.002981932994211345,1
2026-07-30 00:00:00+05:30,RELIANCE-EQ,1292.9,12158451,0.013323928207539693,0.016271026568149605,-0.002853617152552723,1294.425,1356.2991666666667,0.9543801484308709,48.75012592683404,162112.68,648450.72,1945352.16,0.016783974011911243,0.010235974370995575,0.01252600802922154,0.012289832313340887,0.28683911308131704,1.0230016303893885,0.016271026568149605,-0.008131952435749823,0.024827906257251176,1
2026-07-30 00:00:00+05:30,SBIN-EQ,1025.3,6847458,0.01144322777942186,0.01254197116334188,-0.005721489526764989,1028.93,1057.5520833333333,0.9729355331199213,50.00888772949078,91299.44,365197.76,1095593.28,0.020189212913293605,0.011642821904292012,0.012076723471898611,0.011891784742254101,0.42864790972767586,0.6853333294099699,0.01254197116334188,-0.025009509319132706,0.058226860431093375,1
2026-07-30 00:00:00+05:30,SUZLON-EQ,47.4,116150327,-0.0010537407797682752,-0.09524718457720938,-0.08793534731575914,52.472500000000004,50.20875,1.0450867627654543,26.16722941808696,1548671.0266666668,6194684.106666667,18584052.32,0.03502109704641358,-0.0021052631578947667,0.032636093166596804,0.023870860882314292,-0.47614856325387034,1.5760431269371,-0.09524718457720938,-0.17808219178082196,0.01476793248945163,1
2026-07-30 00:00:00+05:30,TATAMOTORS-EQ,334.2,6078600,0.013341419041843494,0.030527289546715908,0.00723327305605781,333.6525,352.555,0.9463842521025088,45.64843400279596,81048.0,324192.0,972576.0,0.02079593058049069,0.018281535648994516,0.01216662477444833,0.01396372123194531,-0.158183084723182,0.7270780368684878,0.030527289546715908,-0.03396444572915158,0.033363255535607594,1
2026-07-31 00:00:00+05:30,ITC-EQ,281.0,16833813,-0.014208033678302145,-0.008643499735403015,0.001068756679729388,282.27,299.23833333333334,0.9432949209938565,43.29475301426359,224450.84,897803.36,2693410.08,0.020462633451957295,-0.015934162143232396,0.007372633091032494,0.009454327623379872,-0.07929927957130334,1.0481622713690883,-0.008643499735403015,-0.03086739092947055,0.018149466192170838,1
2026-07-31 00:00:00+05:30,RELIANCE-EQ,1307.8,8624996,0.011524479851496627,0.023317683881064033,-0.014617239300783624,1294.615,1355.2216666666666,0.955279148675555,53.24617832869489,114999.94666666667,459999.7866666667,1379999.36,0.012310750879339452,0.009884169884169848,0.010371800631611756,0.012573401895603575,-0.2906172011549827,0.7233097003414997,0.023317683881064033,0.0029141104294478914,0.0206453586175257,1
2026-07-31 00:00:00+05:30,SBIN-EQ,1027.4,10921417,0.0020481810201893325,0.012216748768473007,-0.01618308915062705,1028.3,1057.2454166666666,0.9726218565620013,50.82775478381644,145618.8933333333,582475.5733333332,1747426.72,0.010511971968074707,-0.0006808676198811576,0.011221311953671289,0.011680351534894383,0.5949593265121158,1.0904598510579178,0.012216748768473007,-0.012115384615384528,0.06793848549737191,1
2026-07-31 00:00:00+05:30,SUZLON-EQ,48.01,56655652,0.012869198312236207,-0.08167559296097937,-0.07655318330448169,52.0295,50.19916666666667,1.0364614286425737,29.969747242498045,755408.6933333334,3021634.7733333334,9064904.32,0.021870443657571282,0.009461732548359877,0.03325329611222375,0.024355521589518734,-0.5122213302077057,0.7763309767025255,-0.08167559296097937,-0.15579391594865477,0.002916059154342898,1
2026-07-31 00:00:00+05:30,TATAMOTORS-EQ,339.75,8527463,0.016606822262118515,0.04925880172946262,0.012365911799761653,333.435,352.28583333333336,0.9464899477933401,50.53955154212296,113699.50666666668,454798.02666666673,1364394.08,0.021927888153053684,0.012516763522574843,0.01276317658566473,0.01450866345009712,0.40286628499983546,1.0457893254731987,0.04925880172946262,-0.012641673931996555,0.021339220014716664,1
2026-08-03 00:00:00+05:30,ITC-EQ,287.0,45392755,0.021352313167259718,0.004023089032709315,0.015210470463388859,282.2075,299.01458333333335,0.9437917604353186,54.11422609968037,605236.7333333333,2420946.933333333,7262840.8,0.03327526132404185,0.008964668658815298,0.009834054547199768,0.010676451634132023,1.6965224693894365,2.674308267032674,0.004023089032709315,-0.004336513443191636,-0.015156794425087217,0
2026-08-03 00:00:00+05:30,RELIANCE-EQ,1319.0,7508023,0.008564000611714473,0.030468750000000044,-0.0030987831607587335,1294.5,1354.0733333333333,0.9560043522999739,56.34628213678736,100106.97333333333,400427.8933333333,1201283.68,0.009855951478392721,0.0028892944038929093,0.010809213229681033,0.01235871501830282,-0.12950417600193664,0.6299092954367818,0.030468750000000044,-0.0017407099069097764,0.00629264594389678,1
2026-08-03 00:00:00+05:30,SBIN-EQ,1045.0,10507450,0.017130620985010614,0.023907505388986783,-0.014150943396226467,1028.6650000000002,1057.0520833333333,0.973145047646265,57.16114833927172,140099.3333333333,560397.3333333333,1681192.0,0.019043062200957025,0.00966183574879227,0.011579944004651028,0.01231835641378704,-0.037904147419698386,1.0400589198285166,0.023907505388986783,0.007034788474511,0.024880382775119614,1
2026-08-03 00:00:00+05:30,SUZLON-EQ,48.1,55317614,0.0018746094563633076,-0.09501411100658508,-0.09399133546807314,51.661,50.185249999999996,1.0294060505825915,30.5381624889489,737568.1866666668,2950272.746666667,8850818.24,0.02536382536382534,-0.0020746887966805274,0.03194619482265158,0.024131373281806156,-0.02361702588825565,0.7673251825767737,-0.09501411100658508,-0.13286461150171258,-0.012474012474012475,0
2026-08-03 00:00:00+05:30,TATAMOTORS-EQ,349.3,12027810,0.028108903605592372,0.06607660613459498,0.03819289641848722,333.5475,352.0679166666667,0.9473953297363317,57.60871035960494,160370.8,641483.2,1924449.6,0.019896936730604033,0.013933236574746042,0.015339554911467117,0.01575799850207764,0.410479294955604,1.4139652255810076,0.06607660613459498,0.006483215674974785,-0.006298310907529303,0
2026-08-04 00:00:00+05:30,ITC-EQ,289.0,12689243,0.006968641114982521,0.015281925171263033,0.028469750889679624,282.21999999999997,298.8379166666667,0.9443915388916231,57.055616467896684,169189.90666666668,676759.6266666667,2030278.8800000001,0.014878892733564053,0.010312882363223173,0.009577604409386601,0.010788965882462535,-0.720456645559407,0.7605842177115856,0.015281925171263033,0.0008658008658009031,-0.03460207612456745,0
2026-08-04 00:00:00+05:30,RELIANCE-EQ,1290.9,10759546,-0.02130401819560268,0.018300859824879723,-0.009818209710823034,1293.625,1352.8025000000002,0.956255624897204,47.78525273647843,143460.61333333334,573842.4533333334,1721527.3599999999,0.02215508559919429,-0.018326996197718562,0.011937754086806389,0.013085879887096112,0.43307312724002034,0.9164538298803385,0.018300859824879723,-0.01337511464383978,0.025563560306762767,1
2026-08-04 00:00:00+05:30,SBIN-EQ,1042.7,8544184,-0.0022009569377989813,0.02911567311488361,-0.001627728839525111,1028.895,1056.7954166666666,0.9735990370258514,56.143458471659855,113922.45333333334,455689.81333333335,1367069.4400000002,0.01601611201687908,-0.004677357770141145,0.01061227322134561,0.012332338340345635,-0.18684514320791434,0.8563644496754874,0.02911567311488361,0.0044311723340719755,0.022345832933729604,1
2026-08-04 00:00:00+05:30,SUZLON-EQ,48.01,61548498,-0.0018711018711019545,-0.00020824656393181318,-0.09704720707165704,51.34250000000001,50.18658333333334,1.0230323841531352,30.2735392959368,820646.64,3282586.56,9847759.68,0.02603624244948969,-0.011936612471702107,0.03183647919870738,0.023960407526841587,0.11263833613647911,0.8510607689122079,-0.00020824656393181318,-0.11713865391688127,-0.01062278691939178,0
2026-08-04 00:00:00+05:30,TATAMOTORS-EQ,348.55,8003110,-0.0021471514457486185,0.07444512946979054,0.04418813660874776,333.86,351.8545833333333,0.9488578970242205,56.92065692390803,106708.13333333333,426832.5333333333,1280497.6,0.013054081193516026,-0.0011462960309499277,0.014954641507844157,0.015421129982759175,-0.33461619363791084,0.9376608891436096,0.07444512946979054,0.01825883727724209,-0.0027255773920527027,0
2026-08-05 00:00:00+05:30,ITC-EQ,286.95,11771241,-0.007093425605536385,0.0024454148471615422,0.021901709401709324,282.53499999999997,298.51416666666665,0.94647099383893,53.285196509653126,156949.88,627799.52,1883398.5599999998,0.012197246907126678,-0.00450997398091938,0.010042779291211302,0.008732674657379444,-0.07234489874612693,0.7269599602777101,0.0024454148471615422,0.022447888829502993,-0.036417494336992484,0
2026-08-05 00:00:00+05:30,RELIANCE-EQ,1280.0,24820782,-0.008443721434658102,0.003213417979465394,-0.0066739096694086175,1293.8300000000002,1351.3791666666666,0.957414493218348,44.93335201894419,330943.75999999995,1323775.0399999998,3971325.1199999996,0.02257812500000007,-0.010054137664346482,0.011664452726037042,0.011951262611649803,1.306861460511438,2.0712623308617664,0.003213417979465394,0.003213417979465394,0.03164062500000009,1
2026-08-05 00:00:00+05:30,SBIN-EQ,1055.0,8707119,0.011796298072312306,0.040741836835355594,0.029268292682926855,1030.8,1056.7004166666668,0.9754893475405555,60.222123673112506,116094.92,464379.68,1393139.04,0.01393364928909957,0.011505273250239693,0.00895832834923539,0.011564296543838481,0.019069697000907215,0.8971281339566375,0.040741836835355594,0.037466810895860014,0.024170616113744048,1
2026-08-05 00:00:00+05:30,SUZLON-EQ,48.15,39589104,0.002916059154342898,0.014752370916754298,-0.09168081494057723,51.093500000000006,50.1875,1.0180523038605231,31.27122515286048,527854.72,2111418.88,6334256.640000001,0.01952232606438224,-0.007216494845360854,0.032028849628216914,0.02368803649337682,-0.35678196403753026,0.5572588565582226,0.014752370916754298,-0.09373235460191987,-0.02242990654205601,0
2026-08-05 00:00:00+05:30,TATAMOTORS-EQ,349.8,7110154,0.0035862860421747023,0.06064281382656156,0.06743973146170279,334.7475,351.69041666666664,0.9518243436166042,57.82477439592041,94802.05333333333,379208.2133333333,1137624.64,0.01943967981703834,0.0022922636103152186,0.012693168891854144,0.013591979257962183,-0.11157612478149115,0.8513925528809596,0.06064281382656156,0.0534558048486673,-0.022298456260720467,0
