Stock,Symbol,LTP,Price,Bid Price,Bid Quantity,Ask Price,Ask Quantity,Total Buy Quantity,Total Sell Quantity,Last Trade Quantity,Trade Volume,Average Price,SMMA20,SMMA120,RSI,ETQ 5m,ETQ 20m,ETQ 60m,Average LTP 20m,Average LTP 60m,Crossover,Crossover Price,Signal,Confidence,Liquidity Pass,LTP Pass,Reasons,Scan Time
SPORTKING,SPORTKING-EQ,203.53,203.53,203.53,9843.0,0.0,0.0,9843.0,0.0,130.0,192829.0,204.84,196.77334849086338,142.6952413820085,48.37263691288248,,,,,,NONE,,HOLD,50.0,False,True,"['Price is above SMMA20', 'SMMA20 is above SMMA120', 'RSI shows weak momentum']",2026-08-12 17:42:56
MCLEODRUSS,MCLEODRUSS-EQ,47.75,47.75,0.0,0.0,47.75,13735.0,0.0,13735.0,73.0,436901.0,47.44,54.24478295515996,50.80897182213573,29.73451327433628,,,,,,NONE,,HOLD,25.0,False,True,"['Price is below SMMA20', 'SMMA20 is above SMMA120', 'RSI is strongly oversold']",2026-08-12 17:43:01
BANKADD,BANKADD-EQ,59.33,59.33,0.0,0.0,0.0,0.0,0.0,0.0,39.0,343335.0,59.29,58.576300930570696,58.483151025506196,67.05539358600575,,,,,,BUY,59.39,BUY,85.0,False,True,"['Price is above SMMA20', 'SMMA20 is above SMMA120', 'RSI shows healthy bullish momentum']",2026-08-12 17:43:04
KRBL,KRBL-EQ,373.2,373.2,0.0,0.0,373.2,51.0,0.0,51.0,30.0,214572.0,370.42,363.6190735363841,355.93318865565107,71.78916109873799,,,,,,BUY,379.75,HOLD,50.0,False,True,"['Price is above SMMA20', 'SMMA20 is above SMMA120', 'RSI is overbought']",2026-08-12 17:43:06
AERONEU,AERONEU-EQ,84.07,84.07,0.0,0.0,84.07,5.0,0.0,5.0,60.0,42626.0,83.84,86.96870702628506,80.49772764960102,46.032992930086436,,,,,,NONE,,HOLD,10.0,False,True,"['Price is below SMMA20', 'SMMA20 is above SMMA120', 'RSI shows weak momentum']",2026-08-12 17:43:09
PETRONET,PETRONET-EQ,279.85,279.85,0.0,0.0,279.85,638.0,0.0,638.0,10.0,1408161.0,279.88,278.1268846477437,279.60589330354924,63.006535947712386,,,,,,NONE,,HOLD,25.0,False,True,"['Price is above SMMA20', 'SMMA20 is below SMMA120', 'RSI shows healthy bullish momentum']",2026-08-12 17:43:14
EKC,EKC-EQ,112.19,112.19,0.0,0.0,112.19,445.0,0.0,445.0,45.0,92282.0,112.4,112.45780280587446,113.47244917495443,58.324924318869826,,,,,,SELL,107.22,HOLD,35.0,False,True,"['Price is below SMMA20', 'SMMA20 is below SMMA120', 'RSI shows healthy bullish momentum']",2026-08-12 17:43:17
AMBUJACEM,AMBUJACEM-EQ,421.0,421.0,421.0,2792.0,0.0,0.0,2792.0,0.0,1.0,5400539.0,420.78,432.2772635410071,467.867437811051,48.98626553302812,,,,,,NONE,,SELL,70.0,False,True,"['Price is below SMMA20', 'SMMA20 is below SMMA120', 'RSI shows weak momentum']",2026-08-12 17:43:19
SWSOLAR,SWSOLAR-EQ,202.54,202.54,0.0,0.0,202.54,1513.0,0.0,1513.0,25.0,743629.0,201.79,213.59239998303798,204.11290134184532,43.39100346020759,,,,,,NONE,,HOLD,10.0,False,True,"['Price is below SMMA20', 'SMMA20 is above SMMA120', 'RSI shows weak momentum']",2026-08-12 17:43:22
GREENPANEL,GREENPANEL-EQ,176.66,176.66,0.0,0.0,0.0,0.0,0.0,0.0,334.0,574131.0,178.69,193.51279741758597,205.46287094820082,29.90361445783138,,,,,,NONE,,SELL,85.0,False,True,"['Price is below SMMA20', 'SMMA20 is below SMMA120', 'RSI is strongly oversold']",2026-08-12 17:43:24
KEC,KEC-EQ,441.8,441.8,441.8,167.0,0.0,0.0,167.0,0.0,5.0,1598645.0,445.2,487.5488402539134,566.5854782649278,32.00462160600809,,,,,,NONE,,SELL,70.0,False,True,"['Price is below SMMA20', 'SMMA20 is below SMMA120', 'RSI shows weak momentum']",2026-08-12 17:43:27
GSEC10IETF,GSEC10IETF-EQ,266.05,266.05,0.0,0.0,0.0,0.0,0.0,0.0,1114.0,1334.0,266.21,263.4617860623963,260.16823776913697,59.30563460443956,,,,,,NONE,,BUY,85.0,False,True,"['Price is above SMMA20', 'SMMA20 is above SMMA120', 'RSI shows healthy bullish momentum']",2026-08-12 17:43:29
FINPIPE,FINPIPE-EQ,161.35,161.35,0.0,0.0,161.35,1178.0,0.0,1178.0,1.0,422174.0,161.81,167.241583290216,172.57447719699863,52.227101631116675,,,,,,SELL,165.03,SELL,50.0,False,True,"['Price is below SMMA20', 'SMMA20 is below SMMA120', 'RSI shows mild bullish momentum']",2026-08-12 17:43:31
NPBET,NPBET-EQ,282.97,282.97,0.0,0.0,0.0,0.0,0.0,0.0,666.0,2979.0,283.0,285.548095014648,284.60442921494507,49.778621125869726,,,,,,BUY,292.17,HOLD,10.0,False,True,"['Price is below SMMA20', 'SMMA20 is above SMMA120', 'RSI shows weak momentum']",2026-08-12 17:43:34
GREAVESCOT,GREAVESCOT-EQ,193.76,193.76,0.0,0.0,193.76,2300.0,0.0,2300.0,1.0,1212348.0,194.09,216.96327473338565,182.9824016775391,26.60342783227337,,,,,,NONE,,HOLD,25.0,False,True,"['Price is below SMMA20', 'SMMA20 is above SMMA120', 'RSI is strongly oversold']",2026-08-12 17:43:36
INDORAMA,INDORAMA-EQ,58.16,58.16,0.0,0.0,58.16,952.0,0.0,952.0,1.0,239333.0,58.52,51.89063871861212,43.206786461020734,67.36161035226458,,,,,,BUY,45.68,BUY,85.0,False,True,"['Price is above SMMA20', 'SMMA20 is above SMMA120', 'RSI shows healthy bullish momentum']",2026-08-12 17:43:39
CREST,CREST-EQ,363.35,363.35,0.0,0.0,0.0,0.0,0.0,0.0,100.0,5853.0,368.9,374.4519238803096,364.8911825166777,45.05836575875484,,,,,,BUY,391.1,HOLD,10.0,False,True,"['Price is below SMMA20', 'SMMA20 is above SMMA120', 'RSI shows weak momentum']",2026-08-12 17:43:41
NIFTYBETA,NIFTYBETA-EQ,270.65,270.65,0.0,0.0,0.0,0.0,0.0,0.0,49.0,36036.0,270.01,267.9908317954644,270.4674097470357,73.0501392757662,,,,,,NONE,,HOLD,10.0,False,True,"['Price is above SMMA20', 'SMMA20 is below SMMA120', 'RSI is overbought']",2026-08-12 17:43:43
IGPL,IGPL-EQ,467.0,467.0,0.0,0.0,0.0,0.0,0.0,0.0,29.0,53511.0,465.91,458.88637259287015,410.20421864316876,54.603532506576464,,,,,,NONE,,BUY,70.0,False,True,"['Price is above SMMA20', 'SMMA20 is above SMMA120', 'RSI shows mild bullish momentum']",2026-08-12 17:43:46
ENIL,ENIL-EQ,101.33,101.33,0.0,0.0,0.0,0.0,0.0,0.0,56.0,51252.0,101.1,106.87443202885974,110.49277861257157,32.345013477089,,,,,,SELL,110.0,SELL,70.0,False,True,"['Price is below SMMA20', 'SMMA20 is below SMMA120', 'RSI shows weak momentum']",2026-08-12 17:43:48
COMMOIETF,COMMOIETF-EQ,100.53,100.53,0.0,0.0,0.0,0.0,0.0,0.0,158.0,21734.0,100.68,100.9390127014117,99.64566816770665,52.962515114873014,,,,,,NONE,,HOLD,10.0,False,True,"['Price is below SMMA20', 'SMMA20 is above SMMA120', 'RSI shows mild bullish momentum']",2026-08-12 17:43:54
MALUPAPER,MALUPAPER-EQ,31.56,31.56,31.56,182.0,0.0,0.0,182.0,0.0,18.0,2744.0,31.6,32.22091201323515,32.612092754537294,33.09929789368104,,,,,,NONE,,SELL,70.0,False,True,"['Price is below SMMA20', 'SMMA20 is below SMMA120', 'RSI shows weak momentum']",2026-08-12 17:43:56
KUANTUM,KUANTUM-EQ,85.08,85.08,0.0,0.0,0.0,0.0,0.0,0.0,1640.0,160582.0,84.98,79.150648026685,82.21473170408642,68.20276497695846,,,,,,NONE,,HOLD,25.0,False,True,"['Price is above SMMA20', 'SMMA20 is below SMMA120', 'RSI shows healthy bullish momentum']",2026-08-12 17:43:59
EMAMILTD,EMAMILTD-EQ,397.25,397.25,0.0,0.0,397.25,1587.0,0.0,1587.0,30.0,407075.0,398.01,408.16653497409067,445.67839891604984,39.4795127353267,,,,,,NONE,,SELL,70.0,False,True,"['Price is below SMMA20', 'SMMA20 is below SMMA120', 'RSI shows weak momentum']",2026-08-12 17:44:01
ESG,ESG-EQ,42.06,42.06,0.0,0.0,0.0,0.0,0.0,0.0,5.0,56367.0,42.05,41.631007452826964,41.80949841505398,68.21192052980133,,,,,,NONE,,HOLD,25.0,False,True,"['Price is above SMMA20', 'SMMA20 is below SMMA120', 'RSI shows healthy bullish momentum']",2026-08-12 17:44:04
TARMAT,TARMAT-EQ,55.09,55.09,0.0,0.0,0.0,0.0,0.0,0.0,10.0,8376.0,55.58,51.06127198098324,52.45253751504785,68.85369532428354,,,,,,NONE,,HOLD,25.0,False,True,"['Price is above SMMA20', 'SMMA20 is below SMMA120', 'RSI shows healthy bullish momentum']",2026-08-12 17:44:06
TARC,TARC-EQ,128.53,128.53,0.0,0.0,0.0,0.0,0.0,0.0,200.0,816652.0,129.58,129.04786307343602,138.28371176309435,45.90102002266719,,,,,,NONE,,SELL,70.0,False,True,"['Price is below SMMA20', 'SMMA20 is below SMMA120', 'RSI shows weak momentum']",2026-08-12 17:44:10
ADSL,ADSL-EQ,113.25,113.25,113.25,468.0,0.0,0.0,468.0,0.0,235.0,75603.0,113.33,118.05911496760913,123.28329477520558,49.51612903225805,,,,,,NONE,,SELL,70.0,False,True,"['Price is below SMMA20', 'SMMA20 is below SMMA120', 'RSI shows weak momentum']",2026-08-12 17:44:12
MADHAV,MADHAV-EQ,34.27,34.27,34.27,149.0,0.0,0.0,149.0,0.0,41.0,2210.0,34.65,35.28803358326525,36.98196144349131,51.26964933494559,,,,,,NONE,,SELL,50.0,False,True,"['Price is below SMMA20', 'SMMA20 is below SMMA120', 'RSI shows mild bullish momentum']",2026-08-12 17:44:14
RATNAVEER,RATNAVEER-EQ,210.01,210.01,210.01,1.0,0.0,0.0,1.0,0.0,249.0,4209276.0,210.77,187.95086441004727,164.4231107730196,69.22713306546915,,,,,,NONE,,BUY,85.0,False,True,"['Price is above SMMA20', 'SMMA20 is above SMMA120', 'RSI shows healthy bullish momentum']",2026-08-12 17:44:17
KECL,KECL-EQ,145.51,145.51,0.0,0.0,145.51,250.0,0.0,250.0,23.0,275774.0,145.98,129.42084227171898,107.9485789749515,65.07072905331883,,,,,,NONE,,BUY,85.0,False,True,"['Price is above SMMA20', 'SMMA20 is above SMMA120', 'RSI shows healthy bullish momentum']",2026-08-12 17:44:19
RACE,RACE-EQ,102.31,102.31,102.31,21.0,0.0,0.0,21.0,0.0,3.0,12964.0,103.22,109.88186053517957,117.45168420672128,37.12469092193571,,,,,,NONE,,SELL,70.0,False,True,"['Price is below SMMA20', 'SMMA20 is below SMMA120', 'RSI shows weak momentum']",2026-08-12 17:44:23
ANDHRAPAP,ANDHRAPAP-EQ,59.41,59.41,59.41,420.0,0.0,0.0,420.0,0.0,50.0,265349.0,59.52,61.66428118724609,64.07281102691464,36.785009861932956,,,,,,NONE,,SELL,70.0,False,True,"['Price is below SMMA20', 'SMMA20 is below SMMA120', 'RSI shows weak momentum']",2026-08-12 17:44:25
20MICRONS,20MICRONS-EQ,184.13,184.13,0.0,0.0,0.0,0.0,0.0,0.0,135.0,106819.0,185.21,194.9829674842486,184.39674631859148,12.23786268313701,,,,,,BUY,195.77,HOLD,25.0,False,True,"['Price is below SMMA20', 'SMMA20 is above SMMA120', 'RSI is strongly oversold']",2026-08-12 17:44:31
JAYBARMARU,JAYBARMARU-EQ,130.8,130.8,130.8,683.0,0.0,0.0,683.0,0.0,1993.0,569514.0,130.1,154.20479680475324,116.85475339674103,30.67862401284971,,,,,,NONE,,HOLD,10.0,False,True,"['Price is below SMMA20', 'SMMA20 is above SMMA120', 'RSI shows weak momentum']",2026-08-12 17:44:34
FSL,FSL-EQ,274.5,274.5,0.0,0.0,274.5,855.0,0.0,855.0,1.0,1861664.0,274.66,272.37855512509225,267.2248339164349,56.05823214518867,,,,,,BUY,330.7,BUY,85.0,False,True,"['Price is above SMMA20', 'SMMA20 is above SMMA120', 'RSI shows healthy bullish momentum']",2026-08-12 17:44:36
SPARC,SPARC-EQ,202.21,202.21,202.21,2236.0,0.0,0.0,2236.0,0.0,1.0,733126.0,202.93,218.5121792076615,170.72236652369364,37.67824864430609,,,,,,NONE,,HOLD,10.0,False,True,"['Price is below SMMA20', 'SMMA20 is above SMMA120', 'RSI shows weak momentum']",2026-08-12 17:44:38
ADANIPOWER,ADANIPOWER-EQ,206.99,206.99,206.99,18153.0,0.0,0.0,18153.0,0.0,1.0,13943707.0,206.64,214.62113935817305,184.56395344370506,38.528301886792505,,,,,,NONE,,HOLD,10.0,False,True,"['Price is below SMMA20', 'SMMA20 is above SMMA120', 'RSI shows weak momentum']",2026-08-12 17:44:44
KOLTEPATIL,KOLTEPATIL-EQ,492.7,492.7,0.0,0.0,492.7,2291.0,0.0,2291.0,9.0,815709.0,497.54,400.4415225806316,371.43242924802854,76.71443193449335,,,,,,NONE,,HOLD,50.0,False,True,"['Price is above SMMA20', 'SMMA20 is above SMMA120', 'RSI is overbought']",2026-08-12 17:44:46
KAVDEFENCE,KAVDEFENCE-EQ,58.59,58.59,0.0,0.0,58.59,369.0,0.0,369.0,25.0,89442.0,58.84,59.63401032262027,64.22587918523224,57.295373665480426,,,,,,NONE,,HOLD,35.0,False,True,"['Price is below SMMA20', 'SMMA20 is below SMMA120', 'RSI shows healthy bullish momentum']",2026-08-12 17:44:49
VASCONEQ,VASCONEQ-EQ,31.26,31.26,0.0,0.0,31.26,900.0,0.0,900.0,1.0,1350368.0,30.98,33.23122428247683,37.197150170367784,45.190156599552594,,,,,,NONE,,SELL,70.0,False,True,"['Price is below SMMA20', 'SMMA20 is below SMMA120', 'RSI shows weak momentum']",2026-08-12 17:44:53
RBLBANK,RBLBANK-EQ,389.8,389.8,0.0,0.0,389.8,3962.0,0.0,3962.0,38.0,2289848.0,387.63,371.18371171215455,333.01773328524024,84.43349753694577,,,,,,NONE,,HOLD,50.0,False,True,"['Price is above SMMA20', 'SMMA20 is above SMMA120', 'RSI is overbought']",2026-08-12 17:44:55
SANDUMA,SANDUMA-EQ,202.89,202.89,202.89,1651.0,0.0,0.0,1651.0,0.0,50.0,684005.0,203.98,206.86712991142332,211.39484317635748,61.40637775960749,,,,,,SELL,199.91,HOLD,35.0,False,True,"['Price is below SMMA20', 'SMMA20 is below SMMA120', 'RSI shows healthy bullish momentum']",2026-08-12 17:44:58
MVGJL,MVGJL-EQ,155.89,155.89,155.89,11.0,0.0,0.0,11.0,0.0,100.0,79302.0,158.16,161.23458673568484,164.0214932176633,51.29568106312292,,,,,,NONE,,SELL,50.0,False,True,"['Price is below SMMA20', 'SMMA20 is below SMMA120', 'RSI shows mild bullish momentum']",2026-08-12 17:45:00
NMDC,NMDC-EQ,85.9,85.9,85.9,1762.0,0.0,0.0,1762.0,0.0,300.0,18266091.0,85.38,85.39656123208006,84.02364504982877,65.14227642276421,,,,,,NONE,,BUY,85.0,False,True,"['Price is above SMMA20', 'SMMA20 is above SMMA120', 'RSI shows healthy bullish momentum']",2026-08-12 17:45:02
PAKKA,PAKKA-EQ,70.76,70.76,70.76,1000.0,0.0,0.0,1000.0,0.0,52.0,24345.0,71.3,74.86146339867341,87.4534902728379,45.08301404853132,,,,,,NONE,,SELL,70.0,False,True,"['Price is below SMMA20', 'SMMA20 is below SMMA120', 'RSI shows weak momentum']",2026-08-12 17:45:05
PURVA,PURVA-EQ,212.55,212.55,0.0,0.0,212.55,1.0,0.0,1.0,17.0,63859.0,211.42,215.35386001958437,218.32808630037346,47.94379712131599,,,,,,SELL,211.7,SELL,70.0,False,True,"['Price is below SMMA20', 'SMMA20 is below SMMA120', 'RSI shows weak momentum']",2026-08-12 17:45:10
ESILVER,ESILVER-EQ,236.29,236.29,0.0,0.0,0.0,0.0,0.0,0.0,43.0,422704.0,236.06,226.32987429704795,240.81875940180348,71.89542483660134,,,,,,SELL,224.96,HOLD,10.0,False,True,"['Price is above SMMA20', 'SMMA20 is below SMMA120', 'RSI is overbought']",2026-08-12 17:45:12
SUMIT,SUMIT-EQ,51.75,51.75,0.0,0.0,0.0,0.0,0.0,0.0,35.0,43185.0,51.79,50.264305995051934,50.21004267605512,47.0708446866485,,,,,,BUY,52.35,HOLD,50.0,False,True,"['Price is above SMMA20', 'SMMA20 is above SMMA120', 'RSI shows weak momentum']",2026-08-12 17:45:15
TRIVENI,TRIVENI-EQ,242.24,242.24,242.24,279.0,0.0,0.0,279.0,0.0,30.0,623829.0,241.41,323.84475943883234,371.1391035670362,40.901035351179935,,,,,,SELL,226.4,SELL,70.0,False,True,"['Price is below SMMA20', 'SMMA20 is below SMMA120', 'RSI shows weak momentum']",2026-08-12 17:45:17
IOLCP,IOLCP-EQ,158.42,158.42,158.42,5.0,0.0,0.0,5.0,0.0,1.0,2000252.0,159.63,149.80000192971306,106.33521826456008,62.765244583426394,,,,,,NONE,,BUY,85.0,False,True,"['Price is above SMMA20', 'SMMA20 is above SMMA120', 'RSI shows healthy bullish momentum']",2026-08-12 17:45:19
EVEREADY,EVEREADY-EQ,353.7,353.7,353.7,4.0,0.0,0.0,4.0,0.0,1.0,53250.0,353.92,350.7426210546761,330.4361540544561,51.148936170212735,,,,,,BUY,322.35,BUY,70.0,False,True,"['Price is above SMMA20', 'SMMA20 is above SMMA120', 'RSI shows mild bullish momentum']",2026-08-12 17:45:22
SATIN,SATIN-EQ,223.41,223.41,0.0,0.0,223.41,423.0,0.0,423.0,5.0,384703.0,222.67,240.53061051074192,191.12947949052258,26.788238620299694,,,,,,NONE,,HOLD,25.0,False,True,"['Price is below SMMA20', 'SMMA20 is above SMMA120', 'RSI is strongly oversold']",2026-08-12 17:45:27
NIFTYBEES,NIFTYBEES-EQ,278.32,278.32,278.32,2702.0,0.0,0.0,2702.0,0.0,50.0,5635248.0,277.86,275.34792947187145,277.81226250248295,69.86215538847112,,,,,,NONE,,HOLD,25.0,False,True,"['Price is above SMMA20', 'SMMA20 is below SMMA120', 'RSI shows healthy bullish momentum']",2026-08-12 17:45:30
ITETF,ITETF-EQ,33.12,33.12,33.12,5.0,0.0,0.0,5.0,0.0,4.0,295478.0,33.13,31.51237932523212,33.420177599726664,75.47169811320757,,,,,,NONE,,HOLD,10.0,False,True,"['Price is above SMMA20', 'SMMA20 is below SMMA120', 'RSI is overbought']",2026-08-12 17:45:32
HDFCSENSEX,HDFCSENSEX-EQ,88.36,88.36,0.0,0.0,0.0,0.0,0.0,0.0,85.0,45453.0,88.21,87.69293863770939,89.16344581174596,68.08510638297878,,,,,,NONE,,HOLD,25.0,False,True,"['Price is above SMMA20', 'SMMA20 is below SMMA120', 'RSI shows healthy bullish momentum']",2026-08-12 17:45:35
LICNETFN50,LICNETFN50-EQ,274.16,274.16,0.0,0.0,0.0,0.0,0.0,0.0,5.0,307.0,274.64,271.18358996026456,273.46297478620795,71.04651162790708,,,,,,NONE,,HOLD,10.0,False,True,"['Price is above SMMA20', 'SMMA20 is below SMMA120', 'RSI is overbought']",2026-08-12 17:45:38
RADHIKAJWE,RADHIKAJWE-EQ,72.37,72.37,0.0,0.0,72.37,2876.0,0.0,2876.0,75.0,1844671.0,72.28,65.21464403672546,64.99037601738617,69.44052656323461,,,,,,BUY,72.24,BUY,85.0,False,True,"['Price is above SMMA20', 'SMMA20 is above SMMA120', 'RSI shows healthy bullish momentum']",2026-08-12 17:45:42
SAKSOFT,SAKSOFT-EQ,163.0,163.0,0.0,0.0,163.0,55.0,0.0,55.0,5.0,259744.0,163.73,166.46584471734153,159.54491685897327,48.234510326449026,,,,,,BUY,185.02,HOLD,10.0,False,True,"['Price is below SMMA20', 'SMMA20 is above SMMA120', 'RSI shows weak momentum']",2026-08-12 17:45:44
DCMNVL,DCMNVL-EQ,179.26,179.26,0.0,0.0,179.26,913.0,0.0,913.0,797.0,190940.0,179.14,151.70081965032395,138.25892890330522,75.51575243882937,,,,,,NONE,,HOLD,50.0,False,True,"['Price is above SMMA20', 'SMMA20 is above SMMA120', 'RSI is overbought']",2026-08-12 17:45:47
HDFCGROWTH,HDFCGROWTH-EQ,122.83,122.83,0.0,0.0,0.0,0.0,0.0,0.0,2.0,28517.0,122.82,118.32794866391482,118.91639430707502,76.11070648215592,,,,,,NONE,,HOLD,10.0,False,True,"['Price is above SMMA20', 'SMMA20 is below SMMA120', 'RSI is overbought']",2026-08-12 17:45:49
TEAMGTY,TEAMGTY-EQ,220.28,220.28,0.0,0.0,220.28,21.0,0.0,21.0,39.0,28107.0,220.18,228.3700575347731,254.00969503401217,44.91069880353736,,,,,,NONE,,SELL,70.0,False,True,"['Price is below SMMA20', 'SMMA20 is below SMMA120', 'RSI shows weak momentum']",2026-08-12 17:45:51
AURUM,AURUM-EQ,226.04,226.04,0.0,0.0,0.0,0.0,0.0,0.0,26.0,84742.0,226.66,219.28169258378253,191.319989471427,48.89492753623188,,,,,,NONE,,HOLD,50.0,False,True,"['Price is above SMMA20', 'SMMA20 is above SMMA120', 'RSI shows weak momentum']",2026-08-12 17:45:54
MNC,MNC-EQ,34.82,34.82,0.0,0.0,0.0,0.0,0.0,0.0,50.0,41775.0,34.8,33.79385946951003,32.20883604015004,78.4313725490197,,,,,,NONE,,HOLD,50.0,False,True,"['Price is above SMMA20', 'SMMA20 is above SMMA120', 'RSI is overbought']",2026-08-12 17:45:58
GUJENERGY,GUJENERGY-EQ,274.35,274.35,274.35,3398.0,0.0,0.0,3398.0,0.0,15.0,6836300.0,279.97,296.2244170470124,361.5879438796256,62.173913043478315,,,,,,NONE,,HOLD,35.0,False,True,"['Price is below SMMA20', 'SMMA20 is below SMMA120', 'RSI shows healthy bullish momentum']",2026-08-12 17:46:05
JINDWORLD,JINDWORLD-EQ,36.74,36.74,0.0,0.0,36.74,885.0,0.0,885.0,50.0,7686074.0,36.64,34.544404638208746,28.501570182594218,59.31034482758623,,,,,,NONE,,BUY,85.0,False,True,"['Price is above SMMA20', 'SMMA20 is above SMMA120', 'RSI shows healthy bullish momentum']",2026-08-12 17:46:07
SIRCA,SIRCA-EQ,435.9,435.9,435.9,200.0,0.0,0.0,200.0,0.0,1.0,369452.0,435.99,417.6353851055372,437.5692395880105,73.59955629506376,,,,,,NONE,,HOLD,10.0,False,True,"['Price is above SMMA20', 'SMMA20 is below SMMA120', 'RSI is overbought']",2026-08-12 17:46:10
CASTROLIND,CASTROLIND-EQ,188.38,188.38,188.38,3876.0,0.0,0.0,3876.0,0.0,5.0,5108944.0,188.38,186.25042616769153,184.93639701262356,56.656613528651455,,,,,,BUY,191.54,BUY,85.0,False,True,"['Price is above SMMA20', 'SMMA20 is above SMMA120', 'RSI shows healthy bullish momentum']",2026-08-12 17:46:12
OAL,OAL-EQ,364.6,364.6,0.0,0.0,364.6,1.0,0.0,1.0,1.0,10610.0,369.25,356.0999254563541,306.12574514594087,53.871849377467356,,,,,,NONE,,BUY,70.0,False,True,"['Price is above SMMA20', 'SMMA20 is above SMMA120', 'RSI shows mild bullish momentum']",2026-08-12 17:46:15
AYMSYNTEX,AYMSYNTEX-EQ,253.2,253.2,0.0,0.0,253.2,10.0,0.0,10.0,1.0,98725.0,250.13,240.46532747724513,205.0686173213067,68.95640686922059,,,,,,NONE,,BUY,85.0,False,True,"['Price is above SMMA20', 'SMMA20 is above SMMA120', 'RSI shows healthy bullish momentum']",2026-08-12 17:46:17
HDFCQUAL,HDFCQUAL-EQ,60.06,60.06,0.0,0.0,0.0,0.0,0.0,0.0,89.0,16092.0,59.96,58.23265438461492,57.84965462033635,84.10256410256416,,,,,,BUY,59.38,HOLD,50.0,False,True,"['Price is above SMMA20', 'SMMA20 is above SMMA120', 'RSI is overbought']",2026-08-12 17:46:23
RAMRAT,RAMRAT-EQ,473.95,473.95,473.95,394.0,0.0,0.0,394.0,0.0,27.0,777143.0,472.31,429.4238442388455,367.4754537975761,70.2082057562768,,,,,,NONE,,HOLD,50.0,False,True,"['Price is above SMMA20', 'SMMA20 is above SMMA120', 'RSI is overbought']",2026-08-12 17:46:25
JYOTHYLAB,JYOTHYLAB-EQ,200.27,200.27,0.0,0.0,200.27,726.0,0.0,726.0,1.0,3414689.0,196.18,203.1719689940866,229.63143663446724,52.343750000000014,,,,,,NONE,,SELL,50.0,False,True,"['Price is below SMMA20', 'SMMA20 is below SMMA120', 'RSI shows mild bullish momentum']",2026-08-12 17:46:28
BALPHARMA,BALPHARMA-EQ,90.5,90.5,0.0,0.0,0.0,0.0,0.0,0.0,93.0,34146.0,89.33,86.34058679343852,78.12926024085141,55.624172915747685,,,,,,NONE,,BUY,85.0,False,True,"['Price is above SMMA20', 'SMMA20 is above SMMA120', 'RSI shows healthy bullish momentum']",2026-08-12 17:46:40
M&MFIN,M&MFIN-EQ,395.85,395.85,0.0,0.0,0.0,0.0,0.0,0.0,161.0,4492168.0,397.05,359.1462939557443,341.3438128642057,59.40959409594096,,,,,,BUY,385.75,BUY,85.0,False,True,"['Price is above SMMA20', 'SMMA20 is above SMMA120', 'RSI shows healthy bullish momentum']",2026-08-12 17:46:45
TALBROAUTO,TALBROAUTO-EQ,417.35,417.35,0.0,0.0,417.35,1.0,0.0,1.0,5.0,273558.0,422.5,399.5123012381447,318.5047624844749,60.542598762494066,,,,,,NONE,,BUY,85.0,False,True,"['Price is above SMMA20', 'SMMA20 is above SMMA120', 'RSI shows healthy bullish momentum']",2026-08-12 17:46:49
HDFCNIFTY,HDFCNIFTY-EQ,275.29,275.29,0.0,0.0,0.0,0.0,0.0,0.0,19.0,61940.0,275.27,272.13802324232586,274.827399743688,63.5924674070497,,,,,,NONE,,HOLD,25.0,False,True,"['Price is above SMMA20', 'SMMA20 is below SMMA120', 'RSI shows healthy bullish momentum']",2026-08-12 17:46:53
RHL,RHL-EQ,170.0,170.0,0.0,0.0,0.0,0.0,0.0,0.0,3.0,915.0,169.87,174.18453019004488,182.83621622645498,50.585417775412445,,,,,,NONE,,SELL,50.0,False,True,"['Price is below SMMA20', 'SMMA20 is below SMMA120', 'RSI shows mild bullish momentum']",2026-08-12 17:46:56
VGL,VGL-EQ,60.14,60.14,60.14,250.0,0.0,0.0,250.0,0.0,250.0,38093.0,61.07,62.814918640299844,64.7425269271199,36.77852348993287,,,,,,SELL,62.0,SELL,70.0,False,True,"['Price is below SMMA20', 'SMMA20 is below SMMA120', 'RSI shows weak momentum']",2026-08-12 17:46:59
PTL,PTL-EQ,39.28,39.28,0.0,0.0,0.0,0.0,0.0,0.0,106.0,22161.0,39.14,39.99610738740267,39.498741000612334,49.668874172185376,,,,,,NONE,,HOLD,10.0,False,True,"['Price is below SMMA20', 'SMMA20 is above SMMA120', 'RSI shows weak momentum']",2026-08-12 17:47:01
LOWVOL,LOWVOL-EQ,210.75,210.75,0.0,0.0,0.0,0.0,0.0,0.0,22.0,109.0,210.97,207.8159873091553,206.02849843640368,63.61401352181928,,,,,,BUY,214.3,BUY,85.0,False,True,"['Price is above SMMA20', 'SMMA20 is above SMMA120', 'RSI shows healthy bullish momentum']",2026-08-12 17:47:04
SUVEN,SUVEN-EQ,330.55,330.55,0.0,0.0,330.55,1243.0,0.0,1243.0,2.0,466245.0,331.56,308.00299118515727,218.76310229026785,55.42651181417701,,,,,,NONE,,BUY,85.0,False,True,"['Price is above SMMA20', 'SMMA20 is above SMMA120', 'RSI shows healthy bullish momentum']",2026-08-12 17:47:07
SALSTEEL,SALSTEEL-EQ,63.05,63.05,0.0,0.0,63.05,322.0,0.0,322.0,181.0,830005.0,61.84,58.17364532618741,50.27636252351324,62.740569668976136,,,,,,NONE,,BUY,85.0,False,True,"['Price is above SMMA20', 'SMMA20 is above SMMA120', 'RSI shows healthy bullish momentum']",2026-08-12 17:47:10
NDLVENTURE,NDLVENTURE-EQ,127.03,127.03,127.03,5000.0,0.0,0.0,5000.0,0.0,51.0,460385.0,127.08,128.19171060923463,115.22378583086588,52.86458333333332,,,,,,NONE,,HOLD,10.0,False,True,"['Price is below SMMA20', 'SMMA20 is above SMMA120', 'RSI shows mild bullish momentum']",2026-08-12 17:47:15
AMDIND,AMDIND-EQ,51.18,51.18,51.18,10.0,0.0,0.0,10.0,0.0,500.0,35589.0,51.02,46.93348297382673,45.044008463470576,58.190883190883184,,,,,,NONE,,BUY,85.0,False,True,"['Price is above SMMA20', 'SMMA20 is above SMMA120', 'RSI shows healthy bullish momentum']",2026-08-12 17:47:17
NAHARINDUS,NAHARINDUS-EQ,119.95,119.95,0.0,0.0,0.0,0.0,0.0,0.0,6.0,88513.0,121.34,118.3489610591107,108.73184039499948,53.99310161846642,,,,,,NONE,,BUY,70.0,False,True,"['Price is above SMMA20', 'SMMA20 is above SMMA120', 'RSI shows mild bullish momentum']",2026-08-12 17:47:20
NAHARSPING,NAHARSPING-EQ,305.55,305.55,0.0,0.0,0.0,0.0,0.0,0.0,18.0,37219.0,303.17,284.06282017256234,234.10289563179964,65.1403249630724,,,,,,NONE,,BUY,85.0,False,True,"['Price is above SMMA20', 'SMMA20 is above SMMA120', 'RSI shows healthy bullish momentum']",2026-08-12 17:47:23
IFCI,IFCI-EQ,73.51,73.51,0.0,0.0,73.51,8219.0,0.0,8219.0,2190.0,14279371.0,73.73,73.99060925855889,63.64698439492184,55.97579425113466,,,,,,NONE,,HOLD,25.0,False,True,"['Price is below SMMA20', 'SMMA20 is above SMMA120', 'RSI shows healthy bullish momentum']",2026-08-12 17:47:27
RAIN,RAIN-EQ,209.38,209.38,209.38,12906.0,0.0,0.0,12906.0,0.0,25.0,6310349.0,207.85,209.22215680469412,161.60861785204665,41.40586797066015,,,,,,NONE,,HOLD,50.0,False,True,"['Price is above SMMA20', 'SMMA20 is above SMMA120', 'RSI shows weak momentum']",2026-08-12 17:47:29
TIPSFILMS,TIPSFILMS-EQ,362.0,362.0,0.0,0.0,0.0,0.0,0.0,0.0,17.0,13247.0,363.75,361.1095939946496,366.79837445603374,46.79078882900538,,,,,,NONE,,HOLD,10.0,False,True,"['Price is above SMMA20', 'SMMA20 is below SMMA120', 'RSI shows weak momentum']",2026-08-12 17:47:31
JAIBALAJI,JAIBALAJI-EQ,65.81,65.81,0.0,0.0,65.81,186.0,0.0,186.0,1.0,218036.0,65.91,65.17309602449079,67.64817051868319,63.114377583830944,,,,,,SELL,63.69,HOLD,25.0,False,True,"['Price is above SMMA20', 'SMMA20 is below SMMA120', 'RSI shows healthy bullish momentum']",2026-08-12 17:47:34
RAMKY,RAMKY-EQ,386.9,386.9,0.0,0.0,0.0,0.0,0.0,0.0,36.0,27075.0,389.24,399.6053784350597,459.68161031804755,61.29032258064514,,,,,,NONE,,HOLD,35.0,False,True,"['Price is below SMMA20', 'SMMA20 is below SMMA120', 'RSI shows healthy bullish momentum']",2026-08-12 17:47:39
DBCORP,DBCORP-EQ,212.22,212.22,0.0,0.0,212.22,252.0,0.0,252.0,2.0,116431.0,212.23,208.2520368799484,220.2046781303017,65.84887144259059,,,,,,NONE,,HOLD,25.0,False,True,"['Price is above SMMA20', 'SMMA20 is below SMMA120', 'RSI shows healthy bullish momentum']",2026-08-12 17:47:41
MUFIN,MUFIN-EQ,135.4,135.4,135.4,347.0,0.0,0.0,347.0,0.0,50.0,2414696.0,135.78,129.6757626140724,118.49390432848969,70.71486596263202,,,,,,NONE,,HOLD,50.0,False,True,"['Price is above SMMA20', 'SMMA20 is above SMMA120', 'RSI is overbought']",2026-08-12 17:47:43
IVZINGOLD,IVZINGOLD-EQ,133.2,133.2,0.0,0.0,0.0,0.0,0.0,0.0,14.0,17774.0,132.83,126.56872519750532,128.289114096697,73.68421052631575,,,,,,SELL,121.2,HOLD,10.0,False,True,"['Price is above SMMA20', 'SMMA20 is below SMMA120', 'RSI is overbought']",2026-08-12 17:47:50
SUPERHOUSE,SUPERHOUSE-EQ,158.53,158.53,0.0,0.0,0.0,0.0,0.0,0.0,179.0,3626.0,159.85,158.19562029812846,152.93595336432884,51.92027224112783,,,,,,NONE,,BUY,70.0,False,True,"['Price is above SMMA20', 'SMMA20 is above SMMA120', 'RSI shows mild bullish momentum']",2026-08-12 17:47:56
JSWINFRA,JSWINFRA-EQ,346.6,346.6,346.6,998.0,0.0,0.0,998.0,0.0,32.0,8419123.0,349.36,323.3371843423058,284.74083166825227,66.89602446483184,,,,,,NONE,,BUY,85.0,False,True,"['Price is above SMMA20', 'SMMA20 is above SMMA120', 'RSI shows healthy bullish momentum']",2026-08-12 17:47:58
SSWL,SSWL-EQ,312.5,312.5,312.5,149.0,0.0,0.0,149.0,0.0,1.0,369223.0,315.2,277.5994476768248,223.8598800258288,68.2120141342756,,,,,,NONE,,BUY,85.0,False,True,"['Price is above SMMA20', 'SMMA20 is above SMMA120', 'RSI shows healthy bullish momentum']",2026-08-12 17:48:00
KIRIINDUS,KIRIINDUS-EQ,434.45,434.45,434.45,2347.0,0.0,0.0,2347.0,0.0,10.0,1842255.0,438.02,409.0482904509402,439.0939620119428,63.76470588235291,,,,,,NONE,,HOLD,25.0,False,True,"['Price is above SMMA20', 'SMMA20 is below SMMA120', 'RSI shows healthy bullish momentum']",2026-08-12 17:48:03
LLOYDSENGG,LLOYDSENGG-EQ,92.41,92.41,92.41,28990.0,0.0,0.0,28990.0,0.0,50.0,7926085.0,92.38,87.08109247562354,64.36617073059924,58.37479270315091,,,,,,NONE,,BUY,85.0,False,True,"['Price is above SMMA20', 'SMMA20 is above SMMA120', 'RSI shows healthy bullish momentum']",2026-08-12 17:48:05
ASIANHOTNR,ASIANHOTNR-EQ,304.1,304.1,0.0,0.0,0.0,0.0,0.0,0.0,27.0,12946.0,310.46,306.5662610023714,304.03501171239407,57.04358812381551,,,,,,BUY,338.9,HOLD,25.0,False,True,"['Price is below SMMA20', 'SMMA20 is above SMMA120', 'RSI shows healthy bullish momentum']",2026-08-12 17:48:08
IRMENERGY,IRMENERGY-EQ,295.15,295.15,295.15,305.0,0.0,0.0,305.0,0.0,44.0,128474.0,296.73,271.18987634040616,258.32255117835547,80.45886075949362,,,,,,NONE,,HOLD,50.0,False,True,"['Price is above SMMA20', 'SMMA20 is above SMMA120', 'RSI is overbought']",2026-08-12 17:48:10
APOLLOTYRE,APOLLOTYRE-EQ,445.15,445.15,0.0,0.0,445.15,129.0,0.0,129.0,3.0,560928.0,444.58,431.0240305855672,446.1622797855937,71.47470398277711,,,,,,NONE,,HOLD,10.0,False,True,"['Price is above SMMA20', 'SMMA20 is below SMMA120', 'RSI is overbought']",2026-08-12 17:48:13
PIGL,PIGL-EQ,112.52,112.52,0.0,0.0,112.52,310.0,0.0,310.0,15.0,179738.0,113.27,109.3081625725993,111.54323128227261,53.01830776843148,,,,,,NONE,,HOLD,10.0,False,True,"['Price is above SMMA20', 'SMMA20 is below SMMA120', 'RSI shows mild bullish momentum']",2026-08-12 17:48:15
REDTAPE,REDTAPE-EQ,125.87,125.87,125.87,10.0,0.0,0.0,10.0,0.0,100.0,455948.0,125.73,132.460334210401,127.16223049405708,48.252766453115896,,,,,,NONE,,HOLD,10.0,False,True,"['Price is below SMMA20', 'SMMA20 is above SMMA120', 'RSI shows weak momentum']",2026-08-12 17:48:21
GOLDADD,GOLDADD-EQ,148.59,148.59,0.0,0.0,0.0,0.0,0.0,0.0,101.0,2068223.0,148.3,141.40178278468142,143.37344363829138,78.18520820385335,,,,,,SELL,135.66,HOLD,10.0,False,True,"['Price is above SMMA20', 'SMMA20 is below SMMA120', 'RSI is overbought']",2026-08-12 17:48:23
HPIL,HPIL-EQ,126.37,126.37,0.0,0.0,126.37,21.0,0.0,21.0,3.0,5225.0,125.64,126.53601256000279,128.52759370071902,56.47974242017708,,,,,,SELL,126.64,HOLD,35.0,False,True,"['Price is below SMMA20', 'SMMA20 is below SMMA120', 'RSI shows healthy bullish momentum']",2026-08-12 17:48:29
HISARMETAL,HISARMETAL-EQ,149.4,149.4,0.0,0.0,149.4,295.0,0.0,295.0,1.0,9665.0,150.6,151.62595244132518,155.0419482598249,50.35569105691057,,,,,,NONE,,SELL,50.0,False,True,"['Price is below SMMA20', 'SMMA20 is below SMMA120', 'RSI shows mild bullish momentum']",2026-08-12 17:48:34
BIGBLOC,BIGBLOC-EQ,46.0,46.0,0.0,0.0,0.0,0.0,0.0,0.0,9.0,32054.0,46.35,47.67136066948804,53.79802222562232,46.42032332563509,,,,,,NONE,,SELL,70.0,False,True,"['Price is below SMMA20', 'SMMA20 is below SMMA120', 'RSI shows weak momentum']",2026-08-12 17:48:40
ADFFOODS,ADFFOODS-EQ,261.65,261.65,0.0,0.0,261.65,118.0,0.0,118.0,25.0,71300.0,262.69,284.73073372772745,241.29491415369858,33.78932968536253,,,,,,NONE,,HOLD,10.0,False,True,"['Price is below SMMA20', 'SMMA20 is above SMMA120', 'RSI shows weak momentum']",2026-08-12 17:48:44
KALAMANDIR,KALAMANDIR-EQ,85.3,85.3,85.3,247.0,0.0,0.0,247.0,0.0,3.0,636951.0,85.54,94.30914968090394,109.67672710665562,35.368043087971216,,,,,,NONE,,SELL,70.0,False,True,"['Price is below SMMA20', 'SMMA20 is below SMMA120', 'RSI shows weak momentum']",2026-08-12 17:48:46
SIGMA,SIGMA-EQ,46.05,46.05,0.0,0.0,46.05,1000.0,0.0,1000.0,251.0,124845.0,46.12,42.723246821277996,44.66880850011562,64.25591098748262,,,,,,NONE,,HOLD,25.0,False,True,"['Price is above SMMA20', 'SMMA20 is below SMMA120', 'RSI shows healthy bullish momentum']",2026-08-12 17:48:49
DBREALTY,DBREALTY-EQ,113.27,113.27,0.0,0.0,113.27,535.0,0.0,535.0,161.0,346535.0,113.17,114.3731196569964,112.62771238252184,53.754152823920286,,,,,,NONE,,HOLD,10.0,False,True,"['Price is below SMMA20', 'SMMA20 is above SMMA120', 'RSI shows mild bullish momentum']",2026-08-12 17:48:51
SHANKARA,SHANKARA-EQ,141.84,141.84,0.0,0.0,141.84,2500.0,0.0,2500.0,145.0,324045.0,141.5,135.13640253652866,118.55640374614738,57.81931464174452,,,,,,NONE,,BUY,85.0,False,True,"['Price is above SMMA20', 'SMMA20 is above SMMA120', 'RSI shows healthy bullish momentum']",2026-08-12 17:48:54
SALONA,SALONA-EQ,254.95,254.95,0.0,0.0,254.95,85.0,0.0,85.0,15.0,1940.0,253.26,253.83705636327454,262.69041754978105,49.923617476321404,,,,,,SELL,252.65,HOLD,10.0,False,True,"['Price is above SMMA20', 'SMMA20 is below SMMA120', 'RSI shows weak momentum']",2026-08-12 17:48:56
SETF10GILT,SETF10GILT-EQ,265.84,265.84,0.0,0.0,0.0,0.0,0.0,0.0,54.0,2009.0,266.09,264.4729001838376,260.48509034228573,55.47945205479459,,,,,,BUY,261.65,BUY,85.0,False,True,"['Price is above SMMA20', 'SMMA20 is above SMMA120', 'RSI shows healthy bullish momentum']",2026-08-12 17:49:00
ARENTERP,ARENTERP-EQ,37.29,37.29,0.0,0.0,37.29,50.0,0.0,50.0,40.0,2068.0,38.62,38.432920999224606,40.176919573453944,21.14746325272641,,,,,,NONE,,SELL,85.0,False,True,"['Price is below SMMA20', 'SMMA20 is below SMMA120', 'RSI is strongly oversold']",2026-08-12 17:49:02
SETFGOLD,SETFGOLD-EQ,130.48,130.48,130.48,49000.0,0.0,0.0,49000.0,0.0,1000.0,3657812.0,130.26,124.14480531761794,125.90235589499316,78.40909090909092,,,,,,SELL,119.15,HOLD,10.0,False,True,"['Price is above SMMA20', 'SMMA20 is below SMMA120', 'RSI is overbought']",2026-08-12 17:49:05
WIPL,WIPL-EQ,167.9,167.9,0.0,0.0,167.9,89.0,0.0,89.0,100.0,1288.0,167.42,166.65946368045525,156.13497261792338,57.820383451059534,,,,,,BUY,153.84,BUY,85.0,False,True,"['Price is above SMMA20', 'SMMA20 is above SMMA120', 'RSI shows healthy bullish momentum']",2026-08-12 17:49:07
MASKINVEST,MASKINVEST-EQ,151.75,151.75,0.0,0.0,0.0,0.0,0.0,0.0,100.0,0.0,0.0,151.62279433939676,147.60181116203677,52.63633624585718,,,,,,NONE,,BUY,70.0,False,True,"['Price is above SMMA20', 'SMMA20 is above SMMA120', 'RSI shows mild bullish momentum']",2026-08-12 17:49:09
ZAGGLE,ZAGGLE-EQ,201.71,201.71,201.71,170.0,0.0,0.0,170.0,0.0,130.0,697796.0,201.59,208.0001625315822,246.89206181614384,50.990099009900995,,,,,,NONE,,SELL,50.0,False,True,"['Price is below SMMA20', 'SMMA20 is below SMMA120', 'RSI shows mild bullish momentum']",2026-08-12 17:49:15
GOKUL,GOKUL-EQ,39.53,39.53,0.0,0.0,39.53,127.0,0.0,127.0,103.0,150973.0,39.66,40.108729036618726,39.553363523683096,46.3687150837989,,,,,,NONE,,HOLD,10.0,False,True,"['Price is below SMMA20', 'SMMA20 is above SMMA120', 'RSI shows weak momentum']",2026-08-12 17:49:18
VBL,VBL-EQ,440.5,440.5,0.0,0.0,440.5,1500.0,0.0,1500.0,2.0,1837489.0,436.4,466.27882913241604,473.3256005503841,40.530479292694274,,,,,,SELL,437.0,SELL,70.0,False,True,"['Price is below SMMA20', 'SMMA20 is below SMMA120', 'RSI shows weak momentum']",2026-08-12 17:49:20
RKSWAMY,RKSWAMY-EQ,100.78,100.78,100.78,50.0,0.0,0.0,50.0,0.0,10.0,76845.0,101.92,101.85715560321289,100.20916508696656,53.003400075557245,,,,,,BUY,102.03,HOLD,10.0,False,True,"['Price is below SMMA20', 'SMMA20 is above SMMA120', 'RSI shows mild bullish momentum']",2026-08-12 17:49:23
RAMANEWS,RAMANEWS-EQ,33.47,33.47,33.47,25.0,0.0,0.0,25.0,0.0,76.0,19116.0,33.72,30.4717225122972,31.104752883134207,82.01530612244895,,,,,,NONE,,HOLD,10.0,False,True,"['Price is above SMMA20', 'SMMA20 is below SMMA120', 'RSI is overbought']",2026-08-12 17:49:25
JKPAPER,JKPAPER-EQ,388.9,388.9,0.0,0.0,388.9,1921.0,0.0,1921.0,23.0,376041.0,391.27,377.2715976983495,357.60167764410625,48.637532133676075,,,,,,NONE,,HOLD,50.0,False,True,"['Price is above SMMA20', 'SMMA20 is above SMMA120', 'RSI shows weak momentum']",2026-08-12 17:49:29
PENIND,PENIND-EQ,159.7,159.7,0.0,0.0,159.7,462.0,0.0,462.0,1.0,318048.0,160.14,164.40157761257603,166.46082460913257,43.29608938547482,,,,,,NONE,,SELL,70.0,False,True,"['Price is below SMMA20', 'SMMA20 is below SMMA120', 'RSI shows weak momentum']",2026-08-12 17:49:34
PARKHOTELS,PARKHOTELS-EQ,118.9,118.9,118.9,200.0,0.0,0.0,200.0,0.0,81.0,65178.0,118.83,122.36216933748419,122.75893332238189,38.13364055299537,,,,,,SELL,119.92,SELL,70.0,False,True,"['Price is below SMMA20', 'SMMA20 is below SMMA120', 'RSI shows weak momentum']",2026-08-12 17:49:36
PSUBNKIETF,PSUBNKIETF-EQ,89.13,89.13,89.13,1100.0,0.0,0.0,1100.0,0.0,10.0,307604.0,89.09,85.99651525011755,87.14332438242123,76.06659729448502,,,,,,NONE,,HOLD,10.0,False,True,"['Price is above SMMA20', 'SMMA20 is below SMMA120', 'RSI is overbought']",2026-08-12 17:49:39
KANSAINER,KANSAINER-EQ,208.19,208.19,0.0,0.0,208.19,1360.0,0.0,1360.0,1.0,420252.0,210.78,205.82928548339524,208.29946961355438,61.76916596461667,,,,,,SELL,202.32,HOLD,25.0,False,True,"['Price is above SMMA20', 'SMMA20 is below SMMA120', 'RSI shows healthy bullish momentum']",2026-08-12 17:49:41
HUDCO,HUDCO-EQ,192.73,192.73,192.73,85.0,0.0,0.0,85.0,0.0,56.0,2361586.0,193.78,201.85011378509392,201.52155721692168,44.78105906313644,,,,,,NONE,,HOLD,10.0,False,True,"['Price is below SMMA20', 'SMMA20 is above SMMA120', 'RSI shows weak momentum']",2026-08-12 17:49:44
MODTHREAD,MODTHREAD-EQ,45.91,45.91,45.91,2.0,0.0,0.0,2.0,0.0,15.0,576.0,45.97,47.22640881559991,45.55774751450595,36.73469387755104,,,,,,NONE,,HOLD,10.0,False,True,"['Price is below SMMA20', 'SMMA20 is above SMMA120', 'RSI shows weak momentum']",2026-08-12 17:49:47
GILT5BETA,GILT5BETA-EQ,66.21,66.21,0.0,0.0,0.0,0.0,0.0,0.0,23.0,77.0,66.35,66.14250510791173,64.85943740863357,48.12182741116751,,,,,,NONE,,HOLD,50.0,False,True,"['Price is above SMMA20', 'SMMA20 is above SMMA120', 'RSI shows weak momentum']",2026-08-12 17:49:51
SENSEXAXIS,SENSEXAXIS-EQ,81.0,81.0,0.0,0.0,0.0,0.0,0.0,0.0,1.0,3224.0,80.77,80.23115069806784,81.56582937779343,65.52132701421809,,,,,,NONE,,HOLD,25.0,False,True,"['Price is above SMMA20', 'SMMA20 is below SMMA120', 'RSI shows healthy bullish momentum']",2026-08-12 17:49:53
MBAPL,MBAPL-EQ,165.75,165.75,0.0,0.0,165.75,1.0,0.0,1.0,30.0,582352.0,167.35,142.37730959713832,107.54486798567658,70.35858264375135,,,,,,NONE,,HOLD,50.0,False,True,"['Price is above SMMA20', 'SMMA20 is above SMMA120', 'RSI is overbought']",2026-08-12 17:49:56
VIDHIING,VIDHIING-EQ,314.95,314.95,0.0,0.0,0.0,0.0,0.0,0.0,11.0,7118.0,315.61,307.5850578613988,308.1845731016325,56.744186046511636,,,,,,NONE,,HOLD,25.0,False,True,"['Price is above SMMA20', 'SMMA20 is below SMMA120', 'RSI shows healthy bullish momentum']",2026-08-12 17:49:58
SAHYADRI,SAHYADRI-EQ,346.8,346.8,0.0,0.0,346.8,103.0,0.0,103.0,33.0,186684.0,355.69,301.81208904638476,268.07822807592595,78.77498936622717,,,,,,NONE,,HOLD,50.0,False,True,"['Price is above SMMA20', 'SMMA20 is above SMMA120', 'RSI is overbought']",2026-08-12 17:50:00
SULA,SULA-EQ,151.0,151.0,151.0,54.0,0.0,0.0,54.0,0.0,10.0,370257.0,151.11,157.15318690141518,171.67605188117332,51.47267565649397,,,,,,NONE,,SELL,50.0,False,True,"['Price is below SMMA20', 'SMMA20 is below SMMA120', 'RSI shows mild bullish momentum']",2026-08-12 17:50:03
RADIANTCMS,RADIANTCMS-EQ,38.09,38.09,0.0,0.0,38.09,197.0,0.0,197.0,3.0,48522.0,37.97,38.298980075881715,41.687986384105685,59.38511326860845,,,,,,NONE,,HOLD,35.0,False,True,"['Price is below SMMA20', 'SMMA20 is below SMMA120', 'RSI shows healthy bullish momentum']",2026-08-12 17:50:07
JKTYRE,JKTYRE-EQ,386.5,386.5,0.0,0.0,386.5,1077.0,0.0,1077.0,551.0,479266.0,386.93,399.5298890478819,438.5331485177459,49.45407835581245,,,,,,NONE,,SELL,70.0,False,True,"['Price is below SMMA20', 'SMMA20 is below SMMA120', 'RSI shows weak momentum']",2026-08-12 17:50:10
ARIES,ARIES-EQ,397.35,397.35,0.0,0.0,397.35,1750.0,0.0,1750.0,200.0,547284.0,405.04,345.34361570755493,340.55967929212244,83.00915331807784,,,,,,NONE,,HOLD,50.0,False,True,"['Price is above SMMA20', 'SMMA20 is above SMMA120', 'RSI is overbought']",2026-08-12 17:50:15
ABSLBANETF,ABSLBANETF-EQ,59.4,59.4,0.0,0.0,0.0,0.0,0.0,0.0,82.0,8327.0,59.15,58.68949957884381,58.560120844382745,69.3409742120344,,,,,,BUY,59.43,BUY,85.0,False,True,"['Price is above SMMA20', 'SMMA20 is above SMMA120', 'RSI shows healthy bullish momentum']",2026-08-12 17:50:18
COMSYN,COMSYN-EQ,269.25,269.25,269.25,290.0,0.0,0.0,290.0,0.0,1.0,480470.0,269.07,200.61157681889387,167.59798788095037,87.68477067319876,,,,,,BUY,169.9,HOLD,50.0,False,True,"['Price is above SMMA20', 'SMMA20 is above SMMA120', 'RSI is overbought']",2026-08-12 17:50:23
MAXIND,MAXIND-EQ,162.64,162.64,0.0,0.0,0.0,0.0,0.0,0.0,990.0,247434.0,163.44,167.06148563085983,163.41317933311285,47.95192958700066,,,,,,BUY,182.11,HOLD,10.0,False,True,"['Price is below SMMA20', 'SMMA20 is above SMMA120', 'RSI shows weak momentum']",2026-08-12 17:50:25
NELCAST,NELCAST-EQ,119.7,119.7,119.7,11.0,0.0,0.0,11.0,0.0,14.0,189919.0,120.08,129.03367365402826,123.38918359764753,33.224674022066196,,,,,,NONE,,HOLD,10.0,False,True,"['Price is below SMMA20', 'SMMA20 is above SMMA120', 'RSI shows weak momentum']",2026-08-12 17:50:27
IEX,IEX-EQ,125.95,125.95,0.0,0.0,125.95,5033.0,0.0,5033.0,2.0,2436267.0,125.06,125.75486804965715,127.46153864761405,55.81749049429658,,,,,,NONE,,HOLD,25.0,False,True,"['Price is above SMMA20', 'SMMA20 is below SMMA120', 'RSI shows healthy bullish momentum']",2026-08-12 17:50:30
FUSION,FUSION-EQ,203.78,203.78,203.78,481.0,0.0,0.0,481.0,0.0,18.0,1242445.0,204.37,207.6690686006879,184.28035919012606,38.59694875472682,,,,,,NONE,,HOLD,10.0,False,True,"['Price is below SMMA20', 'SMMA20 is above SMMA120', 'RSI shows weak momentum']",2026-08-12 17:50:32
ALPA,ALPA-EQ,67.17,67.17,67.17,216.0,0.0,0.0,216.0,0.0,5.0,30798.0,67.54,68.00000427382356,68.5696087903844,51.829268292682926,,,,,,SELL,68.49,SELL,50.0,False,True,"['Price is below SMMA20', 'SMMA20 is below SMMA120', 'RSI shows mild bullish momentum']",2026-08-12 17:50:35
MUNJALAU,MUNJALAU-EQ,99.83,99.83,99.83,125641.0,0.0,0.0,125641.0,0.0,881.0,204799.0,100.69,100.4042784001592,86.5480001977523,46.77327241576244,,,,,,NONE,,HOLD,10.0,False,True,"['Price is below SMMA20', 'SMMA20 is above SMMA120', 'RSI shows weak momentum']",2026-08-12 17:50:37
SUNTECK,SUNTECK-EQ,292.7,292.7,0.0,0.0,292.7,217.0,0.0,217.0,17.0,156209.0,292.56,307.69285470304965,344.2754134190212,38.18615751789973,,,,,,NONE,,SELL,70.0,False,True,"['Price is below SMMA20', 'SMMA20 is below SMMA120', 'RSI shows weak momentum']",2026-08-12 17:50:39
REFEX,REFEX-EQ,293.4,293.4,293.4,3054.0,0.0,0.0,3054.0,0.0,4.0,322872.0,294.32,311.367580880566,271.89847121229985,37.17868338557993,,,,,,NONE,,HOLD,10.0,False,True,"['Price is below SMMA20', 'SMMA20 is above SMMA120', 'RSI shows weak momentum']",2026-08-12 17:50:42
JKIL,JKIL-EQ,491.35,491.35,0.0,0.0,491.35,1.0,0.0,1.0,5.0,37171.0,493.29,492.34822083004644,515.5262315326968,49.036777583187416,,,,,,NONE,,SELL,70.0,False,True,"['Price is below SMMA20', 'SMMA20 is below SMMA120', 'RSI shows weak momentum']",2026-08-12 17:50:44
JUBLFOOD,JUBLFOOD-EQ,484.7,484.7,0.0,0.0,484.7,95.0,0.0,95.0,105.0,3122764.0,481.65,447.9295415530023,477.1294486210917,75.78358208955221,,,,,,NONE,,HOLD,10.0,False,True,"['Price is above SMMA20', 'SMMA20 is below SMMA120', 'RSI is overbought']",2026-08-12 17:50:47
IVZINNIFTY,IVZINNIFTY-EQ,280.55,280.55,0.0,0.0,0.0,0.0,0.0,0.0,1.0,1004.0,279.51,277.4690938097319,279.3706284080692,72.0130932896889,,,,,,NONE,,HOLD,10.0,False,True,"['Price is above SMMA20', 'SMMA20 is below SMMA120', 'RSI is overbought']",2026-08-12 17:50:50
ITADD,ITADD-EQ,33.26,33.26,0.0,0.0,0.0,0.0,0.0,0.0,200.0,15117.0,33.21,31.543432735664474,33.47006805115589,82.50000000000014,,,,,,NONE,,HOLD,10.0,False,True,"['Price is above SMMA20', 'SMMA20 is below SMMA120', 'RSI is overbought']",2026-08-12 17:50:54
RECLTD,RECLTD-EQ,346.0,346.0,346.0,98.0,0.0,0.0,98.0,0.0,72.0,11330857.0,342.94,358.32775513170816,353.7006583520587,38.134887593671934,,,,,,BUY,370.1,HOLD,10.0,False,True,"['Price is below SMMA20', 'SMMA20 is above SMMA120', 'RSI shows weak momentum']",2026-08-12 17:50:56
PARAGMILK,PARAGMILK-EQ,215.79,215.79,0.0,0.0,215.79,40.0,0.0,40.0,50.0,225650.0,216.9,223.45902334588664,233.26612033147563,50.64037405976824,,,,,,NONE,,SELL,50.0,False,True,"['Price is below SMMA20', 'SMMA20 is below SMMA120', 'RSI shows mild bullish momentum']",2026-08-12 17:50:59
UDS,UDS-EQ,210.06,210.06,0.0,0.0,210.06,332.0,0.0,332.0,2.0,507699.0,209.46,197.10118020911543,173.50363405063405,51.69180595189566,,,,,,NONE,,BUY,70.0,False,True,"['Price is above SMMA20', 'SMMA20 is above SMMA120', 'RSI shows mild bullish momentum']",2026-08-12 17:51:01
CEIGALL,CEIGALL-EQ,319.35,319.35,0.0,0.0,319.35,245.0,0.0,245.0,30.0,346338.0,319.6,344.33280637804285,312.46507610796914,39.17259211376858,,,,,,NONE,,HOLD,10.0,False,True,"['Price is below SMMA20', 'SMMA20 is above SMMA120', 'RSI shows weak momentum']",2026-08-12 17:51:03
EMULTIMQ,EMULTIMQ-EQ,42.19,42.19,0.0,0.0,0.0,0.0,0.0,0.0,50.0,35037.0,42.12,41.49981194271397,41.214971292963845,73.77622377622377,,,,,,NONE,,HOLD,50.0,False,True,"['Price is above SMMA20', 'SMMA20 is above SMMA120', 'RSI is overbought']",2026-08-12 17:51:07
AMJLAND,AMJLAND-EQ,39.38,39.38,0.0,0.0,0.0,0.0,0.0,0.0,1.0,10346.0,39.79,38.4293207068164,41.06821914785571,59.24908424908422,,,,,,NONE,,HOLD,25.0,False,True,"['Price is above SMMA20', 'SMMA20 is below SMMA120', 'RSI shows healthy bullish momentum']",2026-08-12 17:51:10
KARMAENG,KARMAENG-EQ,39.45,39.45,0.0,0.0,0.0,0.0,0.0,0.0,1.0,811.0,39.73,40.00763884079332,43.370076701201825,63.10272536687632,,,,,,SELL,42.85,HOLD,35.0,False,True,"['Price is below SMMA20', 'SMMA20 is below SMMA120', 'RSI shows healthy bullish momentum']",2026-08-12 17:51:12
NKIND,NKIND-EQ,60.25,60.25,0.0,0.0,0.0,0.0,0.0,0.0,115.0,463.0,60.61,62.10191097915481,64.17278291359483,42.43313763861709,,,,,,SELL,63.0,SELL,70.0,False,True,"['Price is below SMMA20', 'SMMA20 is below SMMA120', 'RSI shows weak momentum']",2026-08-12 17:51:14
ISFT,ISFT-EQ,79.16,79.16,0.0,0.0,0.0,0.0,0.0,0.0,1.0,210173.0,78.83,78.70895305812071,80.28200694851643,63.65622723962128,,,,,,SELL,78.37,HOLD,25.0,False,True,"['Price is above SMMA20', 'SMMA20 is below SMMA120', 'RSI shows healthy bullish momentum']",2026-08-12 17:51:21
HINDWAREAP,HINDWAREAP-EQ,204.88,204.88,0.0,0.0,204.88,128.0,0.0,128.0,50.0,1369339.0,201.92,225.8215616173396,230.66973271246343,42.8733031674208,,,,,,SELL,218.3,SELL,70.0,False,True,"['Price is below SMMA20', 'SMMA20 is below SMMA120', 'RSI shows weak momentum']",2026-08-12 17:51:24
EMSLIMITED,EMSLIMITED-EQ,382.0,382.0,382.0,152.0,0.0,0.0,152.0,0.0,24.0,174831.0,385.62,395.93631597238874,361.4703630611569,37.57425742574258,,,,,,BUY,411.3,HOLD,10.0,False,True,"['Price is below SMMA20', 'SMMA20 is above SMMA120', 'RSI shows weak momentum']",2026-08-12 17:51:26
OMINFRAL,OMINFRAL-EQ,88.29,88.29,0.0,0.0,88.29,226.0,0.0,226.0,1.0,102478.0,88.23,88.44202928195712,88.7549719116532,50.34777956126274,,,,,,NONE,,SELL,50.0,False,True,"['Price is below SMMA20', 'SMMA20 is below SMMA120', 'RSI shows mild bullish momentum']",2026-08-12 17:51:28
PATANJALI,PATANJALI-EQ,352.6,352.6,0.0,0.0,352.6,15319.0,0.0,15319.0,6.0,4146144.0,346.08,376.8082585016707,460.86644695688034,61.444734551784194,,,,,,NONE,,HOLD,35.0,False,True,"['Price is below SMMA20', 'SMMA20 is below SMMA120', 'RSI shows healthy bullish momentum']",2026-08-12 17:51:31
UNITEDTEA,UNITEDTEA-EQ,461.5,461.5,0.0,0.0,0.0,0.0,0.0,0.0,32.0,2820.0,461.39,479.3814344959493,493.82608423198405,35.13333333333334,,,,,,SELL,478.05,SELL,70.0,False,True,"['Price is below SMMA20', 'SMMA20 is below SMMA120', 'RSI shows weak momentum']",2026-08-12 17:51:33
HDFCGOLD,HDFCGOLD-EQ,130.61,130.61,130.61,1002.0,0.0,0.0,1002.0,0.0,1.0,3549446.0,130.38,124.31724454356993,126.0719575771484,78.16500711237553,,,,,,SELL,119.25,HOLD,10.0,False,True,"['Price is above SMMA20', 'SMMA20 is below SMMA120', 'RSI is overbought']",2026-08-12 17:51:35
PROZONER,PROZONER-EQ,41.97,41.97,0.0,0.0,41.97,500.0,0.0,500.0,5.0,146565.0,42.37,44.42793514308174,49.90441450506025,30.870083432657964,,,,,,SELL,49.37,SELL,70.0,False,True,"['Price is below SMMA20', 'SMMA20 is below SMMA120', 'RSI shows weak momentum']",2026-08-12 17:51:44
NEXT50IETF,NEXT50IETF-EQ,78.61,78.61,0.0,0.0,78.61,356.0,0.0,356.0,1.0,659950.0,78.55,76.58679122506155,73.34516104301528,84.18604651162802,,,,,,NONE,,HOLD,50.0,False,True,"['Price is above SMMA20', 'SMMA20 is above SMMA120', 'RSI is overbought']",2026-08-12 17:51:46
RCF,RCF-EQ,124.11,124.11,124.11,495.0,0.0,0.0,495.0,0.0,505.0,523390.0,124.57,127.8596282513195,129.71044786068694,49.826026443980524,,,,,,NONE,,SELL,70.0,False,True,"['Price is below SMMA20', 'SMMA20 is below SMMA120', 'RSI shows weak momentum']",2026-08-12 17:51:48
MASTERTR,MASTERTR-EQ,77.51,77.51,0.0,0.0,0.0,0.0,0.0,0.0,6.0,147885.0,77.63,82.35893451282627,87.85549182166719,29.702970297029722,,,,,,NONE,,SELL,85.0,False,True,"['Price is below SMMA20', 'SMMA20 is below SMMA120', 'RSI is strongly oversold']",2026-08-12 17:51:51
KREBSBIO,KREBSBIO-EQ,54.79,54.79,0.0,0.0,0.0,0.0,0.0,0.0,86.0,791.0,55.75,56.52208082115802,59.46184012530273,56.31641086186541,,,,,,SELL,54.72,HOLD,35.0,False,True,"['Price is below SMMA20', 'SMMA20 is below SMMA120', 'RSI shows healthy bullish momentum']",2026-08-12 17:51:53
UCAL,UCAL-EQ,116.02,116.02,0.0,0.0,0.0,0.0,0.0,0.0,3.0,2470.0,116.45,114.65951344849898,107.78442569849035,49.92987377279103,,,,,,BUY,125.78,HOLD,50.0,False,True,"['Price is above SMMA20', 'SMMA20 is above SMMA120', 'RSI shows weak momentum']",2026-08-12 17:51:55
SHREYANIND,SHREYANIND-EQ,142.53,142.53,0.0,0.0,142.53,201.0,0.0,201.0,99.0,6600.0,142.34,141.1140637599588,153.56575644235082,61.38302649303996,,,,,,NONE,,HOLD,25.0,False,True,"['Price is above SMMA20', 'SMMA20 is below SMMA120', 'RSI shows healthy bullish momentum']",2026-08-12 17:51:58
SWANCORP,SWANCORP-EQ,307.7,307.7,0.0,0.0,307.7,4113.0,0.0,4113.0,20.0,1125207.0,308.15,313.86562652134234,358.5221229745709,49.24012158054712,,,,,,NONE,,SELL,70.0,False,True,"['Price is below SMMA20', 'SMMA20 is below SMMA120', 'RSI shows weak momentum']",2026-08-12 17:52:00
IPL,IPL-EQ,142.09,142.09,142.09,5001.0,0.0,0.0,5001.0,0.0,98.0,122014.0,142.31,152.3029160957912,157.58441945826706,27.342888643880954,,,,,,SELL,149.74,SELL,85.0,False,True,"['Price is below SMMA20', 'SMMA20 is below SMMA120', 'RSI is strongly oversold']",2026-08-12 17:52:03
SERVOTECH,SERVOTECH-EQ,83.24,83.24,0.0,0.0,83.24,294.0,0.0,294.0,90.0,375768.0,83.07,92.3482068781519,85.13507008722101,24.832962138084625,,,,,,NONE,,HOLD,25.0,False,True,"['Price is below SMMA20', 'SMMA20 is above SMMA120', 'RSI is strongly oversold']",2026-08-12 17:52:05
GPPL,GPPL-EQ,149.79,149.79,149.79,23.0,0.0,0.0,23.0,0.0,100.0,986838.0,148.99,151.59396488851502,161.98677932057026,60.0,,,,,,NONE,,HOLD,35.0,False,True,"['Price is below SMMA20', 'SMMA20 is below SMMA120', 'RSI shows healthy bullish momentum']",2026-08-12 17:52:07
DOLLAR,DOLLAR-EQ,277.3,277.3,0.0,0.0,0.0,0.0,0.0,0.0,37.0,232706.0,281.95,268.2737695952819,287.8332629652167,69.45054945054946,,,,,,NONE,,HOLD,25.0,False,True,"['Price is above SMMA20', 'SMMA20 is below SMMA120', 'RSI shows healthy bullish momentum']",2026-08-12 17:52:10
MOSCHIP,MOSCHIP-EQ,205.19,205.19,0.0,0.0,0.0,0.0,0.0,0.0,1.0,852556.0,205.48,215.97894495171036,201.96520487618494,27.431105479885986,,,,,,NONE,,HOLD,25.0,False,True,"['Price is below SMMA20', 'SMMA20 is above SMMA120', 'RSI is strongly oversold']",2026-08-12 17:52:12
NIBL,NIBL-EQ,32.94,32.94,0.0,0.0,32.94,47.0,0.0,47.0,6.0,17158.0,32.83,33.47485144483136,31.383787322072564,41.234221598877994,,,,,,BUY,33.25,HOLD,10.0,False,True,"['Price is below SMMA20', 'SMMA20 is above SMMA120', 'RSI shows weak momentum']",2026-08-12 17:52:18
MAHLOG,MAHLOG-EQ,406.95,406.95,406.95,10.0,0.0,0.0,10.0,0.0,4.0,188205.0,405.98,395.6725808115933,370.21869017159617,59.81611681990263,,,,,,BUY,383.6,BUY,85.0,False,True,"['Price is above SMMA20', 'SMMA20 is above SMMA120', 'RSI shows healthy bullish momentum']",2026-08-12 17:52:20
HERITGFOOD,HERITGFOOD-EQ,357.65,357.65,357.65,292.0,0.0,0.0,292.0,0.0,1.0,184769.0,358.23,338.2445322013558,357.50588619052854,72.43902439024386,,,,,,NONE,,HOLD,10.0,False,True,"['Price is above SMMA20', 'SMMA20 is below SMMA120', 'RSI is overbought']",2026-08-12 17:52:26
ITCHOTELS,ITCHOTELS-EQ,168.32,168.32,0.0,0.0,168.32,936.0,0.0,936.0,64.0,1579629.0,167.72,167.97695779049656,170.84154226664344,59.803620742559,,,,,,NONE,,HOLD,25.0,False,True,"['Price is above SMMA20', 'SMMA20 is below SMMA120', 'RSI shows healthy bullish momentum']",2026-08-12 17:52:28
KOTHARIPRO,KOTHARIPRO-EQ,69.11,69.11,0.0,0.0,0.0,0.0,0.0,0.0,128.0,9184.0,69.37,68.88124437612167,69.46484224844647,53.50819672131146,,,,,,SELL,67.73,HOLD,10.0,False,True,"['Price is above SMMA20', 'SMMA20 is below SMMA120', 'RSI shows mild bullish momentum']",2026-08-12 17:52:32
HONASA,HONASA-EQ,467.4,467.4,0.0,0.0,467.4,919.0,0.0,919.0,4.0,987009.0,468.17,448.452841003416,355.0676319154907,69.54585930543186,,,,,,NONE,,BUY,85.0,False,True,"['Price is above SMMA20', 'SMMA20 is above SMMA120', 'RSI shows healthy bullish momentum']",2026-08-12 17:52:40
DHARMAJ,DHARMAJ-EQ,278.45,278.45,0.0,0.0,278.45,6.0,0.0,6.0,23.0,106140.0,279.58,266.71147864860126,254.59527352531677,72.09051724137937,,,,,,NONE,,HOLD,50.0,False,True,"['Price is above SMMA20', 'SMMA20 is above SMMA120', 'RSI is overbought']",2026-08-12 17:52:42
GPIL,GPIL-EQ,228.99,228.99,0.0,0.0,228.99,84.0,0.0,84.0,25.0,1651494.0,230.56,250.86438353584586,263.97688177186353,37.287432600580686,,,,,,SELL,251.85,SELL,70.0,False,True,"['Price is below SMMA20', 'SMMA20 is below SMMA120', 'RSI shows weak momentum']",2026-08-12 17:52:46
SUNTV,SUNTV-EQ,478.2,478.2,0.0,0.0,478.2,1416.0,0.0,1416.0,12.0,242137.0,479.56,502.2828994010939,548.7421123633872,41.91802010827536,,,,,,NONE,,SELL,70.0,False,True,"['Price is below SMMA20', 'SMMA20 is below SMMA120', 'RSI shows weak momentum']",2026-08-12 17:52:48
PLASTIBLEN,PLASTIBLEN-EQ,201.48,201.48,201.48,353.0,0.0,0.0,353.0,0.0,147.0,56867.0,202.81,187.9233234236472,165.0057426453662,66.0016397922929,,,,,,NONE,,BUY,85.0,False,True,"['Price is above SMMA20', 'SMMA20 is above SMMA120', 'RSI shows healthy bullish momentum']",2026-08-12 17:52:51
WANBURY,WANBURY-EQ,262.75,262.75,0.0,0.0,262.75,529.0,0.0,529.0,10.0,2576174.0,251.29,288.05901429647326,259.01546398722576,18.294425917103354,,,,,,NONE,,HOLD,25.0,False,True,"['Price is below SMMA20', 'SMMA20 is above SMMA120', 'RSI is strongly oversold']",2026-08-12 17:52:53
SAGCEM,SAGCEM-EQ,175.15,175.15,0.0,0.0,175.15,168.0,0.0,168.0,53.0,28813.0,175.93,176.39568640049515,185.2227756450305,48.459958932238195,,,,,,NONE,,SELL,70.0,False,True,"['Price is below SMMA20', 'SMMA20 is below SMMA120', 'RSI shows weak momentum']",2026-08-12 17:52:55
POCL,POCL-EQ,489.6,489.6,0.0,0.0,489.6,375.0,0.0,375.0,1.0,206232.0,489.99,526.8112384335694,515.5853017582347,35.54091539528436,,,,,,NONE,,HOLD,10.0,False,True,"['Price is below SMMA20', 'SMMA20 is above SMMA120', 'RSI shows weak momentum']",2026-08-12 17:52:58
TWCGOLDETF,TWCGOLDETF-EQ,152.44,152.44,0.0,0.0,0.0,0.0,0.0,0.0,39.0,16184.0,152.23,145.13599300665345,148.73459845959857,76.68030391583856,,,,,,NONE,,HOLD,10.0,False,True,"['Price is above SMMA20', 'SMMA20 is below SMMA120', 'RSI is overbought']",2026-08-12 17:53:06
MEESHO,MEESHO-EQ,191.89,191.89,0.0,0.0,191.89,26479.0,0.0,26479.0,80.0,8383592.0,192.16,186.2155823748889,174.5300937348302,54.03181568842568,,,,,,NONE,,BUY,70.0,False,True,"['Price is above SMMA20', 'SMMA20 is above SMMA120', 'RSI shows mild bullish momentum']",2026-08-12 17:53:09
ROHLTD,ROHLTD-EQ,307.4,307.4,307.4,20.0,0.0,0.0,20.0,0.0,29.0,19465.0,309.19,320.36123281807096,344.53569403878026,45.89235127478752,,,,,,NONE,,SELL,70.0,False,True,"['Price is below SMMA20', 'SMMA20 is below SMMA120', 'RSI shows weak momentum']",2026-08-12 17:53:12
ELIN,ELIN-EQ,97.79,97.79,97.79,2511.0,0.0,0.0,2511.0,0.0,1776.0,463918.0,97.92,102.7942405647552,124.56000456664553,46.83920237590158,,,,,,NONE,,SELL,70.0,False,True,"['Price is below SMMA20', 'SMMA20 is below SMMA120', 'RSI shows weak momentum']",2026-08-12 17:53:28
ATLANTAA,ATLANTAA-EQ,42.13,42.13,42.13,100.0,0.0,0.0,100.0,0.0,200.0,164193.0,42.78,39.17861670772298,40.82064997449839,69.06887755102044,,,,,,NONE,,HOLD,25.0,False,True,"['Price is above SMMA20', 'SMMA20 is below SMMA120', 'RSI shows healthy bullish momentum']",2026-08-12 17:53:30
GOKULAGRO,GOKULAGRO-EQ,236.6,236.6,236.6,250.0,0.0,0.0,250.0,0.0,50.0,845538.0,232.14,220.89902369577598,200.10554629326853,78.20644366919757,,,,,,NONE,,HOLD,50.0,False,True,"['Price is above SMMA20', 'SMMA20 is above SMMA120', 'RSI is overbought']",2026-08-12 17:53:34
ORIENTCER,ORIENTCER-EQ,41.75,41.75,0.0,0.0,41.75,90.0,0.0,90.0,9.0,52496.0,41.81,41.03421495603739,41.143670129617135,59.504132231404945,,,,,,NONE,,HOLD,25.0,False,True,"['Price is above SMMA20', 'SMMA20 is below SMMA120', 'RSI shows healthy bullish momentum']",2026-08-12 17:53:39
JMFINANCIL,JMFINANCIL-EQ,129.67,129.67,0.0,0.0,129.67,3999.0,0.0,3999.0,100.0,4221891.0,128.76,125.67277027959656,130.39497568246816,65.1662611516626,,,,,,NONE,,HOLD,25.0,False,True,"['Price is above SMMA20', 'SMMA20 is below SMMA120', 'RSI shows healthy bullish momentum']",2026-08-12 17:53:43
MOM100,MOM100-EQ,68.76,68.76,68.76,15.0,0.0,0.0,15.0,0.0,191.0,346105.0,68.71,67.46046293030349,64.80613678715936,77.16346153846163,,,,,,NONE,,HOLD,50.0,False,True,"['Price is above SMMA20', 'SMMA20 is above SMMA120', 'RSI is overbought']",2026-08-12 17:53:46
RELIGARE,RELIGARE-EQ,237.5,237.5,237.5,3550.0,0.0,0.0,3550.0,0.0,1.0,1145480.0,233.53,250.69713430373355,237.97349425665658,40.89635854341737,,,,,,BUY,245.77,HOLD,10.0,False,True,"['Price is below SMMA20', 'SMMA20 is above SMMA120', 'RSI shows weak momentum']",2026-08-12 17:53:48
WORTHPERI,WORTHPERI-EQ,157.13,157.13,0.0,0.0,0.0,0.0,0.0,0.0,50.0,33723.0,159.49,143.72346210803977,137.10309784872828,70.30784508440914,,,,,,BUY,143.31,HOLD,50.0,False,True,"['Price is above SMMA20', 'SMMA20 is above SMMA120', 'RSI is overbought']",2026-08-12 17:53:50
PYRAMID,PYRAMID-EQ,162.42,162.42,0.0,0.0,162.42,459.0,0.0,459.0,25.0,237245.0,161.84,171.92358809203648,162.23764386431887,49.68928660203828,,,,,,NONE,,HOLD,10.0,False,True,"['Price is below SMMA20', 'SMMA20 is above SMMA120', 'RSI shows weak momentum']",2026-08-12 17:53:53
CAPITALSFB,CAPITALSFB-EQ,291.8,291.8,0.0,0.0,0.0,0.0,0.0,0.0,22.0,7573.0,291.98,291.62545550009986,271.09808595085184,41.90954773869345,,,,,,NONE,,HOLD,50.0,False,True,"['Price is above SMMA20', 'SMMA20 is above SMMA120', 'RSI shows weak momentum']",2026-08-12 17:53:57
MUNJALSHOW,MUNJALSHOW-EQ,132.39,132.39,132.39,200.0,0.0,0.0,200.0,0.0,29.0,33323.0,133.51,134.60203058524877,128.36782399328555,42.96348812477847,,,,,,NONE,,HOLD,10.0,False,True,"['Price is below SMMA20', 'SMMA20 is above SMMA120', 'RSI shows weak momentum']",2026-08-12 17:54:02
NIFTY1,NIFTY1-EQ,270.87,270.87,0.0,0.0,270.87,4.0,0.0,4.0,42.0,82693.0,270.76,268.1837284740689,270.6494602982927,71.95121951219505,,,,,,NONE,,HOLD,10.0,False,True,"['Price is above SMMA20', 'SMMA20 is below SMMA120', 'RSI is overbought']",2026-08-12 17:54:05
BHARATWIRE,BHARATWIRE-EQ,187.2,187.2,0.0,0.0,187.2,25.0,0.0,25.0,23.0,174138.0,188.14,202.91252379003305,193.13165752300395,44.27737484521493,,,,,,NONE,,HOLD,10.0,False,True,"['Price is below SMMA20', 'SMMA20 is above SMMA120', 'RSI shows weak momentum']",2026-08-12 17:54:07
ITIETF,ITIETF-EQ,34.68,34.68,0.0,0.0,34.68,780.0,0.0,780.0,220.0,2350345.0,34.73,33.01262029491847,35.04321259369445,73.07086614173232,,,,,,NONE,,HOLD,10.0,False,True,"['Price is above SMMA20', 'SMMA20 is below SMMA120', 'RSI is overbought']",2026-08-12 17:54:12
INDTERRAIN,INDTERRAIN-EQ,31.31,31.31,0.0,0.0,0.0,0.0,0.0,0.0,15.0,22600.0,31.57,31.105335995683582,32.084254226295066,64.33756805807622,,,,,,NONE,,HOLD,25.0,False,True,"['Price is above SMMA20', 'SMMA20 is below SMMA120', 'RSI shows healthy bullish momentum']",2026-08-12 17:54:14
BLSE,BLSE-EQ,316.65,316.65,0.0,0.0,0.0,0.0,0.0,0.0,50.0,743991.0,317.07,275.98867217346645,208.1176973991675,78.38992099081787,,,,,,NONE,,HOLD,50.0,False,True,"['Price is above SMMA20', 'SMMA20 is above SMMA120', 'RSI is overbought']",2026-08-12 17:54:16
WSI,WSI-EQ,58.99,58.99,58.99,21.0,0.0,0.0,21.0,0.0,7.0,103443.0,57.17,62.82591983468723,71.80134102260196,35.53431798436144,,,,,,NONE,,SELL,70.0,False,True,"['Price is below SMMA20', 'SMMA20 is below SMMA120', 'RSI shows weak momentum']",2026-08-12 17:54:19
EDELWEISS,EDELWEISS-EQ,118.9,118.9,0.0,0.0,118.9,946.0,0.0,946.0,100.0,1403486.0,118.55,118.21975000737557,113.9541779324505,58.49969751966125,,,,,,NONE,,BUY,85.0,False,True,"['Price is above SMMA20', 'SMMA20 is above SMMA120', 'RSI shows healthy bullish momentum']",2026-08-12 17:54:24
LORDSCHLO,LORDSCHLO-EQ,137.71,137.71,137.71,1.0,0.0,0.0,1.0,0.0,5.0,14114.0,138.19,141.3290850260521,142.1816719742291,42.07833103719743,,,,,,NONE,,SELL,70.0,False,True,"['Price is below SMMA20', 'SMMA20 is below SMMA120', 'RSI shows weak momentum']",2026-08-12 17:54:27
DELTACORP,DELTACORP-EQ,60.71,60.71,0.0,0.0,60.71,7896.0,0.0,7896.0,100.0,2262213.0,61.46,64.12151444486167,65.30474793186637,38.151041666666664,,,,,,SELL,63.46,SELL,70.0,False,True,"['Price is below SMMA20', 'SMMA20 is below SMMA120', 'RSI shows weak momentum']",2026-08-12 17:54:29
GOPAL,GOPAL-EQ,273.4,273.4,0.0,0.0,0.0,0.0,0.0,0.0,1.0,241136.0,276.51,272.8721216105028,288.83250299915073,72.12205270457707,,,,,,NONE,,HOLD,10.0,False,True,"['Price is above SMMA20', 'SMMA20 is below SMMA120', 'RSI is overbought']",2026-08-12 17:54:33
AJMERA,AJMERA-EQ,117.48,117.48,0.0,0.0,117.48,257.0,0.0,257.0,6.0,362536.0,118.34,126.25479202588706,137.7980171050227,40.35689773507208,,,,,,NONE,,SELL,70.0,False,True,"['Price is below SMMA20', 'SMMA20 is below SMMA120', 'RSI shows weak momentum']",2026-08-12 17:54:35
ATALREAL,ATALREAL-EQ,35.34,35.34,35.34,1916.0,0.0,0.0,1916.0,0.0,300.0,13344621.0,35.2,31.610737643508582,27.50039344385022,85.02415458937203,,,,,,NONE,,HOLD,50.0,False,True,"['Price is above SMMA20', 'SMMA20 is above SMMA120', 'RSI is overbought']",2026-08-12 17:54:38
QGOLDHALF,QGOLDHALF-EQ,127.98,127.98,0.0,0.0,127.98,300.0,0.0,300.0,10.0,140458.0,127.18,120.58766913386619,122.23042395912125,76.44295302013421,,,,,,SELL,115.67,HOLD,10.0,False,True,"['Price is above SMMA20', 'SMMA20 is below SMMA120', 'RSI is overbought']",2026-08-12 17:54:40
RBA,RBA-EQ,93.82,93.82,0.0,0.0,93.82,264.0,0.0,264.0,500.0,5706033.0,93.78,75.98186003873101,67.68064202094813,85.30273437500003,,,,,,NONE,,HOLD,50.0,False,True,"['Price is above SMMA20', 'SMMA20 is above SMMA120', 'RSI is overbought']",2026-08-12 17:54:42
EPACK,EPACK-EQ,212.22,212.22,0.0,0.0,0.0,0.0,0.0,0.0,78.0,1222863.0,216.82,232.6351326779436,245.13203147482352,26.167512690355295,,,,,,NONE,,SELL,85.0,False,True,"['Price is below SMMA20', 'SMMA20 is below SMMA120', 'RSI is strongly oversold']",2026-08-12 17:54:45
SENCO,SENCO-EQ,345.65,345.65,345.65,1726.0,0.0,0.0,1726.0,0.0,20.0,7359766.0,357.91,372.8004405763027,336.0442276389073,37.264742785445414,,,,,,NONE,,HOLD,10.0,False,True,"['Price is below SMMA20', 'SMMA20 is above SMMA120', 'RSI shows weak momentum']",2026-08-12 17:54:48
IKIO,IKIO-EQ,214.9,214.9,214.9,2099.0,0.0,0.0,2099.0,0.0,85.0,598092.0,211.94,194.27134587792784,164.52457557184795,58.24386503067484,,,,,,BUY,162.37,BUY,85.0,False,True,"['Price is above SMMA20', 'SMMA20 is above SMMA120', 'RSI shows healthy bullish momentum']",2026-08-12 17:54:50
V2RETAIL,V2RETAIL-EQ,219.82,219.82,0.0,0.0,219.82,66.0,0.0,66.0,74.0,566703.0,221.55,222.45520765349028,214.5924554339863,49.24389298177586,,,,,,NONE,,HOLD,10.0,False,True,"['Price is below SMMA20', 'SMMA20 is above SMMA120', 'RSI shows weak momentum']",2026-08-12 17:54:52
RUBFILA,RUBFILA-EQ,68.59,68.59,68.59,85.0,0.0,0.0,85.0,0.0,15.0,119162.0,70.01,72.60084761733357,71.30669459577754,37.706855791962155,,,,,,NONE,,HOLD,10.0,False,True,"['Price is below SMMA20', 'SMMA20 is above SMMA120', 'RSI shows weak momentum']",2026-08-12 17:55:01
DYCL,DYCL-EQ,454.0,454.0,0.0,0.0,454.0,17.0,0.0,17.0,25.0,1716733.0,455.09,389.6732326662456,335.16686733112084,68.26484018264838,,,,,,NONE,,BUY,85.0,False,True,"['Price is above SMMA20', 'SMMA20 is above SMMA120', 'RSI shows healthy bullish momentum']",2026-08-12 17:55:03
SETFNIF50,SETFNIF50-EQ,262.98,262.98,0.0,0.0,0.0,0.0,0.0,0.0,2.0,717458.0,262.29,260.2646000111444,262.6140309882534,70.81922816519952,,,,,,NONE,,HOLD,10.0,False,True,"['Price is above SMMA20', 'SMMA20 is below SMMA120', 'RSI is overbought']",2026-08-12 17:55:05
AGRITECH,AGRITECH-EQ,107.84,107.84,0.0,0.0,0.0,0.0,0.0,0.0,28.0,2978.0,108.83,111.74521429817639,121.89332990662992,39.860997547015536,,,,,,NONE,,SELL,70.0,False,True,"['Price is below SMMA20', 'SMMA20 is below SMMA120', 'RSI shows weak momentum']",2026-08-12 17:55:08
PODDARMENT,PODDARMENT-EQ,263.55,263.55,0.0,0.0,263.55,65.0,0.0,65.0,2.0,7117.0,267.48,253.2486693285564,248.1562977916186,49.60010489052051,,,,,,BUY,265.52,HOLD,50.0,False,True,"['Price is above SMMA20', 'SMMA20 is above SMMA120', 'RSI shows weak momentum']",2026-08-12 17:55:10
STYLEBAAZA,STYLEBAAZA-EQ,351.3,351.3,351.3,108.0,0.0,0.0,108.0,0.0,5.0,985489.0,349.84,306.80950350496323,311.2134085959129,83.56704645048207,,,,,,SELL,274.7,HOLD,10.0,False,True,"['Price is above SMMA20', 'SMMA20 is below SMMA120', 'RSI is overbought']",2026-08-12 17:55:13
HUHTAMAKI,HUHTAMAKI-EQ,278.4,278.4,278.4,3137.0,0.0,0.0,3137.0,0.0,2.0,266172.0,280.84,253.28661287360393,200.61127973027868,41.65934259096501,,,,,,BUY,215.63,HOLD,50.0,False,True,"['Price is above SMMA20', 'SMMA20 is above SMMA120', 'RSI shows weak momentum']",2026-08-12 17:55:15
HEIDELBERG,HEIDELBERG-EQ,155.12,155.12,155.12,60.0,0.0,0.0,60.0,0.0,3.0,31064.0,154.43,156.05093366265402,159.95046132812894,47.69900497512444,,,,,,NONE,,SELL,70.0,False,True,"['Price is below SMMA20', 'SMMA20 is below SMMA120', 'RSI shows weak momentum']",2026-08-12 17:55:21
OSWALAGRO,OSWALAGRO-EQ,37.4,37.4,0.0,0.0,37.4,1950.0,0.0,1950.0,19.0,41103.0,37.3,40.40045472962194,46.67581005126697,51.69354838709679,,,,,,NONE,,SELL,50.0,False,True,"['Price is below SMMA20', 'SMMA20 is below SMMA120', 'RSI shows mild bullish momentum']",2026-08-12 17:55:23
MURUDCERA,MURUDCERA-EQ,31.8,31.8,0.0,0.0,31.8,1000.0,0.0,1000.0,211.0,36313.0,31.85,31.319081661796496,32.25777634309312,70.14925373134321,,,,,,NONE,,HOLD,10.0,False,True,"['Price is above SMMA20', 'SMMA20 is below SMMA120', 'RSI is overbought']",2026-08-12 17:55:26
SANSTAR,SANSTAR-EQ,111.92,111.92,111.92,1039.0,0.0,0.0,1039.0,0.0,50.0,130754.0,111.31,112.44783857669688,99.09046381191855,60.49947238832219,,,,,,NONE,,HOLD,25.0,False,True,"['Price is below SMMA20', 'SMMA20 is above SMMA120', 'RSI shows healthy bullish momentum']",2026-08-12 17:55:28
MOVALUE,MOVALUE-EQ,115.78,115.78,0.0,0.0,0.0,0.0,0.0,0.0,80.0,75227.0,115.42,114.88078575239679,116.31766744020764,66.71755725190842,,,,,,NONE,,HOLD,25.0,False,True,"['Price is above SMMA20', 'SMMA20 is below SMMA120', 'RSI shows healthy bullish momentum']",2026-08-12 17:55:31
STCINDIA,STCINDIA-EQ,117.37,117.37,0.0,0.0,117.37,542.0,0.0,542.0,3.0,44119.0,118.56,120.50504224334331,118.97695704306797,51.74870466321246,,,,,,BUY,121.97,HOLD,10.0,False,True,"['Price is below SMMA20', 'SMMA20 is above SMMA120', 'RSI shows mild bullish momentum']",2026-08-12 17:55:33
ASHOKA,ASHOKA-EQ,113.9,113.9,113.9,782.0,0.0,0.0,782.0,0.0,518.0,1312834.0,113.99,123.61890034304238,135.2973133466885,27.378640776699,,,,,,NONE,,SELL,85.0,False,True,"['Price is below SMMA20', 'SMMA20 is below SMMA120', 'RSI is strongly oversold']",2026-08-12 17:55:35
KIOCL,KIOCL-EQ,395.4,395.4,0.0,0.0,395.4,347.0,0.0,347.0,43.0,309155.0,400.04,381.4777486756517,370.06134007640475,74.67930842163969,,,,,,NONE,,HOLD,50.0,False,True,"['Price is above SMMA20', 'SMMA20 is above SMMA120', 'RSI is overbought']",2026-08-12 17:55:43
BEDMUTHA,BEDMUTHA-EQ,117.16,117.16,117.16,140.0,0.0,0.0,140.0,0.0,1.0,4681.0,116.59,110.78745529769624,114.43872251599963,68.08259587020649,,,,,,NONE,,HOLD,25.0,False,True,"['Price is above SMMA20', 'SMMA20 is below SMMA120', 'RSI shows healthy bullish momentum']",2026-08-12 17:55:49
CONFIPET,CONFIPET-EQ,73.82,73.82,0.0,0.0,73.82,13419.0,0.0,13419.0,100.0,4555642.0,74.8,75.45856726603503,53.409202406771186,49.04805077062555,,,,,,NONE,,HOLD,10.0,False,True,"['Price is below SMMA20', 'SMMA20 is above SMMA120', 'RSI shows weak momentum']",2026-08-12 17:55:55
SATIA,SATIA-EQ,61.53,61.53,0.0,0.0,0.0,0.0,0.0,0.0,62.0,53459.0,61.08,59.979015046703616,62.03721324916521,45.6738768718802,,,,,,NONE,,HOLD,10.0,False,True,"['Price is above SMMA20', 'SMMA20 is below SMMA120', 'RSI shows weak momentum']",2026-08-12 17:55:57
KARURVYSYA,KARURVYSYA-EQ,338.8,338.8,338.8,1953.0,0.0,0.0,1953.0,0.0,40.0,1752090.0,336.78,320.9979713834702,295.22551800061206,52.486910994764436,,,,,,NONE,,BUY,70.0,False,True,"['Price is above SMMA20', 'SMMA20 is above SMMA120', 'RSI shows mild bullish momentum']",2026-08-12 17:56:03
INTENTECH,INTENTECH-EQ,81.44,81.44,0.0,0.0,81.44,63.0,0.0,63.0,300.0,9550.0,81.7,90.21367874125804,100.70954875785482,31.064503363672344,,,,,,NONE,,SELL,70.0,False,True,"['Price is below SMMA20', 'SMMA20 is below SMMA120', 'RSI shows weak momentum']",2026-08-12 17:56:06
KAYA,KAYA-EQ,306.7,306.7,306.7,17.0,0.0,0.0,17.0,0.0,5.0,185323.0,308.07,265.10770593257223,294.0847255367981,70.91042123967809,,,,,,NONE,,HOLD,10.0,False,True,"['Price is above SMMA20', 'SMMA20 is below SMMA120', 'RSI is overbought']",2026-08-12 17:56:15
MAXESTATES,MAXESTATES-EQ,420.65,420.65,0.0,0.0,420.65,46.0,0.0,46.0,1.0,59253.0,419.15,413.73875853455246,410.6195261993598,68.26318335752299,,,,,,NONE,,BUY,85.0,False,True,"['Price is above SMMA20', 'SMMA20 is above SMMA120', 'RSI shows healthy bullish momentum']",2026-08-12 17:56:17
FEDFINA,FEDFINA-EQ,151.84,151.84,151.84,112.0,0.0,0.0,112.0,0.0,5.0,879332.0,152.86,152.94977213847534,147.85979942666734,52.91943828529196,,,,,,NONE,,HOLD,10.0,False,True,"['Price is below SMMA20', 'SMMA20 is above SMMA120', 'RSI shows mild bullish momentum']",2026-08-12 17:56:20
UGARSUGAR,UGARSUGAR-EQ,44.15,44.15,0.0,0.0,0.0,0.0,0.0,0.0,10.0,219969.0,44.23,41.85316532769734,40.28325486860381,61.620866325104814,,,,,,NONE,,BUY,85.0,False,True,"['Price is above SMMA20', 'SMMA20 is above SMMA120', 'RSI shows healthy bullish momentum']",2026-08-12 17:56:22
UFLEX,UFLEX-EQ,497.75,497.75,0.0,0.0,497.75,29.0,0.0,29.0,1.0,72505.0,498.89,460.2001290305352,446.19911447367093,57.7922077922078,,,,,,BUY,478.75,BUY,85.0,False,True,"['Price is above SMMA20', 'SMMA20 is above SMMA120', 'RSI shows healthy bullish momentum']",2026-08-12 17:56:24
CANTABIL,CANTABIL-EQ,228.63,228.63,0.0,0.0,0.0,0.0,0.0,0.0,15.0,64738.0,228.51,240.0540186477113,251.6703684116904,33.91554278133981,,,,,,NONE,,SELL,70.0,False,True,"['Price is below SMMA20', 'SMMA20 is below SMMA120', 'RSI shows weak momentum']",2026-08-12 17:56:27
NIFTY100EW,NIFTY100EW-EQ,35.71,35.71,35.71,10.0,0.0,0.0,10.0,0.0,58.0,50709.0,35.77,35.10329625631668,34.01947685030553,78.73563218390814,,,,,,NONE,,HOLD,50.0,False,True,"['Price is above SMMA20', 'SMMA20 is above SMMA120', 'RSI is overbought']",2026-08-12 17:56:29
NEXT30ADD,NEXT30ADD-EQ,43.88,43.88,0.0,0.0,0.0,0.0,0.0,0.0,9111.0,11427.0,43.88,42.821360957642256,41.3669217958878,77.50865051903133,,,,,,NONE,,HOLD,50.0,False,True,"['Price is above SMMA20', 'SMMA20 is above SMMA120', 'RSI is overbought']",2026-08-12 17:56:31
NAZARA,NAZARA-EQ,352.2,352.2,352.2,3068.0,0.0,0.0,3068.0,0.0,1.0,674988.0,353.27,317.4492420996748,278.0760717065043,90.33057851239674,,,,,,NONE,,HOLD,50.0,False,True,"['Price is above SMMA20', 'SMMA20 is above SMMA120', 'RSI is overbought']",2026-08-12 17:56:34
DELTAMAGNT,DELTAMAGNT-EQ,58.14,58.14,0.0,0.0,0.0,0.0,0.0,0.0,11.0,1222.0,58.48,58.91932450585102,61.30145158053967,50.52573325954621,,,,,,NONE,,SELL,50.0,False,True,"['Price is below SMMA20', 'SMMA20 is below SMMA120', 'RSI shows mild bullish momentum']",2026-08-12 17:56:36
APOLLO,APOLLO-EQ,379.85,379.85,0.0,0.0,379.85,8154.0,0.0,8154.0,5.0,3532851.0,383.51,392.65893455275193,307.88211877116856,39.83105912930475,,,,,,NONE,,HOLD,10.0,False,True,"['Price is below SMMA20', 'SMMA20 is above SMMA120', 'RSI shows weak momentum']",2026-08-12 17:56:39
GENUSPOWER,GENUSPOWER-EQ,304.95,304.95,0.0,0.0,304.95,182.0,0.0,182.0,5.0,1569937.0,305.75,312.3498171817722,292.55273164393356,39.99999999999999,,,,,,NONE,,HOLD,10.0,False,True,"['Price is below SMMA20', 'SMMA20 is above SMMA120', 'RSI shows weak momentum']",2026-08-12 17:56:41
ITAXIS,ITAXIS-EQ,346.37,346.37,346.37,10.0,0.0,0.0,10.0,0.0,2.0,5360.0,345.08,327.92280777456176,347.96661892800114,82.99086757990868,,,,,,NONE,,HOLD,10.0,False,True,"['Price is above SMMA20', 'SMMA20 is below SMMA120', 'RSI is overbought']",2026-08-12 17:56:43
KRISHANA,KRISHANA-EQ,186.45,186.45,0.0,0.0,0.0,0.0,0.0,0.0,151.0,388061.0,186.91,158.77143975965745,123.9435686561424,81.25000000000003,,,,,,NONE,,HOLD,50.0,False,True,"['Price is above SMMA20', 'SMMA20 is above SMMA120', 'RSI is overbought']",2026-08-12 17:56:46
RTNINDIA,RTNINDIA-EQ,30.26,30.26,0.0,0.0,30.26,10840.0,0.0,10840.0,5.0,2641745.0,30.45,32.50748111308014,34.147976398832654,41.05113636363636,,,,,,SELL,32.79,SELL,70.0,False,True,"['Price is below SMMA20', 'SMMA20 is below SMMA120', 'RSI shows weak momentum']",2026-08-12 17:56:48
PRECAM,PRECAM-EQ,134.83,134.83,0.0,0.0,134.83,19.0,0.0,19.0,1.0,178282.0,135.3,143.89402187314008,146.3337547652376,42.71844660194177,,,,,,SELL,138.28,SELL,70.0,False,True,"['Price is below SMMA20', 'SMMA20 is below SMMA120', 'RSI shows weak momentum']",2026-08-12 17:56:51
DAMCAPITAL,DAMCAPITAL-EQ,146.15,146.15,146.15,114.0,0.0,0.0,114.0,0.0,5.0,577422.0,146.26,153.92417236939835,162.86102261578995,26.64218686250517,,,,,,NONE,,SELL,85.0,False,True,"['Price is below SMMA20', 'SMMA20 is below SMMA120', 'RSI is strongly oversold']",2026-08-12 17:56:53
SETL,SETL-EQ,300.05,300.05,0.0,0.0,300.05,10339.0,0.0,10339.0,1.0,1920788.0,298.36,258.060163792833,172.07527788505254,56.95329087048832,,,,,,NONE,,BUY,85.0,False,True,"['Price is above SMMA20', 'SMMA20 is above SMMA120', 'RSI shows healthy bullish momentum']",2026-08-12 17:56:55
ROSSELLIND,ROSSELLIND-EQ,56.97,56.97,0.0,0.0,56.97,1450.0,0.0,1450.0,269.0,6134.0,56.65,57.37264714667852,52.006494239290454,35.08424182358772,,,,,,NONE,,HOLD,10.0,False,True,"['Price is below SMMA20', 'SMMA20 is above SMMA120', 'RSI shows weak momentum']",2026-08-12 17:56:58
SAMMAANCAP,SAMMAANCAP-EQ,160.79,160.79,0.0,0.0,160.79,59054.0,0.0,59054.0,180.0,6698353.0,161.03,164.11197799728382,154.2534854306434,54.43510737628384,,,,,,NONE,,HOLD,10.0,False,True,"['Price is below SMMA20', 'SMMA20 is above SMMA120', 'RSI shows mild bullish momentum']",2026-08-12 17:57:01
SUKHJITS,SUKHJITS-EQ,161.57,161.57,0.0,0.0,0.0,0.0,0.0,0.0,30.0,8040.0,161.28,167.3301069775936,172.73259738390453,48.938795656465956,,,,,,SELL,160.76,SELL,70.0,False,True,"['Price is below SMMA20', 'SMMA20 is below SMMA120', 'RSI shows weak momentum']",2026-08-12 17:57:03
POONAWALLA,POONAWALLA-EQ,484.1,484.1,0.0,0.0,484.1,3073.0,0.0,3073.0,3.0,726456.0,485.15,461.14201240005696,438.4495403695136,58.581560283687956,,,,,,BUY,485.1,BUY,85.0,False,True,"['Price is above SMMA20', 'SMMA20 is above SMMA120', 'RSI shows healthy bullish momentum']",2026-08-12 17:57:05
PPLPHARMA,PPLPHARMA-EQ,210.24,210.24,0.0,0.0,210.24,937.0,0.0,937.0,44.0,2720946.0,212.24,187.82070611039975,167.95840402492885,87.19959524411844,,,,,,NONE,,HOLD,50.0,False,True,"['Price is above SMMA20', 'SMMA20 is above SMMA120', 'RSI is overbought']",2026-08-12 17:57:08
AFCONS,AFCONS-EQ,267.95,267.95,267.95,10298.0,0.0,0.0,10298.0,0.0,25.0,5079574.0,272.53,290.3051126728568,320.3683741394059,35.9111111111111,,,,,,NONE,,SELL,70.0,False,True,"['Price is below SMMA20', 'SMMA20 is below SMMA120', 'RSI shows weak momentum']",2026-08-12 17:57:10
DJML,DJML-EQ,103.58,103.58,0.0,0.0,103.58,2461.0,0.0,2461.0,1.0,187294.0,104.87,109.83782335997394,93.00486320405402,41.08527131782945,,,,,,NONE,,HOLD,10.0,False,True,"['Price is below SMMA20', 'SMMA20 is above SMMA120', 'RSI shows weak momentum']",2026-08-12 17:57:17
GHCL,GHCL-EQ,431.35,431.35,0.0,0.0,431.35,98.0,0.0,98.0,2.0,86368.0,431.49,438.9185966176816,481.3562753938137,52.16881594372804,,,,,,NONE,,SELL,50.0,False,True,"['Price is below SMMA20', 'SMMA20 is below SMMA120', 'RSI shows mild bullish momentum']",2026-08-12 17:57:21
SPLIL,SPLIL-EQ,31.34,31.34,0.0,0.0,0.0,0.0,0.0,0.0,5.0,5598.0,32.13,31.293640427990216,30.749764020649177,45.93837535014006,,,,,,BUY,32.02,HOLD,50.0,False,True,"['Price is above SMMA20', 'SMMA20 is above SMMA120', 'RSI shows weak momentum']",2026-08-12 17:57:23
SHOPERSTOP,SHOPERSTOP-EQ,423.9,423.9,0.0,0.0,423.9,4407.0,0.0,4407.0,50.0,38400.0,425.93,385.6976332117402,357.47091496959445,82.05510052122106,,,,,,BUY,360.05,HOLD,50.0,False,True,"['Price is above SMMA20', 'SMMA20 is above SMMA120', 'RSI is overbought']",2026-08-12 17:57:26
GSFC,GSFC-EQ,160.69,160.69,160.69,318.0,0.0,0.0,318.0,0.0,182.0,905558.0,161.68,161.22627111824616,167.02589252324714,69.83713355048862,,,,,,NONE,,HOLD,35.0,False,True,"['Price is below SMMA20', 'SMMA20 is below SMMA120', 'RSI shows healthy bullish momentum']",2026-08-12 17:57:28
CEWATER,CEWATER-EQ,261.0,261.0,261.0,2930.0,0.0,0.0,2930.0,0.0,100.0,247113.0,259.93,296.47421724423475,332.37780012847855,14.285714285714306,,,,,,NONE,,SELL,85.0,False,True,"['Price is below SMMA20', 'SMMA20 is below SMMA120', 'RSI is strongly oversold']",2026-08-12 17:57:30
ORIENTELEC,ORIENTELEC-EQ,189.79,189.79,0.0,0.0,0.0,0.0,0.0,0.0,73.0,236890.0,189.55,178.68158567260883,176.87627156920934,71.19329673504767,,,,,,BUY,189.18,HOLD,50.0,False,True,"['Price is above SMMA20', 'SMMA20 is above SMMA120', 'RSI is overbought']",2026-08-12 17:57:33
MOBIKWIK,MOBIKWIK-EQ,207.01,207.01,207.01,153.0,0.0,0.0,153.0,0.0,20.0,666651.0,209.04,205.44808427533673,205.83923283524985,51.07428731919674,,,,,,NONE,,HOLD,10.0,False,True,"['Price is above SMMA20', 'SMMA20 is below SMMA120', 'RSI shows mild bullish momentum']",2026-08-12 17:57:35
DENTA,DENTA-EQ,323.1,323.1,323.1,561.0,0.0,0.0,561.0,0.0,49.0,146211.0,325.72,327.5298594897357,293.181861795003,45.555555555555564,,,,,,BUY,331.45,HOLD,10.0,False,True,"['Price is below SMMA20', 'SMMA20 is above SMMA120', 'RSI shows weak momentum']",2026-08-12 17:57:38
SHK,SHK-EQ,170.89,170.89,170.89,8881.0,0.0,0.0,8881.0,0.0,100.0,675184.0,173.44,149.4383950101161,146.8546326824231,76.16991883957866,,,,,,BUY,170.89,HOLD,50.0,False,True,"['Price is above SMMA20', 'SMMA20 is above SMMA120', 'RSI is overbought']",2026-08-12 17:57:40
PRSMJOHNSN,PRSMJOHNSN-EQ,106.04,106.04,0.0,0.0,106.04,229.0,0.0,229.0,1.0,685755.0,106.66,112.3229076301787,122.61780283074064,45.47945205479454,,,,,,NONE,,SELL,70.0,False,True,"['Price is below SMMA20', 'SMMA20 is below SMMA120', 'RSI shows weak momentum']",2026-08-12 17:57:43
DCXINDIA,DCXINDIA-EQ,177.01,177.01,0.0,0.0,177.01,3438.0,0.0,3438.0,10.0,372578.0,177.34,186.3502183888054,184.78216806151704,45.135510771368985,,,,,,NONE,,HOLD,10.0,False,True,"['Price is below SMMA20', 'SMMA20 is above SMMA120', 'RSI shows weak momentum']",2026-08-12 17:57:45
REDINGTON,REDINGTON-EQ,339.4,339.4,339.4,2332.0,0.0,0.0,2332.0,0.0,8.0,3024132.0,345.92,296.9441651068271,258.8007576434236,82.05553253211767,,,,,,BUY,276.18,HOLD,50.0,False,True,"['Price is above SMMA20', 'SMMA20 is above SMMA120', 'RSI is overbought']",2026-08-12 17:57:49
EMBDL,EMBDL-EQ,61.96,61.96,61.96,388.0,0.0,0.0,388.0,0.0,100.0,3861184.0,62.66,62.257431085552035,61.055073204549494,52.36396074933096,,,,,,BUY,61.67,HOLD,10.0,False,True,"['Price is below SMMA20', 'SMMA20 is above SMMA120', 'RSI shows mild bullish momentum']",2026-08-12 17:57:51
SIMPLEXINF,SIMPLEXINF-EQ,252.31,252.31,0.0,0.0,252.31,13.0,0.0,13.0,55.0,173405.0,254.42,247.0638249442964,231.06022198631914,63.40720690238538,,,,,,NONE,,BUY,85.0,False,True,"['Price is above SMMA20', 'SMMA20 is above SMMA120', 'RSI shows healthy bullish momentum']",2026-08-12 17:57:53
SDBL,SDBL-EQ,71.5,71.5,71.5,1000.0,0.0,0.0,1000.0,0.0,50.0,1604785.0,70.72,72.67611666319833,82.86663832040838,43.86422976501308,,,,,,NONE,,SELL,70.0,False,True,"['Price is below SMMA20', 'SMMA20 is below SMMA120', 'RSI shows weak momentum']",2026-08-12 17:57:56
MUTHOOTCAP,MUTHOOTCAP-EQ,259.83,259.83,0.0,0.0,259.83,11.0,0.0,11.0,16.0,11817.0,260.23,228.37873706137847,224.78502721782402,83.63323423564393,,,,,,BUY,256.12,HOLD,50.0,False,True,"['Price is above SMMA20', 'SMMA20 is above SMMA120', 'RSI is overbought']",2026-08-12 17:57:58
ATLASCYCLE,ATLASCYCLE-EQ,96.98,96.98,96.98,3.0,0.0,0.0,3.0,0.0,4.0,16769.0,98.22,98.0152578421667,96.24349616083485,45.48837209302326,,,,,,NONE,,HOLD,10.0,False,True,"['Price is below SMMA20', 'SMMA20 is above SMMA120', 'RSI shows weak momentum']",2026-08-12 17:58:04
GOLDBETA,GOLDBETA-EQ,128.75,128.75,0.0,0.0,0.0,0.0,0.0,0.0,2.0,678882.0,128.45,122.4726041905052,124.19104606978112,78.4946236559139,,,,,,SELL,117.6,HOLD,10.0,False,True,"['Price is above SMMA20', 'SMMA20 is below SMMA120', 'RSI is overbought']",2026-08-12 17:58:06
KHAITANLTD,KHAITANLTD-EQ,140.99,140.99,0.0,0.0,0.0,0.0,0.0,0.0,2.0,14228.0,141.96,136.6248497410317,116.5536100191116,58.00554016620499,,,,,,NONE,,BUY,85.0,False,True,"['Price is above SMMA20', 'SMMA20 is above SMMA120', 'RSI shows healthy bullish momentum']",2026-08-12 17:58:09
LTFOODS,LTFOODS-EQ,426.7,426.7,426.7,39.0,0.0,0.0,39.0,0.0,2.0,502746.0,426.89,397.2566815385311,393.50826789879335,82.21820373719108,,,,,,BUY,427.55,HOLD,50.0,False,True,"['Price is above SMMA20', 'SMMA20 is above SMMA120', 'RSI is overbought']",2026-08-12 17:58:11
21STCENMGM,21STCENMGM-EQ,42.36,42.36,0.0,0.0,0.0,0.0,0.0,0.0,40.0,34769.0,42.19,37.2547299553059,36.97117222562779,83.89731621936994,,,,,,BUY,42.31,HOLD,50.0,False,True,"['Price is above SMMA20', 'SMMA20 is above SMMA120', 'RSI is overbought']",2026-08-12 17:58:13
ANGELONE,ANGELONE-EQ,291.0,291.0,0.0,0.0,291.0,4736.0,0.0,4736.0,5.0,4505655.0,287.3,313.37544200746675,287.0608611036348,31.650893796004226,,,,,,NONE,,HOLD,10.0,False,True,"['Price is below SMMA20', 'SMMA20 is above SMMA120', 'RSI shows weak momentum']",2026-08-12 17:58:16
NITIRAJ,NITIRAJ-EQ,208.5,208.5,0.0,0.0,208.5,131.0,0.0,131.0,14.0,1922.0,207.95,205.62147529727918,198.44420762081825,18.086883876357604,,,,,,BUY,219.81,HOLD,35.0,False,True,"['Price is above SMMA20', 'SMMA20 is above SMMA120', 'RSI is strongly oversold']",2026-08-12 17:58:18
INDSWFTLAB,INDSWFTLAB-EQ,300.0,300.0,300.0,14798.0,0.0,0.0,14798.0,0.0,30.0,8635452.0,304.88,221.9879291759301,155.54757541195033,80.31457360530842,,,,,,NONE,,HOLD,50.0,False,True,"['Price is above SMMA20', 'SMMA20 is above SMMA120', 'RSI is overbought']",2026-08-12 17:58:21
CSLFINANCE,CSLFINANCE-EQ,224.18,224.18,0.0,0.0,0.0,0.0,0.0,0.0,1.0,24973.0,223.2,220.45439805517225,246.25039706171125,64.02469135802468,,,,,,NONE,,HOLD,25.0,False,True,"['Price is above SMMA20', 'SMMA20 is below SMMA120', 'RSI shows healthy bullish momentum']",2026-08-12 17:58:24
NAVKARCORP,NAVKARCORP-EQ,100.05,100.05,0.0,0.0,100.05,100.0,0.0,100.0,408.0,230854.0,99.71,103.07364454351891,98.71657986325704,47.88448623237074,,,,,,NONE,,HOLD,10.0,False,True,"['Price is below SMMA20', 'SMMA20 is above SMMA120', 'RSI shows weak momentum']",2026-08-12 17:58:27
JASH,JASH-EQ,495.65,495.65,0.0,0.0,495.65,425.0,0.0,425.0,15.0,347068.0,488.72,496.93985808249573,434.5140842134024,42.09968186638387,,,,,,NONE,,HOLD,10.0,False,True,"['Price is below SMMA20', 'SMMA20 is above SMMA120', 'RSI shows weak momentum']",2026-08-12 17:58:30
SOMATEX,SOMATEX-EQ,92.29,92.29,0.0,0.0,0.0,0.0,0.0,0.0,20.0,2567.0,93.1,98.9728848785048,106.5041372058875,26.30121816168328,,,,,,NONE,,SELL,85.0,False,True,"['Price is below SMMA20', 'SMMA20 is below SMMA120', 'RSI is strongly oversold']",2026-08-12 17:58:33
PREMIERPOL,PREMIERPOL-EQ,73.21,73.21,73.21,565.0,0.0,0.0,565.0,0.0,40.0,348294.0,71.23,69.00373109278864,57.120991917283156,38.72305140961853,,,,,,NONE,,HOLD,50.0,False,True,"['Price is above SMMA20', 'SMMA20 is above SMMA120', 'RSI shows weak momentum']",2026-08-12 17:58:35
NAHARPOLY,NAHARPOLY-EQ,249.95,249.95,249.95,338.0,0.0,0.0,338.0,0.0,16.0,21903.0,249.09,257.8548014528978,247.17328821008047,40.859140859140865,,,,,,NONE,,HOLD,10.0,False,True,"['Price is below SMMA20', 'SMMA20 is above SMMA120', 'RSI shows weak momentum']",2026-08-12 17:58:37
MARINE,MARINE-EQ,347.0,347.0,0.0,0.0,347.0,1803.0,0.0,1803.0,2.0,870386.0,345.68,280.54203022438116,225.66023171635806,86.38532110091745,,,,,,NONE,,HOLD,50.0,False,True,"['Price is above SMMA20', 'SMMA20 is above SMMA120', 'RSI is overbought']",2026-08-12 17:58:40
AVTNPL,AVTNPL-EQ,70.26,70.26,0.0,0.0,0.0,0.0,0.0,0.0,157.0,25561.0,70.5,70.358702610623,67.05464973611163,49.84375000000003,,,,,,NONE,,HOLD,10.0,False,True,"['Price is below SMMA20', 'SMMA20 is above SMMA120', 'RSI shows weak momentum']",2026-08-12 17:58:42
IGL,IGL-EQ,154.54,154.54,0.0,0.0,154.54,58.0,0.0,58.0,5.0,989560.0,154.34,155.21683242980944,165.57298011384282,63.348676639815885,,,,,,NONE,,HOLD,35.0,False,True,"['Price is below SMMA20', 'SMMA20 is below SMMA120', 'RSI shows healthy bullish momentum']",2026-08-12 17:58:45
NDTV,NDTV-EQ,76.11,76.11,0.0,0.0,0.0,0.0,0.0,0.0,184.0,101594.0,75.94,78.45325315996088,81.0832591145018,55.40372670807448,,,,,,NONE,,HOLD,35.0,False,True,"['Price is below SMMA20', 'SMMA20 is below SMMA120', 'RSI shows healthy bullish momentum']",2026-08-12 17:58:48
MARKSANS,MARKSANS-EQ,312.6,312.6,0.0,0.0,312.6,130979.0,0.0,130979.0,8.0,47809908.0,310.93,261.7459689358097,210.21033171818758,86.74033149171271,,,,,,NONE,,HOLD,50.0,False,True,"['Price is above SMMA20', 'SMMA20 is above SMMA120', 'RSI is overbought']",2026-08-12 17:58:53
GOLD1,GOLD1-EQ,127.73,127.73,0.0,0.0,127.73,7.0,0.0,7.0,1.0,1649436.0,127.39,121.44079662955228,123.02288701882028,76.48261758691207,,,,,,SELL,116.58,HOLD,10.0,False,True,"['Price is above SMMA20', 'SMMA20 is below SMMA120', 'RSI is overbought']",2026-08-12 17:58:56
OMAXE,OMAXE-EQ,81.98,81.98,0.0,0.0,81.98,200.0,0.0,200.0,55.0,331510.0,81.88,85.30392904798956,79.00306704617509,37.33267228557263,,,,,,NONE,,HOLD,10.0,False,True,"['Price is below SMMA20', 'SMMA20 is above SMMA120', 'RSI shows weak momentum']",2026-08-12 17:58:58
INFOBEAN,INFOBEAN-EQ,162.88,162.88,0.0,0.0,162.88,380.0,0.0,380.0,200.0,190816.0,164.33,165.0100517916037,175.87903026245434,57.77777777777776,,,,,,NONE,,HOLD,35.0,False,True,"['Price is below SMMA20', 'SMMA20 is below SMMA120', 'RSI shows healthy bullish momentum']",2026-08-12 17:59:00
UJJIVANSFB,UJJIVANSFB-EQ,72.38,72.38,0.0,0.0,72.38,17295.0,0.0,17295.0,1000.0,18062565.0,71.93,65.94597540801222,59.37851534248911,61.6279069767442,,,,,,BUY,59.63,BUY,85.0,False,True,"['Price is above SMMA20', 'SMMA20 is above SMMA120', 'RSI shows healthy bullish momentum']",2026-08-12 17:59:03
MOQUALITY,MOQUALITY-EQ,205.99,205.99,0.0,0.0,0.0,0.0,0.0,0.0,6.0,9389.0,205.39,202.66147898640727,198.10680130743415,64.90528414755732,,,,,,NONE,,BUY,85.0,False,True,"['Price is above SMMA20', 'SMMA20 is above SMMA120', 'RSI shows healthy bullish momentum']",2026-08-12 17:59:10
TIMETECHNO,TIMETECHNO-EQ,208.56,208.56,0.0,0.0,208.56,842.0,0.0,842.0,100.0,3032023.0,208.75,197.20626891014865,184.65643705751393,62.16139150270886,,,,,,BUY,204.03,BUY,85.0,False,True,"['Price is above SMMA20', 'SMMA20 is above SMMA120', 'RSI shows healthy bullish momentum']",2026-08-12 17:59:12
KRITINUT,KRITINUT-EQ,85.07,85.07,0.0,0.0,0.0,0.0,0.0,0.0,72.0,24385.0,85.03,81.53968841565556,77.3353770257945,61.19723348437872,,,,,,NONE,,BUY,85.0,False,True,"['Price is above SMMA20', 'SMMA20 is above SMMA120', 'RSI shows healthy bullish momentum']",2026-08-12 17:59:15
MOGSEC,MOGSEC-EQ,65.4,65.4,0.0,0.0,0.0,0.0,0.0,0.0,2.0,2735.0,65.5,65.11487598567133,63.915703598674085,53.95256916996038,,,,,,NONE,,BUY,70.0,False,True,"['Price is above SMMA20', 'SMMA20 is above SMMA120', 'RSI shows mild bullish momentum']",2026-08-12 17:59:17
BANKIETF,BANKIETF-EQ,59.43,59.43,0.0,0.0,0.0,0.0,0.0,0.0,3.0,306013.0,59.24,58.754165832017826,58.660576333669276,68.8821752265861,,,,,,BUY,59.44,BUY,85.0,False,True,"['Price is above SMMA20', 'SMMA20 is above SMMA120', 'RSI shows healthy bullish momentum']",2026-08-12 17:59:19
PNB,PNB-EQ,118.98,118.98,0.0,0.0,118.98,26441.0,0.0,26441.0,50.0,51235935.0,118.0,110.4665269612314,113.85540571124037,81.86082877247844,,,,,,NONE,,HOLD,10.0,False,True,"['Price is above SMMA20', 'SMMA20 is below SMMA120', 'RSI is overbought']",2026-08-12 17:59:22
SUPREMEINF,SUPREMEINF-EQ,83.89,83.89,0.0,0.0,83.89,54.0,0.0,54.0,400.0,36807.0,84.75,83.45079344324489,80.68472776332038,48.039757040309226,,,,,,BUY,89.78,HOLD,50.0,False,True,"['Price is above SMMA20', 'SMMA20 is above SMMA120', 'RSI shows weak momentum']",2026-08-12 17:59:24
HDFCSILVER,HDFCSILVER-EQ,225.88,225.88,225.88,29.0,0.0,0.0,29.0,0.0,35.0,3709394.0,224.64,216.8670823777496,230.77209240428613,75.23712737127371,,,,,,SELL,214.81,HOLD,10.0,False,True,"['Price is above SMMA20', 'SMMA20 is below SMMA120', 'RSI is overbought']",2026-08-12 17:59:27
GUFICBIO,GUFICBIO-EQ,424.9,424.9,424.9,185.0,0.0,0.0,185.0,0.0,96.0,112334.0,429.96,387.45996016262313,333.7301334183326,80.8981657179001,,,,,,NONE,,HOLD,50.0,False,True,"['Price is above SMMA20', 'SMMA20 is above SMMA120', 'RSI is overbought']",2026-08-12 17:59:29
CONSUMIETF,CONSUMIETF-EQ,124.84,124.84,0.0,0.0,0.0,0.0,0.0,0.0,1.0,44894.0,124.94,122.53699364415104,119.86028101825795,68.98395721925141,,,,,,BUY,120.6,BUY,85.0,False,True,"['Price is above SMMA20', 'SMMA20 is above SMMA120', 'RSI shows healthy bullish momentum']",2026-08-12 17:59:31
INDIACEM,INDIACEM-EQ,385.5,385.5,0.0,0.0,385.5,229.0,0.0,229.0,33.0,124919.0,387.05,391.42314630686946,405.55260479389943,28.706896551724128,,,,,,NONE,,SELL,85.0,False,True,"['Price is below SMMA20', 'SMMA20 is below SMMA120', 'RSI is strongly oversold']",2026-08-12 17:59:34
DEVYANI,DEVYANI-EQ,140.21,140.21,0.0,0.0,140.21,20494.0,0.0,20494.0,6.0,5819096.0,139.66,119.24771850752117,119.57879466517622,78.26005961251866,,,,,,NONE,,HOLD,10.0,False,True,"['Price is above SMMA20', 'SMMA20 is below SMMA120', 'RSI is overbought']",2026-08-12 17:59:36
BIOCON,BIOCON-EQ,427.4,427.4,427.4,263.0,0.0,0.0,263.0,0.0,16.0,3793310.0,427.78,424.25872438155386,396.1867109939705,41.92546583850931,,,,,,NONE,,HOLD,50.0,False,True,"['Price is above SMMA20', 'SMMA20 is above SMMA120', 'RSI shows weak momentum']",2026-08-12 17:59:39
INFRAIETF,INFRAIETF-EQ,96.26,96.26,0.0,0.0,0.0,0.0,0.0,0.0,100.0,86485.0,96.07,96.49738913079648,95.87844114773345,56.05381165919287,,,,,,BUY,97.99,HOLD,25.0,False,True,"['Price is below SMMA20', 'SMMA20 is above SMMA120', 'RSI shows healthy bullish momentum']",2026-08-12 17:59:41
OMAXAUTO,OMAXAUTO-EQ,207.28,207.28,0.0,0.0,207.28,168.0,0.0,168.0,69.0,288669.0,205.69,210.17270140992096,157.6560307319261,42.411236831837684,,,,,,NONE,,HOLD,10.0,False,True,"['Price is below SMMA20', 'SMMA20 is above SMMA120', 'RSI shows weak momentum']",2026-08-12 17:59:43
SILVERADD,SILVERADD-EQ,227.85,227.85,0.0,0.0,227.85,200.0,0.0,200.0,50.0,269027.0,227.01,218.47316927927463,232.1328850445164,75.01593371574249,,,,,,SELL,216.61,HOLD,10.0,False,True,"['Price is above SMMA20', 'SMMA20 is below SMMA120', 'RSI is overbought']",2026-08-12 17:59:46
MAHABANK,MAHABANK-EQ,81.87,81.87,81.87,311.0,0.0,0.0,311.0,0.0,25.0,26570514.0,81.26,81.07929284581967,73.47433898896593,63.72469635627533,,,,,,NONE,,BUY,85.0,False,True,"['Price is above SMMA20', 'SMMA20 is above SMMA120', 'RSI shows healthy bullish momentum']",2026-08-12 17:59:48
EMIL,EMIL-EQ,193.61,193.61,0.0,0.0,193.61,11573.0,0.0,11573.0,2.0,31604982.0,190.33,138.37001676452797,112.5003985548767,91.68251553188793,,,,,,NONE,,HOLD,50.0,False,True,"['Price is above SMMA20', 'SMMA20 is above SMMA120', 'RSI is overbought']",2026-08-12 17:59:51
MMP,MMP-EQ,345.2,345.2,0.0,0.0,345.2,70.0,0.0,70.0,20.0,48700.0,343.68,294.9366595965903,262.2519329607279,80.52738336713992,,,,,,NONE,,HOLD,50.0,False,True,"['Price is above SMMA20', 'SMMA20 is above SMMA120', 'RSI is overbought']",2026-08-12 17:59:53
SBC,SBC-EQ,40.19,40.19,40.19,525.0,0.0,0.0,525.0,0.0,5.0,43595847.0,38.12,40.94783115714248,34.68313680030759,17.114093959731505,,,,,,NONE,,HOLD,25.0,False,True,"['Price is below SMMA20', 'SMMA20 is above SMMA120', 'RSI is strongly oversold']",2026-08-12 17:59:55
SHARIABEES,SHARIABEES-EQ,471.76,471.76,471.76,1.0,0.0,0.0,1.0,0.0,2.0,10763.0,472.07,464.1857083347728,476.49351932754416,69.63388370423553,,,,,,NONE,,HOLD,25.0,False,True,"['Price is above SMMA20', 'SMMA20 is below SMMA120', 'RSI shows healthy bullish momentum']",2026-08-12 17:59:58
RSSOFTWARE,RSSOFTWARE-EQ,33.13,33.13,33.13,7500.0,0.0,0.0,7500.0,0.0,250.0,4185.0,33.13,32.37777900437731,36.66871832508074,57.6555023923445,,,,,,NONE,,HOLD,25.0,False,True,"['Price is above SMMA20', 'SMMA20 is below SMMA120', 'RSI shows healthy bullish momentum']",2026-08-12 18:00:00
ARTEMISMED,ARTEMISMED-EQ,316.3,316.3,316.3,3056.0,0.0,0.0,3056.0,0.0,15.0,724360.0,308.06,286.5578124942845,258.5743995809232,77.05416920267805,,,,,,NONE,,HOLD,50.0,False,True,"['Price is above SMMA20', 'SMMA20 is above SMMA120', 'RSI is overbought']",2026-08-12 18:00:03
PRIMESECU,PRIMESECU-EQ,291.25,291.25,0.0,0.0,291.25,2401.0,0.0,2401.0,55.0,109629.0,295.87,283.9214632223918,281.3965210875353,56.120092378752915,,,,,,BUY,291.35,BUY,85.0,False,True,"['Price is above SMMA20', 'SMMA20 is above SMMA120', 'RSI shows healthy bullish momentum']",2026-08-12 18:00:05
CROMPTON,CROMPTON-EQ,247.85,247.85,247.85,679.0,0.0,0.0,679.0,0.0,1.0,1952319.0,244.71,260.63202978669347,258.50384811776433,46.48295866569979,,,,,,NONE,,HOLD,10.0,False,True,"['Price is below SMMA20', 'SMMA20 is above SMMA120', 'RSI shows weak momentum']",2026-08-12 18:00:08
LOTUSEYE,LOTUSEYE-EQ,117.62,117.62,0.0,0.0,0.0,0.0,0.0,0.0,3.0,8967.0,119.34,119.48266464527205,117.27934328974152,47.77256740914418,,,,,,BUY,139.98,HOLD,10.0,False,True,"['Price is below SMMA20', 'SMMA20 is above SMMA120', 'RSI shows weak momentum']",2026-08-12 18:00:14
ZODIAC,ZODIAC-EQ,245.15,245.15,0.0,0.0,0.0,0.0,0.0,0.0,2.0,7638.0,247.47,261.2236302425282,274.4657724780143,39.11159263271941,,,,,,SELL,264.95,SELL,70.0,False,True,"['Price is below SMMA20', 'SMMA20 is below SMMA120', 'RSI shows weak momentum']",2026-08-12 18:00:16
KNRCON,KNRCON-EQ,133.57,133.57,133.57,890.0,0.0,0.0,890.0,0.0,10.0,1269079.0,133.47,129.22885651283178,133.39223031733871,67.90278125783013,,,,,,NONE,,HOLD,25.0,False,True,"['Price is above SMMA20', 'SMMA20 is below SMMA120', 'RSI shows healthy bullish momentum']",2026-08-12 18:00:19
MSPL,MSPL-EQ,34.87,34.87,0.0,0.0,34.87,199.0,0.0,199.0,1.0,409960.0,34.93,37.44254257358385,35.885199257865025,50.465838509316754,,,,,,NONE,,HOLD,10.0,False,True,"['Price is below SMMA20', 'SMMA20 is above SMMA120', 'RSI shows mild bullish momentum']",2026-08-12 18:00:22
RUSTOMJEE,RUSTOMJEE-EQ,374.3,374.3,0.0,0.0,374.3,241.0,0.0,241.0,2.0,51374.0,372.15,399.5708357978564,431.4033094021655,34.16328894035904,,,,,,NONE,,SELL,70.0,False,True,"['Price is below SMMA20', 'SMMA20 is below SMMA120', 'RSI shows weak momentum']",2026-08-12 18:00:26
ITI,ITI-EQ,283.5,283.5,0.0,0.0,283.5,4006.0,0.0,4006.0,10.0,234439.0,284.84,286.20142838314666,288.8021770935178,56.61764705882347,,,,,,SELL,273.4,HOLD,35.0,False,True,"['Price is below SMMA20', 'SMMA20 is below SMMA120', 'RSI shows healthy bullish momentum']",2026-08-12 18:00:28
ANDHRSUGAR,ANDHRSUGAR-EQ,98.1,98.1,98.1,1556.0,0.0,0.0,1556.0,0.0,1.0,679444.0,98.4,86.88120142690555,80.68801830343764,72.37120677487646,,,,,,NONE,,HOLD,50.0,False,True,"['Price is above SMMA20', 'SMMA20 is above SMMA120', 'RSI is overbought']",2026-08-12 18:00:31
NIITMTS,NIITMTS-EQ,243.73,243.73,0.0,0.0,243.73,183.0,0.0,183.0,5.0,80183.0,242.5,241.42261631035072,303.2642102340425,59.949475320637376,,,,,,NONE,,HOLD,25.0,False,True,"['Price is above SMMA20', 'SMMA20 is below SMMA120', 'RSI shows healthy bullish momentum']",2026-08-12 18:00:34
SILVERAG,SILVERAG-EQ,229.95,229.95,0.0,0.0,229.95,3330.0,0.0,3330.0,50.0,323452.0,228.9,220.72339194289088,234.67057669555894,76.60324171952081,,,,,,SELL,219.2,HOLD,10.0,False,True,"['Price is above SMMA20', 'SMMA20 is below SMMA120', 'RSI is overbought']",2026-08-12 18:00:37
SBIETFQLTY,SBIETFQLTY-EQ,227.59,227.59,0.0,0.0,0.0,0.0,0.0,0.0,1.0,1479.0,227.34,222.18398639591106,220.79722017630493,63.66501575866723,,,,,,BUY,228.14,BUY,85.0,False,True,"['Price is above SMMA20', 'SMMA20 is above SMMA120', 'RSI shows healthy bullish momentum']",2026-08-12 18:00:39
STEELCAS,STEELCAS-EQ,329.75,329.75,329.75,6.0,0.0,0.0,6.0,0.0,18.0,114037.0,329.54,312.09559966770297,262.7757913314868,62.14628937533368,,,,,,NONE,,BUY,85.0,False,True,"['Price is above SMMA20', 'SMMA20 is above SMMA120', 'RSI shows healthy bullish momentum']",2026-08-12 18:00:42
AAATECH,AAATECH-EQ,94.54,94.54,0.0,0.0,0.0,0.0,0.0,0.0,1.0,11862.0,96.92,93.44189038444576,97.23394363675968,56.71530115974561,,,,,,NONE,,HOLD,25.0,False,True,"['Price is above SMMA20', 'SMMA20 is below SMMA120', 'RSI shows healthy bullish momentum']",2026-08-12 18:00:44
AMRUTANJAN,AMRUTANJAN-EQ,488.35,488.35,0.0,0.0,488.35,764.0,0.0,764.0,10.0,527871.0,502.25,529.5243375323778,570.8536605321113,34.95934959349596,,,,,,NONE,,SELL,70.0,False,True,"['Price is below SMMA20', 'SMMA20 is below SMMA120', 'RSI shows weak momentum']",2026-08-12 18:00:46
SUZLON,SUZLON-EQ,47.35,47.35,0.0,0.0,47.35,70687.0,0.0,70687.0,11.0,41760811.0,47.13,51.20232976455647,50.23526795239129,19.90950226244344,,,,,,NONE,,HOLD,25.0,False,True,"['Price is below SMMA20', 'SMMA20 is above SMMA120', 'RSI is strongly oversold']",2026-08-12 18:00:49
INDBANK,INDBANK-EQ,33.22,33.22,0.0,0.0,33.22,6.0,0.0,6.0,48.0,45795.0,33.26,33.05401185526639,34.02223281449583,56.969696969697004,,,,,,NONE,,HOLD,25.0,False,True,"['Price is above SMMA20', 'SMMA20 is below SMMA120', 'RSI shows healthy bullish momentum']",2026-08-12 18:00:51
IIFLCAPS,IIFLCAPS-EQ,335.0,335.0,0.0,0.0,0.0,0.0,0.0,0.0,41.0,207047.0,334.62,336.9638697885368,327.7797191699212,45.151515151515085,,,,,,NONE,,HOLD,10.0,False,True,"['Price is below SMMA20', 'SMMA20 is above SMMA120', 'RSI shows weak momentum']",2026-08-12 18:00:54
ASPINWALL,ASPINWALL-EQ,237.0,237.0,0.0,0.0,0.0,0.0,0.0,0.0,100.0,1231.0,236.79,243.8170511585635,231.69246417192616,41.61672473867596,,,,,,NONE,,HOLD,10.0,False,True,"['Price is below SMMA20', 'SMMA20 is above SMMA120', 'RSI shows weak momentum']",2026-08-12 18:00:56
HINDCOMPOS,HINDCOMPOS-EQ,420.7,420.7,0.0,0.0,0.0,0.0,0.0,0.0,1.0,3970.0,419.86,427.93108347020035,423.92116222633297,27.354627354627382,,,,,,BUY,465.25,HOLD,25.0,False,True,"['Price is below SMMA20', 'SMMA20 is above SMMA120', 'RSI is strongly oversold']",2026-08-12 18:00:58
SHAHALLOYS,SHAHALLOYS-EQ,71.46,71.46,0.0,0.0,0.0,0.0,0.0,0.0,2.0,6717.0,71.02,69.26762673425303,67.44989433536009,69.40850277264322,,,,,,NONE,,BUY,85.0,False,True,"['Price is above SMMA20', 'SMMA20 is above SMMA120', 'RSI shows healthy bullish momentum']",2026-08-12 18:01:02
JAYSREETEA,JAYSREETEA-EQ,90.66,90.66,90.66,750.0,0.0,0.0,750.0,0.0,324.0,110538.0,90.34,85.19728405101387,84.99900886515717,73.66972477064218,,,,,,BUY,91.0,HOLD,50.0,False,True,"['Price is above SMMA20', 'SMMA20 is above SMMA120', 'RSI is overbought']",2026-08-12 18:01:06
SARDAEN,SARDAEN-EQ,489.45,489.45,489.45,628.0,0.0,0.0,628.0,0.0,10.0,170619.0,492.97,508.88545166953907,521.271072262307,41.931302657161375,,,,,,SELL,495.15,SELL,70.0,False,True,"['Price is below SMMA20', 'SMMA20 is below SMMA120', 'RSI shows weak momentum']",2026-08-12 18:01:08
NCLIND,NCLIND-EQ,173.23,173.23,0.0,0.0,0.0,0.0,0.0,0.0,80.0,23006.0,173.88,181.90891448323913,184.26675566460975,27.41873804971327,,,,,,SELL,182.45,SELL,85.0,False,True,"['Price is below SMMA20', 'SMMA20 is below SMMA120', 'RSI is strongly oversold']",2026-08-12 18:01:11
MOLOWVOL,MOLOWVOL-EQ,37.33,37.33,0.0,0.0,0.0,0.0,0.0,0.0,10.0,144718.0,37.15,37.15345218054562,37.24562591614783,55.71725571725577,,,,,,NONE,,HOLD,25.0,False,True,"['Price is above SMMA20', 'SMMA20 is below SMMA120', 'RSI shows healthy bullish momentum']",2026-08-12 18:01:13
DCBBANK,DCBBANK-EQ,188.24,188.24,0.0,0.0,188.24,11.0,0.0,11.0,37.0,984286.0,189.27,187.7891640993633,183.03828451282914,48.4798685291701,,,,,,BUY,185.56,HOLD,50.0,False,True,"['Price is above SMMA20', 'SMMA20 is above SMMA120', 'RSI shows weak momentum']",2026-08-12 18:01:15
SAMHI,SAMHI-EQ,164.51,164.51,0.0,0.0,164.51,398.0,0.0,398.0,102.0,655222.0,164.89,171.6848571055581,167.09472274948584,45.10770354143847,,,,,,BUY,179.85,HOLD,10.0,False,True,"['Price is below SMMA20', 'SMMA20 is above SMMA120', 'RSI shows weak momentum']",2026-08-12 18:01:18
SOFTTECH,SOFTTECH-EQ,411.35,411.35,411.35,1.0,0.0,0.0,1.0,0.0,299.0,2432.0,413.69,418.6599416068246,355.04992275181206,46.54141759180187,,,,,,NONE,,HOLD,10.0,False,True,"['Price is below SMMA20', 'SMMA20 is above SMMA120', 'RSI shows weak momentum']",2026-08-12 18:01:20
DLINKINDIA,DLINKINDIA-EQ,425.95,425.95,0.0,0.0,425.95,784.0,0.0,784.0,10.0,90711.0,426.91,463.38809328493574,441.95034620553884,38.741470811220594,,,,,,NONE,,HOLD,10.0,False,True,"['Price is below SMMA20', 'SMMA20 is above SMMA120', 'RSI shows weak momentum']",2026-08-12 18:01:23
MANINFRA,MANINFRA-EQ,108.55,108.55,0.0,0.0,108.55,9736.0,0.0,9736.0,3.0,5029976.0,112.75,105.70024745473805,109.77217816047916,65.9057652911911,,,,,,SELL,104.69,HOLD,25.0,False,True,"['Price is above SMMA20', 'SMMA20 is below SMMA120', 'RSI shows healthy bullish momentum']",2026-08-12 18:01:25
AARVI,AARVI-EQ,153.31,153.31,0.0,0.0,153.31,500.0,0.0,500.0,500.0,44294.0,153.78,149.84632216339932,134.54174653394205,43.6251920122888,,,,,,NONE,,HOLD,50.0,False,True,"['Price is above SMMA20', 'SMMA20 is above SMMA120', 'RSI shows weak momentum']",2026-08-12 18:01:27
AHLEAST,AHLEAST-EQ,141.5,141.5,0.0,0.0,0.0,0.0,0.0,0.0,1.0,1977.0,142.27,146.22646941205386,149.1774947129638,30.226570545828977,,,,,,SELL,142.62,SELL,70.0,False,True,"['Price is below SMMA20', 'SMMA20 is below SMMA120', 'RSI shows weak momentum']",2026-08-12 18:01:30
ADVENZYMES,ADVENZYMES-EQ,301.65,301.65,301.65,5.0,0.0,0.0,5.0,0.0,26.0,400660.0,300.43,324.5696874330232,316.80371872772594,42.8652321630804,,,,,,NONE,,HOLD,10.0,False,True,"['Price is below SMMA20', 'SMMA20 is above SMMA120', 'RSI shows weak momentum']",2026-08-12 18:01:32
DABUR,DABUR-EQ,411.25,411.25,0.0,0.0,411.25,5213.0,0.0,5213.0,59.0,1677000.0,407.56,425.8968813787051,460.7030462909927,38.75739644970417,,,,,,NONE,,SELL,70.0,False,True,"['Price is below SMMA20', 'SMMA20 is below SMMA120', 'RSI shows weak momentum']",2026-08-12 18:01:35
KHAICHEM,KHAICHEM-EQ,51.86,51.86,0.0,0.0,0.0,0.0,0.0,0.0,204.0,89797.0,52.04,51.44739749041071,58.56708761375511,61.60179640718563,,,,,,NONE,,HOLD,25.0,False,True,"['Price is above SMMA20', 'SMMA20 is below SMMA120', 'RSI shows healthy bullish momentum']",2026-08-12 18:01:37
MAKEINDIA,MAKEINDIA-EQ,169.02,169.02,0.0,0.0,0.0,0.0,0.0,0.0,20.0,32509.0,168.92,164.15562907122333,157.95317978001648,80.1029159519726,,,,,,NONE,,HOLD,50.0,False,True,"['Price is above SMMA20', 'SMMA20 is above SMMA120', 'RSI is overbought']",2026-08-12 18:01:40
TRF,TRF-EQ,230.15,230.15,230.15,278.0,0.0,0.0,278.0,0.0,2.0,21695.0,231.33,235.39041510734484,254.56200189544728,49.029850746268636,,,,,,NONE,,SELL,70.0,False,True,"['Price is below SMMA20', 'SMMA20 is below SMMA120', 'RSI shows weak momentum']",2026-08-12 18:01:42
GOLDETF,GOLDETF-EQ,148.52,148.52,148.52,60.0,0.0,0.0,60.0,0.0,5.0,1579799.0,148.31,141.4326890527837,143.3885490808046,78.7289234760051,,,,,,SELL,135.73,HOLD,10.0,False,True,"['Price is above SMMA20', 'SMMA20 is below SMMA120', 'RSI is overbought']",2026-08-12 18:01:44
SPENCERS,SPENCERS-EQ,31.78,31.78,31.78,207.0,0.0,0.0,207.0,0.0,24.0,98221.0,31.73,34.033152305715824,35.28065389741232,34.45595854922276,,,,,,SELL,34.35,SELL,70.0,False,True,"['Price is below SMMA20', 'SMMA20 is below SMMA120', 'RSI shows weak momentum']",2026-08-12 18:01:47
HINDOILEXP,HINDOILEXP-EQ,162.36,162.36,0.0,0.0,0.0,0.0,0.0,0.0,190.0,396114.0,163.25,160.3080320065239,153.86664540206093,42.177914110429455,,,,,,NONE,,HOLD,50.0,False,True,"['Price is above SMMA20', 'SMMA20 is above SMMA120', 'RSI shows weak momentum']",2026-08-12 18:01:50
DONEAR,DONEAR-EQ,85.0,85.0,0.0,0.0,0.0,0.0,0.0,0.0,100.0,19300.0,84.13,85.93668831429966,89.31730194865658,53.305351521511,,,,,,SELL,90.13,SELL,50.0,False,True,"['Price is below SMMA20', 'SMMA20 is below SMMA120', 'RSI shows mild bullish momentum']",2026-08-12 18:01:54
MANALIPETC,MANALIPETC-EQ,67.39,67.39,0.0,0.0,67.39,2436.0,0.0,2436.0,10.0,1189183.0,67.46,64.24250737548253,58.661302744306425,60.729080364540174,,,,,,NONE,,BUY,85.0,False,True,"['Price is above SMMA20', 'SMMA20 is above SMMA120', 'RSI shows healthy bullish momentum']",2026-08-12 18:01:56
SMSPHARMA,SMSPHARMA-EQ,369.55,369.55,369.55,1945.0,0.0,0.0,1945.0,0.0,10.0,230141.0,372.34,382.6653205836399,370.53133923593356,44.012688342585264,,,,,,NONE,,HOLD,10.0,False,True,"['Price is below SMMA20', 'SMMA20 is above SMMA120', 'RSI shows weak momentum']",2026-08-12 18:01:59
SIS,SIS-EQ,438.8,438.8,0.0,0.0,438.8,73.0,0.0,73.0,1.0,120755.0,439.39,426.95910739577613,365.1791117013799,50.100401606425734,,,,,,NONE,,BUY,70.0,False,True,"['Price is above SMMA20', 'SMMA20 is above SMMA120', 'RSI shows mild bullish momentum']",2026-08-12 18:02:03
NHPC,NHPC-EQ,76.85,76.85,0.0,0.0,76.85,19375.0,0.0,19375.0,74.0,7294107.0,76.35,78.42521096260677,78.0691031910447,31.56342182890853,,,,,,BUY,80.53,HOLD,10.0,False,True,"['Price is below SMMA20', 'SMMA20 is above SMMA120', 'RSI shows weak momentum']",2026-08-12 18:02:05
MEDIASSIST,MEDIASSIST-EQ,352.05,352.05,0.0,0.0,352.05,82.0,0.0,82.0,50.0,124679.0,349.01,357.7286226429028,378.3838397903026,60.425183973834834,,,,,,NONE,,HOLD,35.0,False,True,"['Price is below SMMA20', 'SMMA20 is below SMMA120', 'RSI shows healthy bullish momentum']",2026-08-12 18:02:08
JAMNAAUTO,JAMNAAUTO-EQ,123.76,123.76,123.76,1025.0,0.0,0.0,1025.0,0.0,2.0,2078458.0,125.09,132.56357164780422,127.94793200716278,42.08277103013944,,,,,,BUY,139.46,HOLD,10.0,False,True,"['Price is below SMMA20', 'SMMA20 is above SMMA120', 'RSI shows weak momentum']",2026-08-12 18:02:11
KAKATCEM,KAKATCEM-EQ,107.38,107.38,0.0,0.0,0.0,0.0,0.0,0.0,24.0,3404.0,108.45,118.49611440776839,118.9584666833162,27.81869688385271,,,,,,SELL,106.51,SELL,85.0,False,True,"['Price is below SMMA20', 'SMMA20 is below SMMA120', 'RSI is strongly oversold']",2026-08-12 18:02:13
POWERGRID,POWERGRID-EQ,269.45,269.45,0.0,0.0,269.45,5544.0,0.0,5544.0,10.0,6699919.0,268.08,283.24697425670183,286.8823497849129,21.96765498652296,,,,,,SELL,287.0,SELL,85.0,False,True,"['Price is below SMMA20', 'SMMA20 is below SMMA120', 'RSI is strongly oversold']",2026-08-12 18:02:15
SBFC,SBFC-EQ,94.01,94.01,0.0,0.0,94.01,235.0,0.0,235.0,15.0,4553086.0,94.19,92.45438132358922,94.2651780692373,66.7305848513902,,,,,,NONE,,HOLD,25.0,False,True,"['Price is above SMMA20', 'SMMA20 is below SMMA120', 'RSI shows healthy bullish momentum']",2026-08-12 18:02:19
MIDCAPBETA,MIDCAPBETA-EQ,239.83,239.83,0.0,0.0,0.0,0.0,0.0,0.0,50.0,820.0,237.0,232.58518034467585,223.41894843755324,78.77223178427992,,,,,,NONE,,HOLD,50.0,False,True,"['Price is above SMMA20', 'SMMA20 is above SMMA120', 'RSI is overbought']",2026-08-12 18:02:22
IOC,IOC-EQ,140.6,140.6,140.6,117.0,0.0,0.0,117.0,0.0,25.0,10106894.0,140.54,141.4104085579485,150.88825532665234,51.66830225711484,,,,,,NONE,,SELL,50.0,False,True,"['Price is below SMMA20', 'SMMA20 is below SMMA120', 'RSI shows mild bullish momentum']",2026-08-12 18:02:24
KAMATHOTEL,KAMATHOTEL-EQ,177.76,177.76,0.0,0.0,177.76,291.0,0.0,291.0,5.0,61544.0,177.33,173.97949305938604,187.06820977099417,62.59305210918115,,,,,,NONE,,HOLD,25.0,False,True,"['Price is above SMMA20', 'SMMA20 is below SMMA120', 'RSI shows healthy bullish momentum']",2026-08-12 18:02:49
SILVERBETA,SILVERBETA-EQ,228.02,228.02,0.0,0.0,228.02,133.0,0.0,133.0,10.0,416324.0,226.41,218.90156802328062,232.57715056945844,73.89705882352938,,,,,,SELL,217.08,HOLD,10.0,False,True,"['Price is above SMMA20', 'SMMA20 is below SMMA120', 'RSI is overbought']",2026-08-12 18:02:52
NAHARCAP,NAHARCAP-EQ,256.15,256.15,0.0,0.0,256.15,1.0,0.0,1.0,15.0,2357.0,257.23,254.25936265335335,246.007300803907,54.733218588640284,,,,,,NONE,,BUY,70.0,False,True,"['Price is above SMMA20', 'SMMA20 is above SMMA120', 'RSI shows mild bullish momentum']",2026-08-12 18:02:54
MAWANASUG,MAWANASUG-EQ,111.99,111.99,0.0,0.0,111.99,97.0,0.0,97.0,50.0,265742.0,113.26,110.22743560921624,96.17200016420762,49.10554561717353,,,,,,NONE,,HOLD,50.0,False,True,"['Price is above SMMA20', 'SMMA20 is above SMMA120', 'RSI shows weak momentum']",2026-08-12 18:02:56
AWHCL,AWHCL-EQ,392.15,392.15,0.0,0.0,392.15,954.0,0.0,954.0,3.0,142056.0,393.14,439.66199076167595,473.2715006109535,19.76823449216087,,,,,,NONE,,SELL,85.0,False,True,"['Price is below SMMA20', 'SMMA20 is below SMMA120', 'RSI is strongly oversold']",2026-08-12 18:02:59
LIBERTSHOE,LIBERTSHOE-EQ,240.4,240.4,240.4,78.0,0.0,0.0,78.0,0.0,1.0,22856.0,242.61,258.880911156444,255.9175683414272,36.101694915254264,,,,,,BUY,270.0,HOLD,10.0,False,True,"['Price is below SMMA20', 'SMMA20 is above SMMA120', 'RSI shows weak momentum']",2026-08-12 18:03:01
QUESS,QUESS-EQ,334.2,334.2,334.2,765.0,0.0,0.0,765.0,0.0,8.0,441540.0,330.79,293.24641367587526,229.74726855313722,66.5309814563546,,,,,,NONE,,BUY,85.0,False,True,"['Price is above SMMA20', 'SMMA20 is above SMMA120', 'RSI shows healthy bullish momentum']",2026-08-12 18:03:04
SRGHFL,SRGHFL-EQ,274.05,274.05,274.05,20.0,0.0,0.0,20.0,0.0,1.0,491.0,277.91,294.32924453388824,280.62614923534204,30.431705590941277,,,,,,NONE,,HOLD,10.0,False,True,"['Price is below SMMA20', 'SMMA20 is above SMMA120', 'RSI shows weak momentum']",2026-08-12 18:03:07
SOMICONVEY,SOMICONVEY-EQ,87.59,87.59,0.0,0.0,87.59,52.0,0.0,52.0,9.0,65763.0,88.42,97.34075989800527,105.90170769921073,25.519421860885288,,,,,,NONE,,SELL,85.0,False,True,"['Price is below SMMA20', 'SMMA20 is below SMMA120', 'RSI is strongly oversold']",2026-08-12 18:03:10
MINDTECK,MINDTECK-EQ,180.65,180.65,0.0,0.0,180.65,739.0,0.0,739.0,150.0,157420.0,185.38,198.25796013836379,202.49061124315014,31.007535584705522,,,,,,SELL,193.72,SELL,70.0,False,True,"['Price is below SMMA20', 'SMMA20 is below SMMA120', 'RSI shows weak momentum']",2026-08-12 18:03:12
RPPINFRA,RPPINFRA-EQ,58.78,58.78,58.78,184.0,0.0,0.0,184.0,0.0,495.0,1216276.0,58.52,62.48262008623361,75.29076343025262,36.99222126188417,,,,,,NONE,,SELL,70.0,False,True,"['Price is below SMMA20', 'SMMA20 is below SMMA120', 'RSI shows weak momentum']",2026-08-12 18:03:15
HNGSNGBEES,HNGSNGBEES-EQ,480.32,480.32,480.32,1.0,0.0,0.0,1.0,0.0,100.0,108132.0,481.64,489.0119358804121,509.1910261037891,40.13552254365389,,,,,,SELL,484.07,SELL,70.0,False,True,"['Price is below SMMA20', 'SMMA20 is below SMMA120', 'RSI shows weak momentum']",2026-08-12 18:03:17
ABCAPITAL,ABCAPITAL-EQ,410.95,410.95,0.0,0.0,410.95,3719.0,0.0,3719.0,214.0,2350295.0,405.28,396.96156132794715,360.0936650342901,57.600465928945844,,,,,,NONE,,BUY,85.0,False,True,"['Price is above SMMA20', 'SMMA20 is above SMMA120', 'RSI shows healthy bullish momentum']",2026-08-12 18:03:22
TOUCHWOOD,TOUCHWOOD-EQ,68.09,68.09,68.09,83.0,0.0,0.0,83.0,0.0,6.0,8095.0,69.08,68.30875094893844,78.83103582267672,61.490683229813634,,,,,,NONE,,HOLD,35.0,False,True,"['Price is below SMMA20', 'SMMA20 is below SMMA120', 'RSI shows healthy bullish momentum']",2026-08-12 18:03:35
DVL,DVL-EQ,270.6,270.6,0.0,0.0,270.6,250.0,0.0,250.0,51.0,35608.0,275.38,249.88774930400828,248.24710961070087,67.42822966507177,,,,,,BUY,287.81,BUY,85.0,False,True,"['Price is above SMMA20', 'SMMA20 is above SMMA120', 'RSI shows healthy bullish momentum']",2026-08-12 18:03:37
OIL,OIL-EQ,472.0,472.0,0.0,0.0,472.0,763.0,0.0,763.0,15.0,2772626.0,471.23,447.66594843176864,454.9316984121775,58.36526181353766,,,,,,SELL,422.55,HOLD,25.0,False,True,"['Price is above SMMA20', 'SMMA20 is below SMMA120', 'RSI shows healthy bullish momentum']",2026-08-12 18:03:43
BAJEL,BAJEL-EQ,192.77,192.77,192.77,8263.0,0.0,0.0,8263.0,0.0,45.0,609720.0,193.17,185.54574432991188,174.70153921046997,69.35346055254911,,,,,,NONE,,BUY,85.0,False,True,"['Price is above SMMA20', 'SMMA20 is above SMMA120', 'RSI shows healthy bullish momentum']",2026-08-12 18:03:48
APCL,APCL-EQ,103.68,103.68,0.0,0.0,103.68,94.0,0.0,94.0,1.0,8246.0,105.82,105.66891034190091,117.43626706347642,51.113360323886674,,,,,,NONE,,SELL,50.0,False,True,"['Price is below SMMA20', 'SMMA20 is below SMMA120', 'RSI shows mild bullish momentum']",2026-08-12 18:03:51
HDFCPSUBK,HDFCPSUBK-EQ,88.92,88.92,0.0,0.0,0.0,0.0,0.0,0.0,116.0,319821.0,88.89,85.70222333053485,86.89877768052793,75.56756756756764,,,,,,NONE,,HOLD,10.0,False,True,"['Price is above SMMA20', 'SMMA20 is below SMMA120', 'RSI is overbought']",2026-08-12 18:03:53
BOROSCI,BOROSCI-EQ,133.4,133.4,133.4,41.0,0.0,0.0,41.0,0.0,11.0,80846.0,134.34,149.75657529238873,128.8813494016484,26.774031202818335,,,,,,NONE,,HOLD,25.0,False,True,"['Price is below SMMA20', 'SMMA20 is above SMMA120', 'RSI is strongly oversold']",2026-08-12 18:03:56
OLAELEC,OLAELEC-EQ,39.86,39.86,39.86,3296.0,0.0,0.0,3296.0,0.0,40.0,40404612.0,39.86,39.796586040733786,35.71960021669972,65.81858407079645,,,,,,NONE,,BUY,85.0,False,True,"['Price is above SMMA20', 'SMMA20 is above SMMA120', 'RSI shows healthy bullish momentum']",2026-08-12 18:03:59
SSDL,SSDL-EQ,65.03,65.03,65.03,97205.0,0.0,0.0,97205.0,0.0,1.0,383517.0,62.18,55.52853666317382,62.53495588815209,87.09497206703912,,,,,,NONE,,HOLD,10.0,False,True,"['Price is above SMMA20', 'SMMA20 is below SMMA120', 'RSI is overbought']",2026-08-12 18:04:01
CELLO,CELLO-EQ,374.9,374.9,374.9,3875.0,0.0,0.0,3875.0,0.0,80.0,604740.0,371.96,367.1396810063887,426.9625911941428,63.13993174061431,,,,,,NONE,,HOLD,25.0,False,True,"['Price is above SMMA20', 'SMMA20 is below SMMA120', 'RSI shows healthy bullish momentum']",2026-08-12 18:04:05
RELAXO,RELAXO-EQ,417.0,417.0,0.0,0.0,417.0,239.0,0.0,239.0,80.0,837534.0,428.26,394.976532451844,356.4488249780991,63.660130718954235,,,,,,BUY,410.0,BUY,85.0,False,True,"['Price is above SMMA20', 'SMMA20 is above SMMA120', 'RSI shows healthy bullish momentum']",2026-08-12 18:04:08
ITBETA,ITBETA-EQ,329.02,329.02,0.0,0.0,0.0,0.0,0.0,0.0,38.0,1305.0,329.58,312.54101167211417,331.8521881433255,72.26483017686652,,,,,,NONE,,HOLD,10.0,False,True,"['Price is above SMMA20', 'SMMA20 is below SMMA120', 'RSI is overbought']",2026-08-12 18:04:10
BBNPPGOLD,BBNPPGOLD-EQ,147.8,147.8,0.0,0.0,0.0,0.0,0.0,0.0,18.0,3455.0,147.67,140.83021439571468,142.9273536244583,76.81159420289863,,,,,,SELL,135.2,HOLD,10.0,False,True,"['Price is above SMMA20', 'SMMA20 is below SMMA120', 'RSI is overbought']",2026-08-12 18:04:12
SURAJEST,SURAJEST-EQ,209.33,209.33,0.0,0.0,0.0,0.0,0.0,0.0,100.0,110654.0,208.79,201.63014003147865,216.9249049563241,73.10844892812105,,,,,,NONE,,HOLD,10.0,False,True,"['Price is above SMMA20', 'SMMA20 is below SMMA120', 'RSI is overbought']",2026-08-12 18:04:15
CONSUMBEES,CONSUMBEES-EQ,134.33,134.33,134.33,1.0,0.0,0.0,1.0,0.0,10.0,100635.0,134.38,131.6572062640683,128.8034275273408,65.02914238134886,,,,,,BUY,129.65,BUY,85.0,False,True,"['Price is above SMMA20', 'SMMA20 is above SMMA120', 'RSI shows healthy bullish momentum']",2026-08-12 18:04:17
GTPL,GTPL-EQ,53.94,53.94,53.94,655.0,0.0,0.0,655.0,0.0,97.0,147330.0,53.98,60.686728725892195,70.29915224218618,34.028244788164116,,,,,,NONE,,SELL,70.0,False,True,"['Price is below SMMA20', 'SMMA20 is below SMMA120', 'RSI shows weak momentum']",2026-08-12 18:04:20
MON100,MON100-EQ,331.16,331.16,331.16,82.0,0.0,0.0,82.0,0.0,1.0,105204.0,331.16,324.03688360559903,279.1515827110735,51.94044831047178,,,,,,NONE,,BUY,70.0,False,True,"['Price is above SMMA20', 'SMMA20 is above SMMA120', 'RSI shows mild bullish momentum']",2026-08-12 18:04:22
VSTL,VSTL-EQ,106.21,106.21,106.21,1.0,0.0,0.0,1.0,0.0,26.0,10586.0,106.09,112.11430875953576,118.50036106720326,42.00988467874794,,,,,,NONE,,SELL,70.0,False,True,"['Price is below SMMA20', 'SMMA20 is below SMMA120', 'RSI shows weak momentum']",2026-08-12 18:04:24
ASHOKLEY,ASHOKLEY-EQ,176.7,176.7,0.0,0.0,176.7,9996.0,0.0,9996.0,600.0,10612472.0,175.36,163.33119899378,171.764403590025,83.96885069817401,,,,,,NONE,,HOLD,10.0,False,True,"['Price is above SMMA20', 'SMMA20 is below SMMA120', 'RSI is overbought']",2026-08-12 18:04:27
EUREKAFORB,EUREKAFORB-EQ,458.55,458.55,0.0,0.0,458.55,3231.0,0.0,3231.0,269.0,489669.0,460.18,457.0204723993552,498.21609165322866,60.3380281690141,,,,,,NONE,,HOLD,25.0,False,True,"['Price is above SMMA20', 'SMMA20 is below SMMA120', 'RSI shows healthy bullish momentum']",2026-08-12 18:04:29
HPL,HPL-EQ,322.25,322.25,0.0,0.0,322.25,452.0,0.0,452.0,16.0,101650.0,324.76,344.1355586612961,348.77097702928046,38.729198184568865,,,,,,SELL,330.9,SELL,70.0,False,True,"['Price is below SMMA20', 'SMMA20 is below SMMA120', 'RSI shows weak momentum']",2026-08-12 18:04:33
PLAZACABLE,PLAZACABLE-EQ,51.15,51.15,51.15,1505.0,0.0,0.0,1505.0,0.0,29.0,75644.0,50.82,45.356398197470256,42.11931454509644,80.76923076923077,,,,,,NONE,,HOLD,50.0,False,True,"['Price is above SMMA20', 'SMMA20 is above SMMA120', 'RSI is overbought']",2026-08-12 18:04:35
DIAMINESQ,DIAMINESQ-EQ,240.72,240.72,0.0,0.0,240.72,5.0,0.0,5.0,10.0,11124.0,242.1,251.65757845632135,251.09864547825956,43.81606765327695,,,,,,BUY,267.93,HOLD,10.0,False,True,"['Price is below SMMA20', 'SMMA20 is above SMMA120', 'RSI shows weak momentum']",2026-08-12 18:04:37
EXICOM,EXICOM-EQ,141.73,141.73,141.73,4956.0,0.0,0.0,4956.0,0.0,44.0,993093.0,142.27,157.98601312849405,125.68633879362005,31.917231276322994,,,,,,NONE,,HOLD,10.0,False,True,"['Price is below SMMA20', 'SMMA20 is above SMMA120', 'RSI shows weak momentum']",2026-08-12 18:04:40
YATRA,YATRA-EQ,118.99,118.99,0.0,0.0,118.99,84861.0,0.0,84861.0,19.0,8462912.0,118.29,109.04030381787666,123.55058447230716,66.23522791221158,,,,,,NONE,,HOLD,25.0,False,True,"['Price is above SMMA20', 'SMMA20 is below SMMA120', 'RSI shows healthy bullish momentum']",2026-08-12 18:04:45
CPCAP,CPCAP-EQ,131.81,131.81,131.81,1300.0,0.0,0.0,1300.0,0.0,10.0,221023.0,129.5,110.53402379939624,101.60840043542261,80.82772375966094,,,,,,BUY,105.83,HOLD,50.0,False,True,"['Price is above SMMA20', 'SMMA20 is above SMMA120', 'RSI is overbought']",2026-08-12 18:04:48
VALIANTLAB,VALIANTLAB-EQ,74.76,74.76,74.76,89500.0,0.0,0.0,89500.0,0.0,150.0,11746.0,74.76,65.34878504383104,65.47401433282452,79.7335870599429,,,,,,SELL,61.74,HOLD,10.0,False,True,"['Price is above SMMA20', 'SMMA20 is below SMMA120', 'RSI is overbought']",2026-08-12 18:04:50
KOTAKBANK,KOTAKBANK-EQ,390.5,390.5,0.0,0.0,390.5,1306.0,0.0,1306.0,694.0,10733474.0,390.34,389.5406386984024,397.6692956586204,64.85623003194877,,,,,,NONE,,HOLD,25.0,False,True,"['Price is above SMMA20', 'SMMA20 is below SMMA120', 'RSI shows healthy bullish momentum']",2026-08-12 18:04:53
PAISALO,PAISALO-EQ,68.75,68.75,0.0,0.0,68.75,395.0,0.0,395.0,355.0,5772773.0,69.24,67.40347183046399,48.29107566888072,33.24372759856631,,,,,,NONE,,HOLD,50.0,False,True,"['Price is above SMMA20', 'SMMA20 is above SMMA120', 'RSI shows weak momentum']",2026-08-12 18:04:55
FILATEX,FILATEX-EQ,83.31,83.31,0.0,0.0,83.31,306.0,0.0,306.0,14.0,2332120.0,82.4,68.89869588825249,51.840054156226934,70.76753580609622,,,,,,BUY,50.5,HOLD,50.0,False,True,"['Price is above SMMA20', 'SMMA20 is above SMMA120', 'RSI is overbought']",2026-08-12 18:04:57
HDFCNIFBAN,HDFCNIFBAN-EQ,59.57,59.57,59.57,835.0,0.0,0.0,835.0,0.0,89.0,75973.0,59.36,58.8930061238604,58.79547759442246,67.16417910447768,,,,,,BUY,59.63,BUY,85.0,False,True,"['Price is above SMMA20', 'SMMA20 is above SMMA120', 'RSI shows healthy bullish momentum']",2026-08-12 18:05:00
CURAA,CURAA-EQ,73.71,73.71,0.0,0.0,0.0,0.0,0.0,0.0,1.0,93.0,74.0,77.07446933111865,92.2122014233209,58.87191539365453,,,,,,NONE,,HOLD,35.0,False,True,"['Price is below SMMA20', 'SMMA20 is below SMMA120', 'RSI shows healthy bullish momentum']",2026-08-12 18:05:02
ABFRL,ABFRL-EQ,57.16,57.16,57.16,4824.0,0.0,0.0,4824.0,0.0,996.0,5139419.0,57.77,59.92343535252847,64.51446183688499,53.32548557975278,,,,,,NONE,,SELL,50.0,False,True,"['Price is below SMMA20', 'SMMA20 is below SMMA120', 'RSI shows mild bullish momentum']",2026-08-12 18:05:05
SMCGLOBAL,SMCGLOBAL-EQ,79.04,79.04,0.0,0.0,79.04,100.0,0.0,100.0,503.0,217678.0,78.41,76.31383125742433,73.77264135976297,56.08628659476115,,,,,,BUY,76.31,BUY,85.0,False,True,"['Price is above SMMA20', 'SMMA20 is above SMMA120', 'RSI shows healthy bullish momentum']",2026-08-12 18:05:07
SUPREME,SUPREME-EQ,42.51,42.51,42.51,27.0,0.0,0.0,27.0,0.0,473.0,67105.0,43.43,46.02297744344378,54.44897868899046,41.23263888888887,,,,,,NONE,,SELL,70.0,False,True,"['Price is below SMMA20', 'SMMA20 is below SMMA120', 'RSI shows weak momentum']",2026-08-12 18:05:09
SPIC,SPIC-EQ,67.2,67.2,67.2,1401.0,0.0,0.0,1401.0,0.0,100.0,179034.0,67.06,67.54957943910185,70.07221162211148,66.35135135135133,,,,,,NONE,,HOLD,35.0,False,True,"['Price is below SMMA20', 'SMMA20 is below SMMA120', 'RSI shows healthy bullish momentum']",2026-08-12 18:05:12
GILT5YBEES,GILT5YBEES-EQ,66.35,66.35,0.0,0.0,0.0,0.0,0.0,0.0,1010.0,154036.0,66.32,65.89812785440813,64.63776065022111,74.545454545454,,,,,,NONE,,HOLD,50.0,False,True,"['Price is above SMMA20', 'SMMA20 is above SMMA120', 'RSI is overbought']",2026-08-12 18:05:14
SURAKSHA,SURAKSHA-EQ,270.35,270.35,270.35,10.0,0.0,0.0,10.0,0.0,6.0,203580.0,268.22,261.5693712392701,271.2640753158195,59.24006908462871,,,,,,SELL,264.3,HOLD,25.0,False,True,"['Price is above SMMA20', 'SMMA20 is below SMMA120', 'RSI shows healthy bullish momentum']",2026-08-12 18:05:17
LOVABLE,LOVABLE-EQ,72.83,72.83,0.0,0.0,72.83,9.0,0.0,9.0,6.0,4343.0,72.72,73.61106020462195,73.80919411040645,55.92469545957914,,,,,,SELL,71.44,HOLD,35.0,False,True,"['Price is below SMMA20', 'SMMA20 is below SMMA120', 'RSI shows healthy bullish momentum']",2026-08-12 18:05:19
RELTD,RELTD-EQ,167.3,167.3,0.0,0.0,167.3,5.0,0.0,5.0,45.0,211904.0,169.83,165.35570077127977,148.14328035383957,39.015429831006635,,,,,,BUY,165.28,HOLD,50.0,False,True,"['Price is above SMMA20', 'SMMA20 is above SMMA120', 'RSI shows weak momentum']",2026-08-12 18:05:21
SESHAPAPER,SESHAPAPER-EQ,232.62,232.62,0.0,0.0,232.62,1499.0,0.0,1499.0,74.0,23698.0,231.9,230.56956494682976,241.81970743643902,52.306163021868805,,,,,,NONE,,HOLD,10.0,False,True,"['Price is above SMMA20', 'SMMA20 is below SMMA120', 'RSI shows mild bullish momentum']",2026-08-12 18:05:24
GARUDA,GARUDA-EQ,183.49,183.49,183.49,80.0,0.0,0.0,80.0,0.0,1.0,1066354.0,186.41,177.23663195794205,176.63227825904596,60.690887432995844,,,,,,BUY,190.67,BUY,85.0,False,True,"['Price is above SMMA20', 'SMMA20 is above SMMA120', 'RSI shows healthy bullish momentum']",2026-08-12 18:05:26
WCIL,WCIL-EQ,85.59,85.59,0.0,0.0,0.0,0.0,0.0,0.0,22.0,40440.0,85.78,92.68086956733865,102.83305373567464,35.20912547528516,,,,,,NONE,,SELL,70.0,False,True,"['Price is below SMMA20', 'SMMA20 is below SMMA120', 'RSI shows weak momentum']",2026-08-12 18:05:29
BANKPSU,BANKPSU-EQ,88.78,88.78,0.0,0.0,0.0,0.0,0.0,0.0,2.0,18250.0,88.72,85.58205319708613,86.57311498364746,76.48283038501559,,,,,,NONE,,HOLD,10.0,False,True,"['Price is above SMMA20', 'SMMA20 is below SMMA120', 'RSI is overbought']",2026-08-12 18:05:31
RUPA,RUPA-EQ,155.59,155.59,0.0,0.0,155.59,1062.0,0.0,1062.0,5.0,100300.0,156.47,162.07218166127063,152.15405153523778,37.4012921751615,,,,,,NONE,,HOLD,10.0,False,True,"['Price is below SMMA20', 'SMMA20 is above SMMA120', 'RSI shows weak momentum']",2026-08-12 18:05:33
SAURASHCEM,SAURASHCEM-EQ,60.93,60.93,0.0,0.0,60.93,242.0,0.0,242.0,300.0,131597.0,60.49,59.755786379587754,64.76314766230031,57.32553891121666,,,,,,NONE,,HOLD,25.0,False,True,"['Price is above SMMA20', 'SMMA20 is below SMMA120', 'RSI shows healthy bullish momentum']",2026-08-12 18:05:36
NBCC,NBCC-EQ,92.17,92.17,0.0,0.0,92.17,925.0,0.0,925.0,5.0,11484423.0,92.32,97.16673422096589,98.5736652331262,47.090909090909086,,,,,,SELL,94.6,SELL,70.0,False,True,"['Price is below SMMA20', 'SMMA20 is below SMMA120', 'RSI shows weak momentum']",2026-08-12 18:05:38
GENCON,GENCON-EQ,39.64,39.64,39.64,547.0,0.0,0.0,547.0,0.0,25.0,225585.0,39.56,40.24910927220102,43.21706752244161,38.97550111358573,,,,,,NONE,,SELL,70.0,False,True,"['Price is below SMMA20', 'SMMA20 is below SMMA120', 'RSI shows weak momentum']",2026-08-12 18:05:41
SANATHAN,SANATHAN-EQ,475.85,475.85,0.0,0.0,475.85,318.0,0.0,318.0,16.0,108307.0,490.92,461.32460945966415,433.3722853808953,44.27545416138571,,,,,,BUY,447.95,HOLD,50.0,False,True,"['Price is above SMMA20', 'SMMA20 is above SMMA120', 'RSI shows weak momentum']",2026-08-12 18:05:43
TARACHAND,TARACHAND-EQ,47.72,47.72,0.0,0.0,0.0,0.0,0.0,0.0,39.0,187072.0,48.36,54.949295347034784,61.98982840444419,30.381848367459867,,,,,,NONE,,SELL,70.0,False,True,"['Price is below SMMA20', 'SMMA20 is below SMMA120', 'RSI shows weak momentum']",2026-08-12 18:05:45
VALUEAXIS,VALUEAXIS-EQ,33.3,33.3,0.0,0.0,0.0,0.0,0.0,0.0,2.0,31134.0,33.33,33.118868036206116,32.79730297470803,67.41071428571414,,,,,,NONE,,BUY,85.0,False,True,"['Price is above SMMA20', 'SMMA20 is above SMMA120', 'RSI shows healthy bullish momentum']",2026-08-12 18:05:48
TATAPOWER,TATAPOWER-EQ,379.45,379.45,0.0,0.0,379.45,532.0,0.0,532.0,2.0,4430571.0,377.02,383.99143296629666,389.30749433259535,52.33415233415238,,,,,,SELL,381.45,SELL,50.0,False,True,"['Price is below SMMA20', 'SMMA20 is below SMMA120', 'RSI shows mild bullish momentum']",2026-08-12 18:05:50
SUNFLAG,SUNFLAG-EQ,359.6,359.6,359.6,774.0,0.0,0.0,774.0,0.0,26.0,276471.0,363.1,358.0610166109717,300.5881679841364,55.63697857948141,,,,,,NONE,,BUY,85.0,False,True,"['Price is above SMMA20', 'SMMA20 is above SMMA120', 'RSI shows healthy bullish momentum']",2026-08-12 18:05:53
GUJTHEM,GUJTHEM-EQ,352.65,352.65,0.0,0.0,352.65,9.0,0.0,9.0,1.0,34119.0,355.23,366.2165734825939,354.3231995754565,47.533632286995505,,,,,,NONE,,HOLD,10.0,False,True,"['Price is below SMMA20', 'SMMA20 is above SMMA120', 'RSI shows weak momentum']",2026-08-12 18:05:55
KPEL,KPEL-EQ,259.6,259.6,259.6,397.0,0.0,0.0,397.0,0.0,25.0,627535.0,261.84,315.5529323255547,322.67136062029573,26.687598116169553,,,,,,SELL,304.2,SELL,85.0,False,True,"['Price is below SMMA20', 'SMMA20 is below SMMA120', 'RSI is strongly oversold']",2026-08-12 18:05:57
FIRSTCRY,FIRSTCRY-EQ,214.47,214.47,214.47,50.0,0.0,0.0,50.0,0.0,150.0,341283.0,214.43,215.58879684781226,238.31268164079938,62.569060773480714,,,,,,NONE,,HOLD,35.0,False,True,"['Price is below SMMA20', 'SMMA20 is below SMMA120', 'RSI shows healthy bullish momentum']",2026-08-12 18:06:00
JAICORPLTD,JAICORPLTD-EQ,104.15,104.15,104.15,1867.0,0.0,0.0,1867.0,0.0,6.0,525064.0,103.11,106.96406921350543,112.68162770083207,58.775510204081684,,,,,,SELL,109.12,HOLD,35.0,False,True,"['Price is below SMMA20', 'SMMA20 is below SMMA120', 'RSI shows healthy bullish momentum']",2026-08-12 18:06:02
JAGSNPHARM,JAGSNPHARM-EQ,225.47,225.47,225.47,1.0,0.0,0.0,1.0,0.0,62.0,153442.0,226.17,226.40249222410003,201.07572181284098,56.29301868239922,,,,,,NONE,,HOLD,25.0,False,True,"['Price is below SMMA20', 'SMMA20 is above SMMA120', 'RSI shows healthy bullish momentum']",2026-08-12 18:06:08
NORTHARC,NORTHARC-EQ,284.2,284.2,0.0,0.0,284.2,214.0,0.0,214.0,1.0,405745.0,283.27,291.74210688249593,268.9696841618587,37.536656891495625,,,,,,NONE,,HOLD,10.0,False,True,"['Price is below SMMA20', 'SMMA20 is above SMMA120', 'RSI shows weak momentum']",2026-08-12 18:06:10
SIGIND,SIGIND-EQ,68.46,68.46,0.0,0.0,68.46,5.0,0.0,5.0,25.0,110819.0,68.39,53.7017597412026,49.94134542421388,86.19791666666669,,,,,,BUY,70.03,HOLD,50.0,False,True,"['Price is above SMMA20', 'SMMA20 is above SMMA120', 'RSI is overbought']",2026-08-12 18:06:13
BAJAJHFL,BAJAJHFL-EQ,84.76,84.76,0.0,0.0,84.76,44.0,0.0,44.0,358.0,1812989.0,84.86,86.23774029342059,87.58920396929051,49.73262032085563,,,,,,NONE,,SELL,70.0,False,True,"['Price is below SMMA20', 'SMMA20 is below SMMA120', 'RSI shows weak momentum']",2026-08-12 18:06:15
ICICIB22,ICICIB22-EQ,116.2,116.2,116.2,20.0,0.0,0.0,20.0,0.0,120.0,282901.0,116.13,117.16181620975797,119.43045847174302,59.21787709497203,,,,,,SELL,118.94,HOLD,35.0,False,True,"['Price is below SMMA20', 'SMMA20 is below SMMA120', 'RSI shows healthy bullish momentum']",2026-08-12 18:06:18
ONGC,ONGC-EQ,239.05,239.05,239.05,293.0,0.0,0.0,293.0,0.0,13.0,10695237.0,239.52,246.24740679297452,259.6311500163291,25.286916602907382,,,,,,SELL,240.0,SELL,85.0,False,True,"['Price is below SMMA20', 'SMMA20 is below SMMA120', 'RSI is strongly oversold']",2026-08-12 18:06:20
FMCGIETF,FMCGIETF-EQ,52.04,52.04,52.04,60.0,0.0,0.0,60.0,0.0,35.0,2412908.0,52.05,52.84001434252739,53.92921963883225,43.055555555555564,,,,,,NONE,,SELL,70.0,False,True,"['Price is below SMMA20', 'SMMA20 is below SMMA120', 'RSI shows weak momentum']",2026-08-12 18:06:23
MANAKALUCO,MANAKALUCO-EQ,39.32,39.32,0.0,0.0,0.0,0.0,0.0,0.0,313.0,292935.0,39.9,37.01423882370052,34.07601698554879,58.94791129448171,,,,,,NONE,,BUY,85.0,False,True,"['Price is above SMMA20', 'SMMA20 is above SMMA120', 'RSI shows healthy bullish momentum']",2026-08-12 18:06:30
LLOYDSENT,LLOYDSENT-EQ,77.89,77.89,0.0,0.0,77.89,41.0,0.0,41.0,259.0,3241276.0,78.24,77.6195426919721,65.28834769999737,49.79498861047835,,,,,,NONE,,HOLD,50.0,False,True,"['Price is above SMMA20', 'SMMA20 is above SMMA120', 'RSI shows weak momentum']",2026-08-12 18:06:33
GROWWEV,GROWWEV-EQ,34.13,34.13,0.0,0.0,0.0,0.0,0.0,0.0,74.0,325847.0,34.1,32.15605906749609,30.58362213606323,81.37755102040823,,,,,,NONE,,HOLD,50.0,False,True,"['Price is above SMMA20', 'SMMA20 is above SMMA120', 'RSI is overbought']",2026-08-12 18:06:38
GROWWLIQID,GROWWLIQID-EQ,110.3,110.3,0.0,0.0,0.0,0.0,0.0,0.0,1.0,88874.0,110.3,109.92874832615732,108.7008323985517,100.0,,,,,,NONE,,HOLD,50.0,False,True,"['Price is above SMMA20', 'SMMA20 is above SMMA120', 'RSI is overbought']",2026-08-12 18:06:42
ENGINERSIN,ENGINERSIN-EQ,239.2,239.2,239.2,746.0,0.0,0.0,746.0,0.0,100.0,1264836.0,241.61,234.46401026663597,217.9562267322484,63.667946608155034,,,,,,NONE,,BUY,85.0,False,True,"['Price is above SMMA20', 'SMMA20 is above SMMA120', 'RSI shows healthy bullish momentum']",2026-08-12 18:06:47
INDIANCARD,INDIANCARD-EQ,211.22,211.22,0.0,0.0,0.0,0.0,0.0,0.0,19.0,1118.0,211.31,220.7014033235226,217.63484420174572,29.374754227290595,,,,,,BUY,224.62,HOLD,25.0,False,True,"['Price is below SMMA20', 'SMMA20 is above SMMA120', 'RSI is strongly oversold']",2026-08-12 18:06:51
APTUS,APTUS-EQ,254.75,254.75,0.0,0.0,254.75,3125.0,0.0,3125.0,500.0,1675606.0,254.94,272.01885077564395,261.848244890181,24.379811804961562,,,,,,NONE,,HOLD,25.0,False,True,"['Price is below SMMA20', 'SMMA20 is above SMMA120', 'RSI is strongly oversold']",2026-08-12 18:06:53
ARIHANTCAP,ARIHANTCAP-EQ,74.82,74.82,0.0,0.0,0.0,0.0,0.0,0.0,89.0,47338.0,74.75,74.51708707183118,75.82624619125006,23.40946166394788,,,,,,NONE,,HOLD,25.0,False,True,"['Price is above SMMA20', 'SMMA20 is below SMMA120', 'RSI is strongly oversold']",2026-08-12 18:06:56
AARTIDRUGS,AARTIDRUGS-EQ,431.5,431.5,431.5,820.0,0.0,0.0,820.0,0.0,4.0,365458.0,433.09,405.162258965512,382.7219850519604,61.82618261826183,,,,,,BUY,386.6,BUY,85.0,False,True,"['Price is above SMMA20', 'SMMA20 is above SMMA120', 'RSI shows healthy bullish momentum']",2026-08-12 18:07:00
HEALTHIETF,HEALTHIETF-EQ,170.43,170.43,170.43,32.0,0.0,0.0,32.0,0.0,1.0,88813.0,170.28,167.5926373604699,155.84265433922687,76.35359116022127,,,,,,NONE,,HOLD,50.0,False,True,"['Price is above SMMA20', 'SMMA20 is above SMMA120', 'RSI is overbought']",2026-08-12 18:07:04
GAIL,GAIL-EQ,177.95,177.95,0.0,0.0,177.95,109720.0,0.0,109720.0,1.0,8976408.0,174.58,172.90261931839296,165.35088383263908,53.66919044845658,,,,,,NONE,,BUY,70.0,False,True,"['Price is above SMMA20', 'SMMA20 is above SMMA120', 'RSI shows mild bullish momentum']",2026-08-12 18:07:06
SBIETFIT,SBIETFIT-EQ,346.76,346.76,0.0,0.0,0.0,0.0,0.0,0.0,1.0,13940.0,347.97,329.8743048608082,350.25368446389325,69.50331661543433,,,,,,NONE,,HOLD,25.0,False,True,"['Price is above SMMA20', 'SMMA20 is below SMMA120', 'RSI shows healthy bullish momentum']",2026-08-12 18:07:08
HECPROJECT,HECPROJECT-EQ,136.01,136.01,0.0,0.0,0.0,0.0,0.0,0.0,21.0,5860.0,136.44,131.85848785099415,123.64354638512116,43.80894432613325,,,,,,NONE,,HOLD,50.0,False,True,"['Price is above SMMA20', 'SMMA20 is above SMMA120', 'RSI shows weak momentum']",2026-08-12 18:07:11
HBSL,HBSL-EQ,57.55,57.55,0.0,0.0,0.0,0.0,0.0,0.0,1.0,2964.0,57.93,52.86838453744972,58.30339752011695,68.714859437751,,,,,,NONE,,HOLD,25.0,False,True,"['Price is above SMMA20', 'SMMA20 is below SMMA120', 'RSI shows healthy bullish momentum']",2026-08-12 18:07:13
TNPETRO,TNPETRO-EQ,106.77,106.77,106.77,2157.0,0.0,0.0,2157.0,0.0,128.0,5595159.0,112.01,96.25790587216679,93.53110773524534,75.97690941385437,,,,,,BUY,97.77,HOLD,50.0,False,True,"['Price is above SMMA20', 'SMMA20 is above SMMA120', 'RSI is overbought']",2026-08-12 18:07:16
CHEMPLASTS,CHEMPLASTS-EQ,182.35,182.35,0.0,0.0,182.35,1144.0,0.0,1144.0,477.0,834690.0,180.49,199.31544539609848,235.52397122790197,29.201268307413542,,,,,,NONE,,SELL,85.0,False,True,"['Price is below SMMA20', 'SMMA20 is below SMMA120', 'RSI is strongly oversold']",2026-08-12 18:07:18
ALLTIME,ALLTIME-EQ,218.61,218.61,0.0,0.0,0.0,0.0,0.0,0.0,14.0,144424.0,215.29,229.32101918273256,236.23378672852525,42.507122507122475,,,,,,SELL,223.86,SELL,70.0,False,True,"['Price is below SMMA20', 'SMMA20 is below SMMA120', 'RSI shows weak momentum']",2026-08-12 18:07:20
NIFTYETF,NIFTYETF-EQ,265.57,265.57,0.0,0.0,0.0,0.0,0.0,0.0,5.0,275925.0,265.34,263.07321501421427,265.2311134535055,70.40816326530613,,,,,,NONE,,HOLD,10.0,False,True,"['Price is above SMMA20', 'SMMA20 is below SMMA120', 'RSI is overbought']",2026-08-12 18:07:26
MEDICAMEQ,MEDICAMEQ-EQ,238.98,238.98,0.0,0.0,238.98,670.0,0.0,670.0,3.0,24769.0,242.24,242.34157929449105,287.46017458029576,47.4890829694323,,,,,,NONE,,SELL,70.0,False,True,"['Price is below SMMA20', 'SMMA20 is below SMMA120', 'RSI shows weak momentum']",2026-08-12 18:07:28
ELLEN,ELLEN-EQ,323.8,323.8,323.8,62944.0,0.0,0.0,62944.0,0.0,100.0,3412223.0,317.4,280.4013081571927,270.3726052517551,72.74529236868187,,,,,,BUY,294.25,HOLD,50.0,False,True,"['Price is above SMMA20', 'SMMA20 is above SMMA120', 'RSI is overbought']",2026-08-12 18:07:31
3PLAND,3PLAND-EQ,31.99,31.99,0.0,0.0,0.0,0.0,0.0,0.0,391.0,3918.0,32.01,32.10995737770455,33.662203875529244,51.96850393700786,,,,,,NONE,,SELL,50.0,False,True,"['Price is below SMMA20', 'SMMA20 is below SMMA120', 'RSI shows mild bullish momentum']",2026-08-12 18:07:36
SHALBY,SHALBY-EQ,157.28,157.28,0.0,0.0,157.28,6797.0,0.0,6797.0,63.0,97370.0,158.73,164.78859318365224,167.05316470159693,37.68518518518521,,,,,,SELL,163.48,SELL,70.0,False,True,"['Price is below SMMA20', 'SMMA20 is below SMMA120', 'RSI shows weak momentum']",2026-08-12 18:07:42
SUDARCOLOR,SUDARCOLOR-EQ,405.8,405.8,0.0,0.0,0.0,0.0,0.0,0.0,50.0,6067.0,407.64,375.2793292671427,372.70848417924856,70.61512884455527,,,,,,BUY,406.55,HOLD,50.0,False,True,"['Price is above SMMA20', 'SMMA20 is above SMMA120', 'RSI is overbought']",2026-08-12 18:07:44
TREJHARA,TREJHARA-EQ,162.07,162.07,0.0,0.0,0.0,0.0,0.0,0.0,26.0,18901.0,163.3,146.88143991780944,172.2501463731571,64.7351742870077,,,,,,NONE,,HOLD,25.0,False,True,"['Price is above SMMA20', 'SMMA20 is below SMMA120', 'RSI shows healthy bullish momentum']",2026-08-12 18:07:47
HITECH,HITECH-EQ,77.75,77.75,77.75,4.0,0.0,0.0,4.0,0.0,2.0,3099037.0,79.33,85.97835907503944,86.00935737534753,28.376777251184777,,,,,,SELL,77.75,SELL,85.0,False,True,"['Price is below SMMA20', 'SMMA20 is below SMMA120', 'RSI is strongly oversold']",2026-08-12 18:07:49
SAMBHV,SAMBHV-EQ,118.45,118.45,0.0,0.0,118.45,800.0,0.0,800.0,8.0,592877.0,117.85,116.7353987887745,105.68287151795917,54.15794979079499,,,,,,NONE,,BUY,70.0,False,True,"['Price is above SMMA20', 'SMMA20 is above SMMA120', 'RSI shows mild bullish momentum']",2026-08-12 18:07:51
MOTOUR,MOTOUR-EQ,80.14,80.14,0.0,0.0,0.0,0.0,0.0,0.0,67.0,13717.0,79.83,78.88041056017869,77.31506668182531,67.17647058823533,,,,,,BUY,80.15,BUY,85.0,False,True,"['Price is above SMMA20', 'SMMA20 is above SMMA120', 'RSI shows healthy bullish momentum']",2026-08-12 18:07:54
SAGILITY,SAGILITY-EQ,43.31,43.31,43.31,235.0,0.0,0.0,235.0,0.0,327.0,12081362.0,43.1,42.376468423082635,43.98105129067453,58.76651982378855,,,,,,NONE,,HOLD,25.0,False,True,"['Price is above SMMA20', 'SMMA20 is below SMMA120', 'RSI shows healthy bullish momentum']",2026-08-12 18:08:00
NIVABUPA,NIVABUPA-EQ,84.09,84.09,0.0,0.0,84.09,3872.0,0.0,3872.0,50.0,552981.0,84.49,85.5795900370274,79.73456129821282,47.357926221336,,,,,,NONE,,HOLD,10.0,False,True,"['Price is below SMMA20', 'SMMA20 is above SMMA120', 'RSI shows weak momentum']",2026-08-12 18:08:03
S&SPOWER,S&SPOWER-EQ,317.65,317.65,317.65,1.0,0.0,0.0,1.0,0.0,20.0,4176.0,321.59,341.9844559059237,333.379237858965,36.29169022046356,,,,,,NONE,,HOLD,10.0,False,True,"['Price is below SMMA20', 'SMMA20 is above SMMA120', 'RSI shows weak momentum']",2026-08-12 18:08:06
REPCOHOME,REPCOHOME-EQ,367.2,367.2,0.0,0.0,367.2,128.0,0.0,128.0,6.0,104340.0,368.83,392.1934798815181,393.6737399615698,32.53552729992519,,,,,,SELL,376.35,SELL,70.0,False,True,"['Price is below SMMA20', 'SMMA20 is below SMMA120', 'RSI shows weak momentum']",2026-08-12 18:08:08
BORANA,BORANA-EQ,329.05,329.05,0.0,0.0,0.0,0.0,0.0,0.0,5.0,48852.0,330.97,324.59175287240714,332.8916416004755,53.77544320420224,,,,,,NONE,,HOLD,10.0,False,True,"['Price is above SMMA20', 'SMMA20 is below SMMA120', 'RSI shows mild bullish momentum']",2026-08-12 18:08:12
ABLBL,ABLBL-EQ,90.29,90.29,90.29,1858.0,0.0,0.0,1858.0,0.0,20.0,602100.0,90.94,95.52695401999884,104.20795490649918,40.8701854493581,,,,,,NONE,,SELL,70.0,False,True,"['Price is below SMMA20', 'SMMA20 is below SMMA120', 'RSI shows weak momentum']",2026-08-12 18:08:16
SNXT30BEES,SNXT30BEES-EQ,43.77,43.77,0.0,0.0,0.0,0.0,0.0,0.0,5.0,5165.0,43.74,42.65943942674894,41.25338525116035,82.08955223880608,,,,,,NONE,,HOLD,50.0,False,True,"['Price is above SMMA20', 'SMMA20 is above SMMA120', 'RSI is overbought']",2026-08-12 18:08:19
SWIGGY,SWIGGY-EQ,279.35,279.35,0.0,0.0,279.35,16729.0,0.0,16729.0,51.0,6996952.0,278.29,271.5464479711887,296.50511942186597,59.94710211591536,,,,,,NONE,,HOLD,25.0,False,True,"['Price is above SMMA20', 'SMMA20 is below SMMA120', 'RSI shows healthy bullish momentum']",2026-08-12 18:08:22
LIKHITHA,LIKHITHA-EQ,227.33,227.33,0.0,0.0,227.33,38.0,0.0,38.0,24.0,95998.0,234.95,230.7968511663616,200.94192063039358,47.560821883272425,,,,,,NONE,,HOLD,10.0,False,True,"['Price is below SMMA20', 'SMMA20 is above SMMA120', 'RSI shows weak momentum']",2026-08-12 18:08:24
EQUAL50ADD,EQUAL50ADD-EQ,348.06,348.06,0.0,0.0,0.0,0.0,0.0,0.0,5.0,14172.0,348.53,344.3374976758232,338.89329913622714,69.10971223021572,,,,,,BUY,344.47,BUY,85.0,False,True,"['Price is above SMMA20', 'SMMA20 is above SMMA120', 'RSI shows healthy bullish momentum']",2026-08-12 18:08:26
DDEVPLSTIK,DDEVPLSTIK-EQ,290.85,290.85,290.85,550.0,0.0,0.0,550.0,0.0,20.0,227613.0,295.08,278.04269651063674,267.75707726183623,59.599589322381924,,,,,,BUY,294.15,BUY,85.0,False,True,"['Price is above SMMA20', 'SMMA20 is above SMMA120', 'RSI shows healthy bullish momentum']",2026-08-12 18:08:29
MAMATA,MAMATA-EQ,426.05,426.05,0.0,0.0,0.0,0.0,0.0,0.0,6.0,64203.0,425.11,401.107659834038,399.3462262625022,69.06866077498304,,,,,,BUY,425.2,BUY,85.0,False,True,"['Price is above SMMA20', 'SMMA20 is above SMMA120', 'RSI shows healthy bullish momentum']",2026-08-12 18:08:35
CAMLINFINE,CAMLINFINE-EQ,107.94,107.94,0.0,0.0,107.94,372.0,0.0,372.0,100.0,6115766.0,111.69,126.63119658904786,133.51576701371476,35.80551198745238,,,,,,NONE,,SELL,70.0,False,True,"['Price is below SMMA20', 'SMMA20 is below SMMA120', 'RSI shows weak momentum']",2026-08-12 18:08:37
JMA,JMA-EQ,88.74,88.74,0.0,0.0,0.0,0.0,0.0,0.0,13.0,6666.0,88.04,88.69841540422473,84.97098603075996,57.005604483586886,,,,,,NONE,,BUY,85.0,False,True,"['Price is above SMMA20', 'SMMA20 is above SMMA120', 'RSI shows healthy bullish momentum']",2026-08-12 18:08:39
OSWALPUMPS,OSWALPUMPS-EQ,301.15,301.15,301.15,1.0,0.0,0.0,1.0,0.0,1.0,425262.0,301.87,361.0865886922543,392.4867751619879,29.055555555555557,,,,,,SELL,338.85,SELL,85.0,False,True,"['Price is below SMMA20', 'SMMA20 is below SMMA120', 'RSI is strongly oversold']",2026-08-12 18:08:45
ARIS,ARIS-EQ,135.55,135.55,0.0,0.0,135.55,1336.0,0.0,1336.0,50.0,1436154.0,136.2,123.36301138982412,118.11246497884757,82.52190847127565,,,,,,BUY,128.24,HOLD,50.0,False,True,"['Price is above SMMA20', 'SMMA20 is above SMMA120', 'RSI is overbought']",2026-08-12 18:08:47
EUROBOND,EUROBOND-EQ,162.34,162.34,0.0,0.0,0.0,0.0,0.0,0.0,1.0,8121.0,162.85,165.43765029607664,170.44996022559306,52.64834727200315,,,,,,SELL,164.07,SELL,50.0,False,True,"['Price is below SMMA20', 'SMMA20 is below SMMA120', 'RSI shows mild bullish momentum']",2026-08-12 18:08:50
REGENCERAM,REGENCERAM-EQ,38.86,38.86,38.86,35500.0,0.0,0.0,35500.0,0.0,500.0,29812.0,38.5,36.423206139917866,42.12688550622543,62.80339805825241,,,,,,NONE,,HOLD,25.0,False,True,"['Price is above SMMA20', 'SMMA20 is below SMMA120', 'RSI shows healthy bullish momentum']",2026-08-12 18:08:52
PANACEABIO,PANACEABIO-EQ,399.85,399.85,0.0,0.0,0.0,0.0,0.0,0.0,100.0,225505.0,397.26,460.84524075685874,408.29095022034704,22.37719830200126,,,,,,NONE,,HOLD,25.0,False,True,"['Price is below SMMA20', 'SMMA20 is above SMMA120', 'RSI is strongly oversold']",2026-08-12 18:08:54
SPMLINFRA,SPMLINFRA-EQ,191.34,191.34,0.0,0.0,191.34,3303.0,0.0,3303.0,1.0,377809.0,188.54,195.66616724208993,188.70292549614754,39.86802309595818,,,,,,NONE,,HOLD,10.0,False,True,"['Price is below SMMA20', 'SMMA20 is above SMMA120', 'RSI shows weak momentum']",2026-08-12 18:08:57
MOGOLD,MOGOLD-EQ,151.3,151.3,0.0,0.0,0.0,0.0,0.0,0.0,47.0,33804.0,151.03,143.92907350365965,145.9538958341822,75.58139534883726,,,,,,SELL,138.25,HOLD,10.0,False,True,"['Price is above SMMA20', 'SMMA20 is below SMMA120', 'RSI is overbought']",2026-08-12 18:08:59
FABTECH,FABTECH-EQ,145.81,145.81,0.0,0.0,0.0,0.0,0.0,0.0,245.0,94940.0,147.04,152.1220519153187,162.85471060879226,38.07692307692307,,,,,,NONE,,SELL,70.0,False,True,"['Price is below SMMA20', 'SMMA20 is below SMMA120', 'RSI shows weak momentum']",2026-08-12 18:09:01
GOLDBND,GOLDBND-EQ,152.8,152.8,0.0,0.0,0.0,0.0,0.0,0.0,77.0,10787.0,152.49,145.49388337624066,148.06622737028584,81.3937753721245,,,,,,SELL,140.96,HOLD,10.0,False,True,"['Price is above SMMA20', 'SMMA20 is below SMMA120', 'RSI is overbought']",2026-08-12 18:09:05
PACEDIGITK,PACEDIGITK-EQ,183.21,183.21,183.21,510.0,0.0,0.0,510.0,0.0,5.0,630612.0,182.68,195.3295441019781,184.3211515372571,37.715289982425325,,,,,,NONE,,HOLD,10.0,False,True,"['Price is below SMMA20', 'SMMA20 is above SMMA120', 'RSI shows weak momentum']",2026-08-12 18:09:07
CUBEXTUB,CUBEXTUB-EQ,79.11,79.11,79.11,1.0,0.0,0.0,1.0,0.0,60.0,42146.0,79.92,80.86871104245456,93.59470311753199,56.393200295639325,,,,,,NONE,,HOLD,35.0,False,True,"['Price is below SMMA20', 'SMMA20 is below SMMA120', 'RSI shows healthy bullish momentum']",2026-08-12 18:09:10
SOLARWORLD,SOLARWORLD-EQ,161.37,161.37,161.37,129.0,0.0,0.0,129.0,0.0,10.0,548203.0,162.13,188.1243142122016,208.3721752118096,9.784946236559165,,,,,,NONE,,SELL,85.0,False,True,"['Price is below SMMA20', 'SMMA20 is below SMMA120', 'RSI is strongly oversold']",2026-08-12 18:09:12
GROWWNXT50,GROWWNXT50-EQ,74.92,74.92,0.0,0.0,0.0,0.0,0.0,0.0,4.0,7253.0,74.88,73.09238252415618,69.84757979397058,67.17363751584293,,,,,,NONE,,BUY,85.0,False,True,"['Price is above SMMA20', 'SMMA20 is above SMMA120', 'RSI shows healthy bullish momentum']",2026-08-12 18:09:18
REMSONSIND,REMSONSIND-EQ,88.36,88.36,88.36,1535.0,0.0,0.0,1535.0,0.0,15.0,78612.0,89.76,84.96970722995438,99.25989685468109,70.7933740191805,,,,,,NONE,,HOLD,10.0,False,True,"['Price is above SMMA20', 'SMMA20 is below SMMA120', 'RSI is overbought']",2026-08-12 18:09:21
CPEDU,CPEDU-EQ,213.53,213.53,0.0,0.0,0.0,0.0,0.0,0.0,34.0,7478.0,213.31,200.58712683008613,204.90802233141955,73.15541601255886,,,,,,NONE,,HOLD,10.0,False,True,"['Price is above SMMA20', 'SMMA20 is below SMMA120', 'RSI is overbought']",2026-08-12 18:09:24
TNPL,TNPL-EQ,154.5,154.5,154.5,678.0,0.0,0.0,678.0,0.0,25.0,636200.0,156.62,149.63944233473367,143.2719037443825,55.29045643153528,,,,,,NONE,,BUY,85.0,False,True,"['Price is above SMMA20', 'SMMA20 is above SMMA120', 'RSI shows healthy bullish momentum']",2026-08-12 18:09:26
ORIENTCEM,ORIENTCEM-EQ,133.55,133.55,133.55,28.0,0.0,0.0,28.0,0.0,10.0,237182.0,133.32,136.8145577542562,146.15514468243202,49.237472766884544,,,,,,NONE,,SELL,70.0,False,True,"['Price is below SMMA20', 'SMMA20 is below SMMA120', 'RSI shows weak momentum']",2026-08-12 18:09:32
TATASTEEL,TATASTEEL-EQ,186.2,186.2,0.0,0.0,186.2,16383.0,0.0,16383.0,500.0,36484049.0,185.44,190.54013121249238,194.71527525338064,51.3144417890065,,,,,,SELL,185.26,SELL,50.0,False,True,"['Price is below SMMA20', 'SMMA20 is below SMMA120', 'RSI shows mild bullish momentum']",2026-08-12 18:09:34
RAMCOIND,RAMCOIND-EQ,359.1,359.1,0.0,0.0,359.1,2570.0,0.0,2570.0,2.0,700935.0,362.25,335.6995574811781,304.9064744289521,62.154294032023294,,,,,,BUY,331.25,BUY,85.0,False,True,"['Price is above SMMA20', 'SMMA20 is above SMMA120', 'RSI shows healthy bullish momentum']",2026-08-12 18:09:37
BEPL,BEPL-EQ,120.54,120.54,120.54,64.0,0.0,0.0,64.0,0.0,136.0,779985.0,121.06,112.63580199082924,95.60884017794855,54.17402269861286,,,,,,NONE,,BUY,70.0,False,True,"['Price is above SMMA20', 'SMMA20 is above SMMA120', 'RSI shows mild bullish momentum']",2026-08-12 18:09:39
GUJRAFFIA,GUJRAFFIA-EQ,41.98,41.98,41.98,532.0,0.0,0.0,532.0,0.0,50.0,24987.0,41.85,40.05960667322951,41.758129651061196,59.00349650349649,,,,,,NONE,,HOLD,25.0,False,True,"['Price is above SMMA20', 'SMMA20 is below SMMA120', 'RSI shows healthy bullish momentum']",2026-08-12 18:09:41
BEL,BEL-EQ,405.7,405.7,405.7,1353.0,0.0,0.0,1353.0,0.0,30.0,13125672.0,402.61,405.445424799614,419.507344710711,48.98157129000969,,,,,,NONE,,HOLD,10.0,False,True,"['Price is above SMMA20', 'SMMA20 is below SMMA120', 'RSI shows weak momentum']",2026-08-12 18:09:44
ZUARIIND,ZUARIIND-EQ,265.95,265.95,0.0,0.0,265.95,6.0,0.0,6.0,82.0,38173.0,263.84,260.26033607729426,266.0522284635729,59.408033826638494,,,,,,NONE,,HOLD,25.0,False,True,"['Price is above SMMA20', 'SMMA20 is below SMMA120', 'RSI shows healthy bullish momentum']",2026-08-12 18:09:47
VMSTMT,VMSTMT-EQ,49.88,49.88,0.0,0.0,49.88,4254.0,0.0,4254.0,50.0,335119.0,50.9,45.71576341808714,46.8851722491092,80.6695464362851,,,,,,NONE,,HOLD,10.0,False,True,"['Price is above SMMA20', 'SMMA20 is below SMMA120', 'RSI is overbought']",2026-08-12 18:09:49
MOMIDMTM,MOMIDMTM-EQ,65.05,65.05,0.0,0.0,0.0,0.0,0.0,0.0,58.0,105085.0,65.14,63.796402899537625,62.56869320444243,77.21518987341776,,,,,,NONE,,HOLD,50.0,False,True,"['Price is above SMMA20', 'SMMA20 is above SMMA120', 'RSI is overbought']",2026-08-12 18:09:51
VIPIND,VIPIND-EQ,310.25,310.25,0.0,0.0,0.0,0.0,0.0,0.0,100.0,112036.0,311.74,306.22048529350474,331.1084606305627,65.2535957607873,,,,,,NONE,,HOLD,25.0,False,True,"['Price is above SMMA20', 'SMMA20 is below SMMA120', 'RSI shows healthy bullish momentum']",2026-08-12 18:09:54
MASPTOP50,MASPTOP50-EQ,80.96,80.96,80.96,89.0,0.0,0.0,89.0,0.0,200.0,408724.0,80.92,78.91214652182575,74.86509045707746,56.75165250236069,,,,,,NONE,,BUY,85.0,False,True,"['Price is above SMMA20', 'SMMA20 is above SMMA120', 'RSI shows healthy bullish momentum']",2026-08-12 18:09:59
FOODSIN,FOODSIN-EQ,51.29,51.29,0.0,0.0,51.29,4671.0,0.0,4671.0,5.0,88525.0,51.96,55.83987835305917,59.73734570790259,33.582709891936815,,,,,,NONE,,SELL,70.0,False,True,"['Price is below SMMA20', 'SMMA20 is below SMMA120', 'RSI shows weak momentum']",2026-08-12 18:10:01
TARSONS,TARSONS-EQ,312.8,312.8,0.0,0.0,312.8,2314.0,0.0,2314.0,3.0,1619130.0,318.76,292.56568482596066,233.5067427917851,48.09934110491637,,,,,,NONE,,HOLD,50.0,False,True,"['Price is above SMMA20', 'SMMA20 is above SMMA120', 'RSI shows weak momentum']",2026-08-12 18:10:05
NEXT50BETA,NEXT50BETA-EQ,80.29,80.29,0.0,0.0,0.0,0.0,0.0,0.0,147.0,97471.0,80.25,78.27228293333455,74.97987013403672,83.50253807106614,,,,,,NONE,,HOLD,50.0,False,True,"['Price is above SMMA20', 'SMMA20 is above SMMA120', 'RSI is overbought']",2026-08-12 18:10:07
GULPOLY,GULPOLY-EQ,189.89,189.89,189.89,225.0,0.0,0.0,225.0,0.0,300.0,377543.0,192.36,194.19474876191344,170.21954993572592,53.3677968678729,,,,,,NONE,,HOLD,10.0,False,True,"['Price is below SMMA20', 'SMMA20 is above SMMA120', 'RSI shows mild bullish momentum']",2026-08-12 18:10:09
NEXT50ADD,NEXT50ADD-EQ,74.8,74.8,0.0,0.0,0.0,0.0,0.0,0.0,10.0,1394.0,74.74,72.99382273728276,69.97101135296363,71.59663865546227,,,,,,NONE,,HOLD,50.0,False,True,"['Price is above SMMA20', 'SMMA20 is above SMMA120', 'RSI is overbought']",2026-08-12 18:10:12
BPCL,BPCL-EQ,317.0,317.0,0.0,0.0,317.0,3574.0,0.0,3574.0,200.0,6726295.0,313.92,314.0256889594972,327.2188503210903,54.620123203285424,,,,,,NONE,,HOLD,10.0,False,True,"['Price is above SMMA20', 'SMMA20 is below SMMA120', 'RSI shows mild bullish momentum']",2026-08-12 18:10:14
CHOICEGOLD,CHOICEGOLD-EQ,151.71,151.71,0.0,0.0,0.0,0.0,0.0,0.0,28.0,5616.0,151.41,144.35955372394352,146.3574065134769,76.83419988445986,,,,,,SELL,138.31,HOLD,10.0,False,True,"['Price is above SMMA20', 'SMMA20 is below SMMA120', 'RSI is overbought']",2026-08-12 18:10:16
STYL,STYL-EQ,410.85,410.85,410.85,100.0,0.0,0.0,100.0,0.0,3.0,133168.0,410.07,356.5416415890856,286.02704684869695,53.72987183700297,,,,,,NONE,,BUY,70.0,False,True,"['Price is above SMMA20', 'SMMA20 is above SMMA120', 'RSI shows mild bullish momentum']",2026-08-12 18:10:19
SBIETFCON,SBIETFCON-EQ,124.43,124.43,0.0,0.0,0.0,0.0,0.0,0.0,12.0,11216.0,124.57,122.0488140843609,119.38418503204505,62.58741258741254,,,,,,BUY,120.67,BUY,85.0,False,True,"['Price is above SMMA20', 'SMMA20 is above SMMA120', 'RSI shows healthy bullish momentum']",2026-08-12 18:10:23
MUFTI,MUFTI-EQ,80.07,80.07,0.0,0.0,0.0,0.0,0.0,0.0,50.0,412623.0,79.16,84.44958453617707,86.19835739572457,43.447180301826826,,,,,,NONE,,SELL,70.0,False,True,"['Price is below SMMA20', 'SMMA20 is below SMMA120', 'RSI shows weak momentum']",2026-08-12 18:10:25
PARKHOSPS,PARKHOSPS-EQ,283.2,283.2,283.2,40.0,0.0,0.0,40.0,0.0,10.0,552846.0,284.82,281.2445221765212,225.25799469460452,49.38144329896905,,,,,,NONE,,HOLD,50.0,False,True,"['Price is above SMMA20', 'SMMA20 is above SMMA120', 'RSI shows weak momentum']",2026-08-12 18:10:29
ASIANENE,ASIANENE-EQ,405.8,405.8,0.0,0.0,405.8,1626.0,0.0,1626.0,72.0,201456.0,405.94,373.3516369980167,316.1516950909371,72.88557213930346,,,,,,NONE,,HOLD,50.0,False,True,"['Price is above SMMA20', 'SMMA20 is above SMMA120', 'RSI is overbought']",2026-08-12 18:10:42
HEMIPROP,HEMIPROP-EQ,134.12,134.12,0.0,0.0,0.0,0.0,0.0,0.0,4.0,375144.0,135.05,137.28792571980063,135.94224591091896,53.96419437340148,,,,,,NONE,,HOLD,10.0,False,True,"['Price is below SMMA20', 'SMMA20 is above SMMA120', 'RSI shows mild bullish momentum']",2026-08-12 18:10:45
INTLCONV,INTLCONV-EQ,73.12,73.12,73.12,500.0,0.0,0.0,500.0,0.0,104.0,48433.0,73.59,76.76753304357989,79.06600539616767,43.93741851368965,,,,,,SELL,77.8,SELL,70.0,False,True,"['Price is below SMMA20', 'SMMA20 is below SMMA120', 'RSI shows weak momentum']",2026-08-12 18:10:47
TEXRAIL,TEXRAIL-EQ,107.76,107.76,107.76,207.0,0.0,0.0,207.0,0.0,63.0,773469.0,107.29,110.4609911836935,111.68464232835872,47.02486678507995,,,,,,NONE,,SELL,70.0,False,True,"['Price is below SMMA20', 'SMMA20 is below SMMA120', 'RSI shows weak momentum']",2026-08-12 18:10:50
GMRP&UI,GMRP&UI-EQ,96.73,96.73,96.73,2052.0,0.0,0.0,2052.0,0.0,50.0,689644.0,96.24,99.29705417676944,105.04375493551312,40.19736842105266,,,,,,SELL,105.06,SELL,70.0,False,True,"['Price is below SMMA20', 'SMMA20 is below SMMA120', 'RSI shows weak momentum']",2026-08-12 18:10:53
BANKBETA,BANKBETA-EQ,59.88,59.88,0.0,0.0,0.0,0.0,0.0,0.0,20.0,24665.0,59.7,59.22132498803975,59.11801916012705,65.27093596059123,,,,,,BUY,60.08,BUY,85.0,False,True,"['Price is above SMMA20', 'SMMA20 is above SMMA120', 'RSI shows healthy bullish momentum']",2026-08-12 18:10:56
RAILTEL,RAILTEL-EQ,285.8,285.8,285.8,1235.0,0.0,0.0,1235.0,0.0,20.0,309175.0,285.85,297.9596143188033,314.90174993247587,48.15205913410771,,,,,,NONE,,SELL,70.0,False,True,"['Price is below SMMA20', 'SMMA20 is below SMMA120', 'RSI shows weak momentum']",2026-08-12 18:10:58
SNXT50BETA,SNXT50BETA-EQ,95.65,95.65,0.0,0.0,0.0,0.0,0.0,0.0,2.0,2872.0,96.15,94.0055163559593,91.59768904109292,73.5785953177258,,,,,,BUY,93.49,HOLD,50.0,False,True,"['Price is above SMMA20', 'SMMA20 is above SMMA120', 'RSI is overbought']",2026-08-12 18:11:01
GATEWAY,GATEWAY-EQ,54.9,54.9,54.9,1690.0,0.0,0.0,1690.0,0.0,200.0,1657544.0,55.09,57.910551166148636,57.95430131485534,42.675585284280935,,,,,,SELL,54.9,SELL,70.0,False,True,"['Price is below SMMA20', 'SMMA20 is below SMMA120', 'RSI shows weak momentum']",2026-08-12 18:11:03
AYE,AYE-EQ,176.96,176.96,0.0,0.0,176.96,198.0,0.0,198.0,5.0,599407.0,177.05,166.78034433354625,141.01633333333334,56.01635514018692,,,,,,NONE,,BUY,85.0,False,True,"['Price is above SMMA20', 'SMMA20 is above SMMA120', 'RSI shows healthy bullish momentum']",2026-08-12 18:11:06
SIGNPOST,SIGNPOST-EQ,269.35,269.35,269.35,30.0,0.0,0.0,30.0,0.0,10.0,44169.0,271.91,286.4670445278558,255.1331625719348,26.029411764705827,,,,,,NONE,,HOLD,25.0,False,True,"['Price is below SMMA20', 'SMMA20 is above SMMA120', 'RSI is strongly oversold']",2026-08-12 18:11:08
MOREALTY,MOREALTY-EQ,88.66,88.66,0.0,0.0,0.0,0.0,0.0,0.0,934.0,619787.0,88.45,87.80428913476945,82.01191922481692,50.918079096045226,,,,,,BUY,88.75,BUY,70.0,False,True,"['Price is above SMMA20', 'SMMA20 is above SMMA120', 'RSI shows mild bullish momentum']",2026-08-12 18:11:10
ONIDA,ONIDA-EQ,37.1,37.1,0.0,0.0,0.0,0.0,0.0,0.0,37.0,396256.0,37.59,38.946098644904026,33.99140568886255,46.105919003115275,,,,,,NONE,,HOLD,10.0,False,True,"['Price is below SMMA20', 'SMMA20 is above SMMA120', 'RSI shows weak momentum']",2026-08-12 18:11:13
PVSL,PVSL-EQ,120.55,120.55,120.55,297.0,0.0,0.0,297.0,0.0,3.0,643833.0,121.05,103.99118507131975,103.5718784024442,81.62926018287614,,,,,,BUY,120.55,HOLD,50.0,False,True,"['Price is above SMMA20', 'SMMA20 is above SMMA120', 'RSI is overbought']",2026-08-12 18:11:15
HLEGLAS,HLEGLAS-EQ,326.45,326.45,0.0,0.0,326.45,3396.0,0.0,3396.0,1.0,2273511.0,343.07,405.83223494391854,372.9677729992392,30.944986690328292,,,,,,BUY,385.7,HOLD,10.0,False,True,"['Price is below SMMA20', 'SMMA20 is above SMMA120', 'RSI shows weak momentum']",2026-08-12 18:11:21
ALEMBICLTD,ALEMBICLTD-EQ,84.79,84.79,0.0,0.0,84.79,285.0,0.0,285.0,36.0,341002.0,84.49,88.62019704932393,90.80709643506107,39.01393354769564,,,,,,NONE,,SELL,70.0,False,True,"['Price is below SMMA20', 'SMMA20 is below SMMA120', 'RSI shows weak momentum']",2026-08-12 18:11:24
JUNIPER,JUNIPER-EQ,199.26,199.26,0.0,0.0,199.26,30.0,0.0,30.0,15.0,349711.0,200.05,197.25812691600143,214.00088870433518,56.44520159000566,,,,,,NONE,,HOLD,25.0,False,True,"['Price is above SMMA20', 'SMMA20 is below SMMA120', 'RSI shows healthy bullish momentum']",2026-08-12 18:11:26
STARCEMENT,STARCEMENT-EQ,199.75,199.75,0.0,0.0,0.0,0.0,0.0,0.0,50.0,176109.0,199.58,205.71961421229852,213.69436190713648,37.998808814770726,,,,,,SELL,207.51,SELL,70.0,False,True,"['Price is below SMMA20', 'SMMA20 is below SMMA120', 'RSI shows weak momentum']",2026-08-12 18:11:28
HEXATRADEX,HEXATRADEX-EQ,156.82,156.82,0.0,0.0,0.0,0.0,0.0,0.0,8.0,2432.0,157.55,159.67082907680478,161.45129670126343,49.59064327485379,,,,,,SELL,159.32,SELL,70.0,False,True,"['Price is below SMMA20', 'SMMA20 is below SMMA120', 'RSI shows weak momentum']",2026-08-12 18:11:31
RELIABLE,RELIABLE-EQ,140.37,140.37,0.0,0.0,0.0,0.0,0.0,0.0,11.0,21460.0,142.18,143.8289231194253,141.5356339552827,44.44444444444441,,,,,,BUY,153.19,HOLD,10.0,False,True,"['Price is below SMMA20', 'SMMA20 is above SMMA120', 'RSI shows weak momentum']",2026-08-12 18:11:36
TOLINS,TOLINS-EQ,100.6,100.6,0.0,0.0,0.0,0.0,0.0,0.0,5.0,48076.0,101.64,103.48870397495136,111.21529006139475,38.79408418657561,,,,,,NONE,,SELL,70.0,False,True,"['Price is below SMMA20', 'SMMA20 is below SMMA120', 'RSI shows weak momentum']",2026-08-12 18:11:40
GICRE,GICRE-EQ,355.85,355.85,355.85,1099.0,0.0,0.0,1099.0,0.0,26.0,420356.0,355.18,362.5943411167326,374.52267401021794,40.990990990990966,,,,,,SELL,363.7,SELL,70.0,False,True,"['Price is below SMMA20', 'SMMA20 is below SMMA120', 'RSI shows weak momentum']",2026-08-12 18:11:42
SINCLAIR,SINCLAIR-EQ,77.0,77.0,0.0,0.0,0.0,0.0,0.0,0.0,60.0,8944.0,77.01,75.59847954477183,77.40381576780263,64.41314553990611,,,,,,NONE,,HOLD,25.0,False,True,"['Price is above SMMA20', 'SMMA20 is below SMMA120', 'RSI shows healthy bullish momentum']",2026-08-12 18:11:45
VASWANI,VASWANI-EQ,52.07,52.07,0.0,0.0,0.0,0.0,0.0,0.0,31.0,19033.0,52.32,53.46543774450991,55.71486714110443,43.4920634920635,,,,,,SELL,54.11,SELL,70.0,False,True,"['Price is below SMMA20', 'SMMA20 is below SMMA120', 'RSI shows weak momentum']",2026-08-12 18:11:47
PRAKASH,PRAKASH-EQ,122.02,122.02,0.0,0.0,122.02,363.0,0.0,363.0,12.0,607428.0,120.97,129.7037090219292,133.42582404996907,45.54140127388533,,,,,,SELL,123.4,SELL,70.0,False,True,"['Price is below SMMA20', 'SMMA20 is below SMMA120', 'RSI shows weak momentum']",2026-08-12 18:11:50
LTF,LTF-EQ,317.2,317.2,317.2,1504.0,0.0,0.0,1504.0,0.0,94.0,4688109.0,312.74,307.4220591048875,292.03545547891116,59.5959595959596,,,,,,BUY,315.25,BUY,85.0,False,True,"['Price is above SMMA20', 'SMMA20 is above SMMA120', 'RSI shows healthy bullish momentum']",2026-08-12 18:11:52
XTGLOBAL,XTGLOBAL-EQ,31.91,31.91,31.91,756.0,0.0,0.0,756.0,0.0,2.0,65103.0,31.88,30.564370867555873,31.093657011112313,65.45608108108107,,,,,,NONE,,HOLD,25.0,False,True,"['Price is above SMMA20', 'SMMA20 is below SMMA120', 'RSI shows healthy bullish momentum']",2026-08-12 18:11:54
STANLEY,STANLEY-EQ,142.01,142.01,0.0,0.0,0.0,0.0,0.0,0.0,2.0,66790.0,142.82,152.24774092900378,163.31952115045686,25.789068514241748,,,,,,NONE,,SELL,85.0,False,True,"['Price is below SMMA20', 'SMMA20 is below SMMA120', 'RSI is strongly oversold']",2026-08-12 18:11:57
ONWARDTEC,ONWARDTEC-EQ,285.9,285.9,0.0,0.0,0.0,0.0,0.0,0.0,143.0,27332.0,282.75,282.4095436484715,274.39874137720034,47.93621013133209,,,,,,BUY,288.2,HOLD,50.0,False,True,"['Price is above SMMA20', 'SMMA20 is above SMMA120', 'RSI shows weak momentum']",2026-08-12 18:11:59
MODEFENCE,MODEFENCE-EQ,105.7,105.7,0.0,0.0,105.7,1500.0,0.0,1500.0,69.0,1269680.0,105.33,102.98224120802611,94.33435507496007,60.56701030927835,,,,,,NONE,,BUY,85.0,False,True,"['Price is above SMMA20', 'SMMA20 is above SMMA120', 'RSI shows healthy bullish momentum']",2026-08-12 18:12:11
EVINDIA,EVINDIA-EQ,34.16,34.16,34.16,3.0,0.0,0.0,3.0,0.0,17.0,380955.0,34.22,32.26050821098371,30.673138999025905,96.92307692307674,,,,,,NONE,,HOLD,50.0,False,True,"['Price is above SMMA20', 'SMMA20 is above SMMA120', 'RSI is overbought']",2026-08-12 18:12:15
EIEL,EIEL-EQ,203.13,203.13,203.13,262.0,0.0,0.0,262.0,0.0,1.0,2468285.0,203.9,216.1654378884237,194.13076142803763,34.335135135135104,,,,,,NONE,,HOLD,10.0,False,True,"['Price is below SMMA20', 'SMMA20 is above SMMA120', 'RSI shows weak momentum']",2026-08-12 18:12:56
ARKADE,ARKADE-EQ,129.66,129.66,0.0,0.0,129.66,550.0,0.0,550.0,8450.0,924444.0,128.68,132.3261750808519,123.10181191264056,31.910569105691067,,,,,,BUY,131.94,HOLD,10.0,False,True,"['Price is below SMMA20', 'SMMA20 is above SMMA120', 'RSI shows weak momentum']",2026-08-12 18:12:58
BANSALWIRE,BANSALWIRE-EQ,323.0,323.0,323.0,1372.0,0.0,0.0,1372.0,0.0,22.0,203013.0,325.95,320.1346272372972,298.2339113197249,59.354838709677395,,,,,,NONE,,BUY,85.0,False,True,"['Price is above SMMA20', 'SMMA20 is above SMMA120', 'RSI shows healthy bullish momentum']",2026-08-12 18:13:01
SPECIALITY,SPECIALITY-EQ,158.38,158.38,0.0,0.0,0.0,0.0,0.0,0.0,7.0,114955.0,160.73,132.92649394241886,113.05723601568116,76.33091727068233,,,,,,NONE,,HOLD,50.0,False,True,"['Price is above SMMA20', 'SMMA20 is above SMMA120', 'RSI is overbought']",2026-08-12 18:13:03
ORIENTHOT,ORIENTHOT-EQ,126.53,126.53,126.53,265.0,0.0,0.0,265.0,0.0,235.0,116457.0,126.79,128.47408298829333,110.05691143195749,48.65771812080537,,,,,,BUY,118.94,HOLD,10.0,False,True,"['Price is below SMMA20', 'SMMA20 is above SMMA120', 'RSI shows weak momentum']",2026-08-12 18:13:05
AWFIS,AWFIS-EQ,274.05,274.05,0.0,0.0,274.05,100.0,0.0,100.0,5.0,230792.0,270.39,288.3026998571838,341.7998019196761,46.481178396071996,,,,,,NONE,,SELL,70.0,False,True,"['Price is below SMMA20', 'SMMA20 is below SMMA120', 'RSI shows weak momentum']",2026-08-12 18:13:08
BBNPNBETF,BBNPNBETF-EQ,58.08,58.08,0.0,0.0,0.0,0.0,0.0,0.0,10.0,1424.0,58.1,57.74254467450144,57.697203152739924,66.6666666666666,,,,,,BUY,58.3,BUY,85.0,False,True,"['Price is above SMMA20', 'SMMA20 is above SMMA120', 'RSI shows healthy bullish momentum']",2026-08-12 18:13:10
NOCIL,NOCIL-EQ,163.44,163.44,0.0,0.0,163.44,510.0,0.0,510.0,20.0,520337.0,163.78,168.27300770009114,159.75088661656656,51.38455132209034,,,,,,NONE,,HOLD,10.0,False,True,"['Price is below SMMA20', 'SMMA20 is above SMMA120', 'RSI shows mild bullish momentum']",2026-08-12 18:13:12
GSEC10ABSL,GSEC10ABSL-EQ,113.27,113.27,0.0,0.0,0.0,0.0,0.0,0.0,25.0,0.0,0.0,112.1896140772601,110.83254948461612,38.27683615819201,,,,,,NONE,,HOLD,50.0,False,True,"['Price is above SMMA20', 'SMMA20 is above SMMA120', 'RSI shows weak momentum']",2026-08-12 18:13:15
SRD,SRD-EQ,40.48,40.48,40.48,1500.0,0.0,0.0,1500.0,0.0,200.0,122292.0,39.25,38.9185044888887,47.481662269504675,64.68926553672313,,,,,,NONE,,HOLD,25.0,False,True,"['Price is above SMMA20', 'SMMA20 is below SMMA120', 'RSI shows healthy bullish momentum']",2026-08-12 18:13:18
UNIECOM,UNIECOM-EQ,92.08,92.08,92.08,22118.0,0.0,0.0,22118.0,0.0,70.0,3575930.0,90.52,86.78050816381099,96.92292002986997,76.98300283286119,,,,,,NONE,,HOLD,10.0,False,True,"['Price is above SMMA20', 'SMMA20 is below SMMA120', 'RSI is overbought']",2026-08-12 18:13:21
MIDHANI,MIDHANI-EQ,408.45,408.45,0.0,0.0,408.45,47435.0,0.0,47435.0,600.0,2359127.0,420.47,412.97402341960077,374.71047312536393,57.06272310045893,,,,,,NONE,,HOLD,25.0,False,True,"['Price is below SMMA20', 'SMMA20 is above SMMA120', 'RSI shows healthy bullish momentum']",2026-08-12 18:13:23
AGIIL,AGIIL-EQ,300.6,300.6,300.6,1904.0,0.0,0.0,1904.0,0.0,425.0,1184916.0,301.59,326.72429934452146,317.5909656635539,32.04715969989286,,,,,,NONE,,HOLD,10.0,False,True,"['Price is below SMMA20', 'SMMA20 is above SMMA120', 'RSI shows weak momentum']",2026-08-12 18:13:29
ORIENTTECH,ORIENTTECH-EQ,260.0,260.0,0.0,0.0,260.0,2849.0,0.0,2849.0,1.0,195705.0,259.56,262.9104515659077,288.71981420265166,52.83886445421829,,,,,,NONE,,SELL,50.0,False,True,"['Price is below SMMA20', 'SMMA20 is below SMMA120', 'RSI shows mild bullish momentum']",2026-08-12 18:13:31
EBANKNIFTY,EBANKNIFTY-EQ,58.32,58.32,0.0,0.0,0.0,0.0,0.0,0.0,10.0,225.0,58.21,57.75695793970133,57.67176017931332,66.82577565632461,,,,,,BUY,58.44,BUY,85.0,False,True,"['Price is above SMMA20', 'SMMA20 is above SMMA120', 'RSI shows healthy bullish momentum']",2026-08-12 18:13:34
ASHIANA,ASHIANA-EQ,380.8,380.8,0.0,0.0,380.8,21.0,0.0,21.0,4.0,114743.0,377.62,379.07245435553193,337.9614916188659,47.76119402985074,,,,,,NONE,,HOLD,50.0,False,True,"['Price is above SMMA20', 'SMMA20 is above SMMA120', 'RSI shows weak momentum']",2026-08-12 18:13:36
SBINEQWETF,SBINEQWETF-EQ,34.01,34.01,0.0,0.0,0.0,0.0,0.0,0.0,144.0,26760.0,33.93,33.532537188996585,32.987147258322814,67.6156583629894,,,,,,BUY,33.81,BUY,85.0,False,True,"['Price is above SMMA20', 'SMMA20 is above SMMA120', 'RSI shows healthy bullish momentum']",2026-08-12 18:13:38
SURAJLTD,SURAJLTD-EQ,218.38,218.38,218.38,36.0,0.0,0.0,36.0,0.0,14.0,153.0,218.81,225.2051762472674,234.08071914160993,34.037496699234225,,,,,,NONE,,SELL,70.0,False,True,"['Price is below SMMA20', 'SMMA20 is below SMMA120', 'RSI shows weak momentum']",2026-08-12 18:13:41
ABGSEC,ABGSEC-EQ,115.15,115.15,0.0,0.0,0.0,0.0,0.0,0.0,1.0,31.0,114.59,113.8665662215881,112.2734448383946,52.16400911161737,,,,,,NONE,,BUY,70.0,False,True,"['Price is above SMMA20', 'SMMA20 is above SMMA120', 'RSI shows mild bullish momentum']",2026-08-12 18:13:43
TOP10ADD,TOP10ADD-EQ,88.46,88.46,88.46,3.0,0.0,0.0,3.0,0.0,64.0,260110.0,88.41,88.11476759271632,91.35858033273423,74.32675044883294,,,,,,NONE,,HOLD,10.0,False,True,"['Price is above SMMA20', 'SMMA20 is below SMMA120', 'RSI is overbought']",2026-08-12 18:13:45
INDOUS,INDOUS-EQ,80.48,80.48,0.0,0.0,0.0,0.0,0.0,0.0,6.0,4864.0,81.03,86.55791277573391,106.07698868203289,26.756756756756772,,,,,,NONE,,SELL,85.0,False,True,"['Price is below SMMA20', 'SMMA20 is below SMMA120', 'RSI is strongly oversold']",2026-08-12 18:13:50
PNCINFRA,PNCINFRA-EQ,223.26,223.26,0.0,0.0,223.26,157.0,0.0,157.0,30.0,993122.0,221.93,232.8492517093927,222.13433531951435,44.33456075749606,,,,,,BUY,236.0,HOLD,10.0,False,True,"['Price is below SMMA20', 'SMMA20 is above SMMA120', 'RSI shows weak momentum']",2026-08-12 18:13:52
THOMASCOOK,THOMASCOOK-EQ,107.08,107.08,0.0,0.0,107.08,223.0,0.0,223.0,1.0,1269201.0,107.33,103.93273106110401,109.82136675972562,62.207838906867984,,,,,,NONE,,HOLD,25.0,False,True,"['Price is above SMMA20', 'SMMA20 is below SMMA120', 'RSI shows healthy bullish momentum']",2026-08-12 18:13:55
ROML,ROML-EQ,44.82,44.82,0.0,0.0,44.82,100.0,0.0,100.0,19.0,610.0,44.82,45.02439912338078,45.42436565844564,54.54545454545452,,,,,,SELL,44.68,SELL,50.0,False,True,"['Price is below SMMA20', 'SMMA20 is below SMMA120', 'RSI shows mild bullish momentum']",2026-08-12 18:13:57
MOMOMENTUM,MOMOMENTUM-EQ,63.21,63.21,0.0,0.0,0.0,0.0,0.0,0.0,31.0,23102.0,63.31,62.000084553012485,61.752663620403524,71.7539863325741,,,,,,BUY,62.4,HOLD,50.0,False,True,"['Price is above SMMA20', 'SMMA20 is above SMMA120', 'RSI is overbought']",2026-08-12 18:14:00
VSTIND,VSTIND-EQ,218.2,218.2,218.2,76.0,0.0,0.0,76.0,0.0,74.0,136143.0,218.34,235.13323313640166,241.98705936545807,34.91915422885569,,,,,,SELL,221.5,SELL,70.0,False,True,"['Price is below SMMA20', 'SMMA20 is below SMMA120', 'RSI shows weak momentum']",2026-08-12 18:14:04
XELPMOC,XELPMOC-EQ,79.78,79.78,0.0,0.0,0.0,0.0,0.0,0.0,14.0,10695.0,80.47,84.22413126203382,105.92188160216496,52.05647636586864,,,,,,NONE,,SELL,50.0,False,True,"['Price is below SMMA20', 'SMMA20 is below SMMA120', 'RSI shows mild bullish momentum']",2026-08-12 18:14:08
OBCL,OBCL-EQ,53.0,53.0,0.0,0.0,0.0,0.0,0.0,0.0,61.0,52099.0,52.76,53.76908502721966,55.028300538419,48.84696016771489,,,,,,SELL,53.77,SELL,70.0,False,True,"['Price is below SMMA20', 'SMMA20 is below SMMA120', 'RSI shows weak momentum']",2026-08-12 18:14:10
MEGASTAR,MEGASTAR-EQ,319.95,319.95,0.0,0.0,319.95,460.0,0.0,460.0,40.0,7978.0,319.89,333.4893772708457,282.24434593717854,31.73216885007278,,,,,,NONE,,HOLD,10.0,False,True,"['Price is below SMMA20', 'SMMA20 is above SMMA120', 'RSI shows weak momentum']",2026-08-12 18:14:18
SAIL,SAIL-EQ,174.0,174.0,0.0,0.0,174.0,4275.0,0.0,4275.0,173.0,18936094.0,173.62,171.56348945957038,164.7256423825662,68.10975609756093,,,,,,NONE,,BUY,85.0,False,True,"['Price is above SMMA20', 'SMMA20 is above SMMA120', 'RSI shows healthy bullish momentum']",2026-08-12 18:14:20
LXCHEM,LXCHEM-EQ,172.85,172.85,172.85,377.0,0.0,0.0,377.0,0.0,50.0,490815.0,173.42,171.6681664084096,152.49037382332514,41.943693335454114,,,,,,NONE,,HOLD,50.0,False,True,"['Price is above SMMA20', 'SMMA20 is above SMMA120', 'RSI shows weak momentum']",2026-08-12 18:14:26
LICMFGOLD,LICMFGOLD-EQ,137.55,137.55,137.55,400.0,0.0,0.0,400.0,0.0,32.0,41420.0,137.52,131.11714619414192,132.98582620904386,79.99999999999996,,,,,,SELL,125.7,HOLD,10.0,False,True,"['Price is above SMMA20', 'SMMA20 is below SMMA120', 'RSI is overbought']",2026-08-12 18:14:30
THOMASCOTT,THOMASCOTT-EQ,337.5,337.5,0.0,0.0,0.0,0.0,0.0,0.0,3.0,52371.0,336.48,309.7918222979662,300.31068019151303,67.92027077848815,,,,,,BUY,324.9,BUY,85.0,False,True,"['Price is above SMMA20', 'SMMA20 is above SMMA120', 'RSI shows healthy bullish momentum']",2026-08-12 18:14:32
RHIM,RHIM-EQ,385.9,385.9,0.0,0.0,385.9,5465.0,0.0,5465.0,500.0,5130721.0,396.13,399.2699559235,408.9666990563448,45.40719696969695,,,,,,NONE,,SELL,70.0,False,True,"['Price is below SMMA20', 'SMMA20 is below SMMA120', 'RSI shows weak momentum']",2026-08-12 18:14:35
TTML,TTML-EQ,38.17,38.17,0.0,0.0,0.0,0.0,0.0,0.0,492.0,1103045.0,38.35,40.595638496880824,42.8103514472459,35.5294117647059,,,,,,NONE,,SELL,70.0,False,True,"['Price is below SMMA20', 'SMMA20 is below SMMA120', 'RSI shows weak momentum']",2026-08-12 18:14:38
ARVEE,ARVEE-EQ,177.24,177.24,0.0,0.0,177.24,7.0,0.0,7.0,20.0,17422.0,183.21,160.87622454059436,168.09513934968422,67.73283160865476,,,,,,NONE,,HOLD,25.0,False,True,"['Price is above SMMA20', 'SMMA20 is below SMMA120', 'RSI shows healthy bullish momentum']",2026-08-12 18:14:41
JTLIND,JTLIND-EQ,75.44,75.44,75.44,21.0,0.0,0.0,21.0,0.0,1000.0,1019870.0,76.07,75.68404850447283,68.36037496641933,59.97506234413966,,,,,,NONE,,HOLD,25.0,False,True,"['Price is below SMMA20', 'SMMA20 is above SMMA120', 'RSI shows healthy bullish momentum']",2026-08-12 18:14:46
LINC,LINC-EQ,98.34,98.34,0.0,0.0,98.34,500.0,0.0,500.0,316.0,19459.0,98.05,103.33196430637402,105.41850906866092,33.195307108350576,,,,,,SELL,102.83,SELL,70.0,False,True,"['Price is below SMMA20', 'SMMA20 is below SMMA120', 'RSI shows weak momentum']",2026-08-12 18:14:49
QMSMEDI,QMSMEDI-EQ,126.97,126.97,0.0,0.0,0.0,0.0,0.0,0.0,6.0,108120.0,122.31,108.49363139270527,93.14819701960958,74.7784594410361,,,,,,NONE,,HOLD,50.0,False,True,"['Price is above SMMA20', 'SMMA20 is above SMMA120', 'RSI is overbought']",2026-08-12 18:14:51
CORALFINAC,CORALFINAC-EQ,32.86,32.86,0.0,0.0,32.86,1816.0,0.0,1816.0,15.0,171223.0,33.33,32.88334123477299,34.019542572908115,62.46575342465751,,,,,,NONE,,HOLD,35.0,False,True,"['Price is below SMMA20', 'SMMA20 is below SMMA120', 'RSI shows healthy bullish momentum']",2026-08-12 18:14:53
PAR,PAR-EQ,103.14,103.14,0.0,0.0,0.0,0.0,0.0,0.0,31.0,16121.0,102.22,96.3281677327559,93.50327500871671,65.06410256410257,,,,,,BUY,100.21,BUY,85.0,False,True,"['Price is above SMMA20', 'SMMA20 is above SMMA120', 'RSI shows healthy bullish momentum']",2026-08-12 18:14:56
SILVER360,SILVER360-EQ,232.06,232.06,0.0,0.0,0.0,0.0,0.0,0.0,1452.0,61118.0,230.25,222.98662385007378,237.0562581234187,72.14517556801415,,,,,,SELL,221.67,HOLD,10.0,False,True,"['Price is above SMMA20', 'SMMA20 is below SMMA120', 'RSI is overbought']",2026-08-12 18:14:59
SAPPHIRE,SAPPHIRE-EQ,231.74,231.74,0.0,0.0,231.74,3048.0,0.0,3048.0,5.0,3516974.0,233.28,193.63233454920268,194.32477642147845,75.68962095653899,,,,,,NONE,,HOLD,10.0,False,True,"['Price is above SMMA20', 'SMMA20 is below SMMA120', 'RSI is overbought']",2026-08-12 18:15:03
SBIETFPB,SBIETFPB-EQ,280.02,280.02,0.0,0.0,0.0,0.0,0.0,0.0,3.0,3321.0,279.11,281.5359156371773,280.6725142244996,49.099937926753505,,,,,,BUY,285.29,HOLD,10.0,False,True,"['Price is below SMMA20', 'SMMA20 is above SMMA120', 'RSI shows weak momentum']",2026-08-12 18:15:05
MIRZAINT,MIRZAINT-EQ,32.16,32.16,32.16,67.0,0.0,0.0,67.0,0.0,5099.0,124656.0,32.32,34.29480031672026,34.08934668387618,24.849397590361377,,,,,,BUY,37.42,HOLD,25.0,False,True,"['Price is below SMMA20', 'SMMA20 is above SMMA120', 'RSI is strongly oversold']",2026-08-12 18:15:08
MANUFGBEES,MANUFGBEES-EQ,166.94,166.94,166.94,58.0,0.0,0.0,58.0,0.0,1.0,4435.0,166.47,161.94500274775845,155.93853118464713,69.82248520710057,,,,,,NONE,,BUY,85.0,False,True,"['Price is above SMMA20', 'SMMA20 is above SMMA120', 'RSI shows healthy bullish momentum']",2026-08-12 18:15:10
MONQ50,MONQ50-EQ,148.2,148.2,148.2,25023.0,0.0,0.0,25023.0,0.0,8.0,10197.0,148.2,142.2612900040902,120.31334335051415,62.855871886121,,,,,,NONE,,BUY,85.0,False,True,"['Price is above SMMA20', 'SMMA20 is above SMMA120', 'RSI shows healthy bullish momentum']",2026-08-12 18:15:13
MOMGF,MOMGF-EQ,165.54,165.54,0.0,0.0,0.0,0.0,0.0,0.0,43.0,898.0,166.05,161.25375396516353,155.11258456509225,67.56126021003502,,,,,,NONE,,BUY,85.0,False,True,"['Price is above SMMA20', 'SMMA20 is above SMMA120', 'RSI shows healthy bullish momentum']",2026-08-12 18:15:15
BPL,BPL-EQ,52.86,52.86,52.86,2.0,0.0,0.0,2.0,0.0,6.0,38094.0,52.95,54.33531399379312,55.004796569530434,38.42364532019707,,,,,,SELL,52.74,SELL,70.0,False,True,"['Price is below SMMA20', 'SMMA20 is below SMMA120', 'RSI shows weak momentum']",2026-08-12 18:15:21
BANKINDIA,BANKINDIA-EQ,145.5,145.5,0.0,0.0,145.5,180.0,0.0,180.0,20.0,8946785.0,144.88,142.27180315331248,147.94360334259457,56.4743848325938,,,,,,NONE,,HOLD,25.0,False,True,"['Price is above SMMA20', 'SMMA20 is below SMMA120', 'RSI shows healthy bullish momentum']",2026-08-12 18:15:24
ZEEL,ZEEL-EQ,97.52,97.52,97.52,513159.0,0.0,0.0,513159.0,0.0,200.0,45453756.0,95.16,101.48811661679422,92.75136000487622,44.00162667751118,,,,,,NONE,,HOLD,10.0,False,True,"['Price is below SMMA20', 'SMMA20 is above SMMA120', 'RSI shows weak momentum']",2026-08-12 18:15:27
JAYAGROGN,JAYAGROGN-EQ,210.37,210.37,210.37,200.0,0.0,0.0,200.0,0.0,10.0,8449.0,213.28,219.01825536157898,201.44604582044124,38.47454760696772,,,,,,NONE,,HOLD,10.0,False,True,"['Price is below SMMA20', 'SMMA20 is above SMMA120', 'RSI shows weak momentum']",2026-08-12 18:15:39
ETERNAL,ETERNAL-EQ,314.05,314.05,314.05,2687.0,0.0,0.0,2687.0,0.0,8.0,19976751.0,314.85,291.4311166846762,268.4798170592205,66.42685851318944,,,,,,BUY,292.45,BUY,85.0,False,True,"['Price is above SMMA20', 'SMMA20 is above SMMA120', 'RSI shows healthy bullish momentum']",2026-08-12 18:15:41
EVIETF,EVIETF-EQ,34.19,34.19,0.0,0.0,0.0,0.0,0.0,0.0,150.0,194476.0,34.17,32.296946784610995,30.724057078235738,88.35820895522389,,,,,,BUY,30.89,HOLD,50.0,False,True,"['Price is above SMMA20', 'SMMA20 is above SMMA120', 'RSI is overbought']",2026-08-12 18:15:47
NRBBEARING,NRBBEARING-EQ,461.65,461.65,0.0,0.0,461.65,1293.0,0.0,1293.0,1.0,557944.0,457.67,422.53071214670746,329.7232256460974,68.99031811894882,,,,,,NONE,,BUY,85.0,False,True,"['Price is above SMMA20', 'SMMA20 is above SMMA120', 'RSI shows healthy bullish momentum']",2026-08-12 18:15:53
EFCIL,EFCIL-EQ,178.02,178.02,0.0,0.0,0.0,0.0,0.0,0.0,50.0,449243.0,178.61,190.1535936757479,217.03487799217922,29.469307899241883,,,,,,NONE,,SELL,85.0,False,True,"['Price is below SMMA20', 'SMMA20 is below SMMA120', 'RSI is strongly oversold']",2026-08-12 18:15:56
BANKNIFTY1,BANKNIFTY1-EQ,60.15,60.15,0.0,0.0,0.0,0.0,0.0,0.0,489.0,183539.0,59.95,59.4292277020091,59.29839864945468,66.23711340206188,,,,,,BUY,60.35,BUY,85.0,False,True,"['Price is above SMMA20', 'SMMA20 is above SMMA120', 'RSI shows healthy bullish momentum']",2026-08-12 18:15:58
FINOPB,FINOPB-EQ,160.46,160.46,0.0,0.0,160.46,1620.0,0.0,1620.0,150.0,374355.0,161.57,155.54302879264122,174.79169865118226,34.937106918238996,,,,,,NONE,,HOLD,10.0,False,True,"['Price is above SMMA20', 'SMMA20 is below SMMA120', 'RSI shows weak momentum']",2026-08-12 18:16:00
BELLACASA,BELLACASA-EQ,241.74,241.74,0.0,0.0,0.0,0.0,0.0,0.0,1.0,5537.0,241.29,245.26952148625247,280.68496745645183,44.397092003008275,,,,,,NONE,,SELL,70.0,False,True,"['Price is below SMMA20', 'SMMA20 is below SMMA120', 'RSI shows weak momentum']",2026-08-12 18:16:03
CESC,CESC-EQ,162.43,162.43,0.0,0.0,162.43,4461.0,0.0,4461.0,1000.0,720532.0,161.5,165.9104492828862,165.05059490488307,49.19923126201154,,,,,,NONE,,HOLD,10.0,False,True,"['Price is below SMMA20', 'SMMA20 is above SMMA120', 'RSI shows weak momentum']",2026-08-12 18:16:05
FISCHER,FISCHER-EQ,37.66,37.66,37.66,10000.0,0.0,0.0,10000.0,0.0,10.0,946216.0,37.84,37.86749212572719,38.450571034777845,44.26377597109303,,,,,,NONE,,SELL,70.0,False,True,"['Price is below SMMA20', 'SMMA20 is below SMMA120', 'RSI shows weak momentum']",2026-08-12 18:16:08
KTKBANK,KTKBANK-EQ,313.7,313.7,313.7,314.0,0.0,0.0,314.0,0.0,6.0,3017208.0,310.46,283.27828898939043,240.52382183461023,69.93749999999999,,,,,,NONE,,BUY,85.0,False,True,"['Price is above SMMA20', 'SMMA20 is above SMMA120', 'RSI shows healthy bullish momentum']",2026-08-12 18:16:14
SONAMLTD,SONAMLTD-EQ,54.7,54.7,54.7,785.0,0.0,0.0,785.0,0.0,102.0,39735.0,55.83,54.5133492304891,50.244082803736305,56.44391408114557,,,,,,NONE,,BUY,85.0,False,True,"['Price is above SMMA20', 'SMMA20 is above SMMA120', 'RSI shows healthy bullish momentum']",2026-08-12 18:16:19
GROWWCHEM,GROWWCHEM-EQ,30.48,30.48,0.0,0.0,0.0,0.0,0.0,0.0,100.0,30661.0,30.51,30.064625949396333,28.59918757329793,55.73333333333334,,,,,,NONE,,BUY,85.0,False,True,"['Price is above SMMA20', 'SMMA20 is above SMMA120', 'RSI shows healthy bullish momentum']",2026-08-12 18:16:22
GROWWDEFNC,GROWWDEFNC-EQ,96.33,96.33,0.0,0.0,0.0,0.0,0.0,0.0,6.0,161249.0,96.0,93.9207975473412,85.98784185357611,58.215962441314595,,,,,,NONE,,BUY,85.0,False,True,"['Price is above SMMA20', 'SMMA20 is above SMMA120', 'RSI shows healthy bullish momentum']",2026-08-12 18:16:39
VINCOFE,VINCOFE-EQ,146.42,146.42,146.42,716.0,0.0,0.0,716.0,0.0,20.0,1172226.0,148.07,152.9431188502141,147.8804280447197,38.53481515082783,,,,,,BUY,152.16,HOLD,10.0,False,True,"['Price is below SMMA20', 'SMMA20 is above SMMA120', 'RSI shows weak momentum']",2026-08-12 18:16:43
ABCOTS,ABCOTS-EQ,199.14,199.14,0.0,0.0,199.14,3.0,0.0,3.0,14.0,4577.0,199.77,210.80308961822297,315.56641288751786,46.016166281755225,,,,,,NONE,,SELL,70.0,False,True,"['Price is below SMMA20', 'SMMA20 is below SMMA120', 'RSI shows weak momentum']",2026-08-12 18:16:48
EPACKPEB,EPACKPEB-EQ,236.4,236.4,236.4,2279.0,0.0,0.0,2279.0,0.0,450.0,893994.0,239.43,246.26388024045872,220.65372159465537,46.76920100599729,,,,,,BUY,268.98,HOLD,10.0,False,True,"['Price is below SMMA20', 'SMMA20 is above SMMA120', 'RSI shows weak momentum']",2026-08-12 18:16:50
BMWVENTLTD,BMWVENTLTD-EQ,58.52,58.52,0.0,0.0,58.52,619.0,0.0,619.0,66.0,43361.0,58.4,58.47709013742241,58.534407221883946,53.47079037800686,,,,,,SELL,57.71,HOLD,10.0,False,True,"['Price is above SMMA20', 'SMMA20 is below SMMA120', 'RSI shows mild bullish momentum']",2026-08-12 18:16:53
CMSINFO,CMSINFO-EQ,255.6,255.6,0.0,0.0,255.6,182.0,0.0,182.0,10.0,1333828.0,255.73,276.8516683923892,302.13358295476684,40.393794749403355,,,,,,NONE,,SELL,70.0,False,True,"['Price is below SMMA20', 'SMMA20 is below SMMA120', 'RSI shows weak momentum']",2026-08-12 18:16:57
NEXT50ETF,NEXT50ETF-EQ,75.37,75.37,75.37,303.0,0.0,0.0,303.0,0.0,500.0,20182.0,75.2,73.23852552962414,70.07117099048072,66.91823899371064,,,,,,NONE,,BUY,85.0,False,True,"['Price is above SMMA20', 'SMMA20 is above SMMA120', 'RSI shows healthy bullish momentum']",2026-08-12 18:16:59
ROTO,ROTO-EQ,67.04,67.04,67.04,324.0,0.0,0.0,324.0,0.0,176.0,365660.0,67.31,66.97935968919225,62.338398938457985,49.31437277805994,,,,,,BUY,65.16,HOLD,50.0,False,True,"['Price is above SMMA20', 'SMMA20 is above SMMA120', 'RSI shows weak momentum']",2026-08-12 18:17:02
LICI,LICI-EQ,417.0,417.0,0.0,0.0,417.0,103829.0,0.0,103829.0,4.0,20957554.0,411.56,416.816170923766,414.7472348115747,47.081497797356846,,,,,,BUY,431.25,HOLD,50.0,False,True,"['Price is above SMMA20', 'SMMA20 is above SMMA120', 'RSI shows weak momentum']",2026-08-12 18:17:04
DHAMPURSUG,DHAMPURSUG-EQ,159.23,159.23,0.0,0.0,159.23,54.0,0.0,54.0,102.0,462905.0,159.94,145.47238448229925,134.36393561491215,70.68672652268864,,,,,,NONE,,HOLD,50.0,False,True,"['Price is above SMMA20', 'SMMA20 is above SMMA120', 'RSI is overbought']",2026-08-12 18:17:06
GAEL,GAEL-EQ,165.36,165.36,0.0,0.0,165.36,278.0,0.0,278.0,3.0,583895.0,166.83,161.8262482474475,147.5077529043098,68.06780595369352,,,,,,NONE,,BUY,85.0,False,True,"['Price is above SMMA20', 'SMMA20 is above SMMA120', 'RSI shows healthy bullish momentum']",2026-08-12 18:17:09
TNIDETF,TNIDETF-EQ,90.66,90.66,90.66,73.0,0.0,0.0,73.0,0.0,2.0,87448.0,90.43,86.01073116633687,86.33310014622654,75.55898226676948,,,,,,NONE,,HOLD,10.0,False,True,"['Price is above SMMA20', 'SMMA20 is below SMMA120', 'RSI is overbought']",2026-08-12 18:17:11
SHADOWFAX,SHADOWFAX-EQ,247.39,247.39,0.0,0.0,247.39,2.0,0.0,2.0,75.0,4161609.0,248.33,224.0468458087393,170.28563748741865,69.32260228034873,,,,,,NONE,,BUY,85.0,False,True,"['Price is above SMMA20', 'SMMA20 is above SMMA120', 'RSI shows healthy bullish momentum']",2026-08-12 18:17:18
ALGOQUANT,ALGOQUANT-EQ,67.28,67.28,0.0,0.0,67.28,1.0,0.0,1.0,10.0,971650.0,67.22,63.798572469290775,59.46535536652223,56.825153374233146,,,,,,BUY,64.55,BUY,85.0,False,True,"['Price is above SMMA20', 'SMMA20 is above SMMA120', 'RSI shows healthy bullish momentum']",2026-08-12 18:17:20
TBZ,TBZ-EQ,236.9,236.9,236.9,10520.0,0.0,0.0,10520.0,0.0,100.0,4748902.0,248.52,241.97717733468124,177.36195697994216,40.02278973121523,,,,,,BUY,166.09,HOLD,10.0,False,True,"['Price is below SMMA20', 'SMMA20 is above SMMA120', 'RSI shows weak momentum']",2026-08-12 18:17:23
DEVX,DEVX-EQ,34.99,34.99,0.0,0.0,0.0,0.0,0.0,0.0,146.0,94481.0,35.38,35.043876269872094,38.14764974268311,59.99999999999994,,,,,,NONE,,HOLD,35.0,False,True,"['Price is below SMMA20', 'SMMA20 is below SMMA120', 'RSI shows healthy bullish momentum']",2026-08-12 18:17:28
BANKA,BANKA-EQ,84.64,84.64,0.0,0.0,0.0,0.0,0.0,0.0,1051.0,7278.0,83.51,87.92441016533253,73.97274040494739,45.45454545454545,,,,,,NONE,,HOLD,10.0,False,True,"['Price is below SMMA20', 'SMMA20 is above SMMA120', 'RSI shows weak momentum']",2026-08-12 18:17:31
CANHLIFE,CANHLIFE-EQ,147.6,147.6,147.6,14.0,0.0,0.0,14.0,0.0,500.0,388552.0,148.22,146.49543338257118,143.39253741071295,42.154713435640474,,,,,,BUY,149.74,HOLD,50.0,False,True,"['Price is above SMMA20', 'SMMA20 is above SMMA120', 'RSI shows weak momentum']",2026-08-12 18:17:33
JARO,JARO-EQ,444.4,444.4,444.4,535.0,0.0,0.0,535.0,0.0,10.0,56568.0,441.2,483.8556055158171,481.9599490871381,39.517937219730925,,,,,,NONE,,HOLD,10.0,False,True,"['Price is below SMMA20', 'SMMA20 is above SMMA120', 'RSI shows weak momentum']",2026-08-12 18:17:36
UTLSOLAR,UTLSOLAR-EQ,389.0,389.0,389.0,270.0,0.0,0.0,270.0,0.0,32.0,331296.0,388.06,363.62722954068215,270.55321432146405,57.36040609137057,,,,,,NONE,,BUY,85.0,False,True,"['Price is above SMMA20', 'SMMA20 is above SMMA120', 'RSI shows healthy bullish momentum']",2026-08-12 18:17:38
PATELRMART,PATELRMART-EQ,220.18,220.18,0.0,0.0,220.18,354.0,0.0,354.0,100.0,254931.0,224.97,219.12235055545707,201.1532218954832,47.26003490401398,,,,,,NONE,,HOLD,50.0,False,True,"['Price is above SMMA20', 'SMMA20 is above SMMA120', 'RSI shows weak momentum']",2026-08-12 18:17:41
HAPPSTMNDS,HAPPSTMNDS-EQ,390.0,390.0,0.0,0.0,390.0,78.0,0.0,78.0,15.0,583657.0,388.98,379.1097035459372,391.28813750379254,64.23957721667645,,,,,,NONE,,HOLD,25.0,False,True,"['Price is above SMMA20', 'SMMA20 is below SMMA120', 'RSI shows healthy bullish momentum']",2026-08-12 18:17:43
CLSEL,CLSEL-EQ,283.65,283.65,0.0,0.0,0.0,0.0,0.0,0.0,35.0,67158.0,279.1,282.89458032151333,269.2936710845089,53.728294177732366,,,,,,NONE,,BUY,70.0,False,True,"['Price is above SMMA20', 'SMMA20 is above SMMA120', 'RSI shows mild bullish momentum']",2026-08-12 18:17:45
INDOFARM,INDOFARM-EQ,148.9,148.9,0.0,0.0,148.9,27.0,0.0,27.0,82.0,138216.0,148.21,152.60511706940554,152.11653494659762,45.558086560364465,,,,,,BUY,162.74,HOLD,10.0,False,True,"['Price is below SMMA20', 'SMMA20 is above SMMA120', 'RSI shows weak momentum']",2026-08-12 18:17:49
VESUVIUS,VESUVIUS-EQ,456.95,456.95,0.0,0.0,456.95,188.0,0.0,188.0,16.0,73515.0,458.77,459.436767727687,475.75608562232514,55.0632911392405,,,,,,NONE,,HOLD,35.0,False,True,"['Price is below SMMA20', 'SMMA20 is below SMMA120', 'RSI shows healthy bullish momentum']",2026-08-12 18:17:52
SNOWMAN,SNOWMAN-EQ,39.12,39.12,39.12,1306.0,0.0,0.0,1306.0,0.0,40.0,165926.0,38.65,37.98878719802427,38.58240251920422,70.22809123649458,,,,,,NONE,,HOLD,10.0,False,True,"['Price is above SMMA20', 'SMMA20 is below SMMA120', 'RSI is overbought']",2026-08-12 18:17:54
ONEPOINT,ONEPOINT-EQ,59.99,59.99,59.99,29523.0,0.0,0.0,29523.0,0.0,80.0,1859092.0,60.02,56.949779569974496,53.86301494785201,78.35249042145595,,,,,,NONE,,HOLD,50.0,False,True,"['Price is above SMMA20', 'SMMA20 is above SMMA120', 'RSI is overbought']",2026-08-12 18:17:56
GOLD360,GOLD360-EQ,149.4,149.4,0.0,0.0,0.0,0.0,0.0,0.0,232.0,13283.0,149.07,142.09730219357488,143.96440572821726,79.12772585669794,,,,,,SELL,139.2,HOLD,10.0,False,True,"['Price is above SMMA20', 'SMMA20 is below SMMA120', 'RSI is overbought']",2026-08-12 18:17:59
BHAGCHEM,BHAGCHEM-EQ,280.35,280.35,280.35,37.0,0.0,0.0,37.0,0.0,56.0,40688.0,281.73,275.43649555774584,240.48698645534293,63.320941759603464,,,,,,NONE,,BUY,85.0,False,True,"['Price is above SMMA20', 'SMMA20 is above SMMA120', 'RSI shows healthy bullish momentum']",2026-08-12 18:18:01
TIRUMALCHM,TIRUMALCHM-EQ,160.72,160.72,0.0,0.0,160.72,19.0,0.0,19.0,10.0,212072.0,161.19,172.0189268053846,191.06777378801718,42.86580436540016,,,,,,NONE,,SELL,70.0,False,True,"['Price is below SMMA20', 'SMMA20 is below SMMA120', 'RSI shows weak momentum']",2026-08-12 18:18:04
PRABHA,PRABHA-EQ,158.6,158.6,158.6,3.0,0.0,0.0,3.0,0.0,8.0,40444.0,159.68,152.2427820546102,159.6665554353487,85.3130929791272,,,,,,NONE,,HOLD,10.0,False,True,"['Price is above SMMA20', 'SMMA20 is below SMMA120', 'RSI is overbought']",2026-08-12 18:18:07
5PAISA,5PAISA-EQ,387.05,387.05,0.0,0.0,387.05,49.0,0.0,49.0,2.0,70773.0,385.67,360.2345069138763,335.52746369247797,60.64690026954179,,,,,,BUY,355.95,BUY,85.0,False,True,"['Price is above SMMA20', 'SMMA20 is above SMMA120', 'RSI shows healthy bullish momentum']",2026-08-12 18:18:09
NIFTYIETF,NIFTYIETF-EQ,276.8,276.8,0.0,0.0,0.0,0.0,0.0,0.0,50.0,496268.0,276.28,273.9904479018166,276.4284489920205,72.54521963824293,,,,,,NONE,,HOLD,10.0,False,True,"['Price is above SMMA20', 'SMMA20 is below SMMA120', 'RSI is overbought']",2026-08-12 18:18:11
GOCLCORP,GOCLCORP-EQ,431.8,431.8,0.0,0.0,431.8,1.0,0.0,1.0,3.0,148130.0,436.15,402.3377652771382,327.40929862507124,70.55063913470993,,,,,,NONE,,HOLD,50.0,False,True,"['Price is above SMMA20', 'SMMA20 is above SMMA120', 'RSI is overbought']",2026-08-12 18:18:14
FDC,FDC-EQ,353.75,353.75,0.0,0.0,353.75,75.0,0.0,75.0,5.0,150265.0,355.97,397.10594397568093,385.99454455618775,25.937183383991908,,,,,,BUY,378.9,HOLD,25.0,False,True,"['Price is below SMMA20', 'SMMA20 is above SMMA120', 'RSI is strongly oversold']",2026-08-12 18:18:18
TRIGYN,TRIGYN-EQ,55.92,55.92,0.0,0.0,55.92,68.0,0.0,68.0,200.0,57252.0,55.93,54.45937248056155,56.6376801041506,60.063224446786094,,,,,,NONE,,HOLD,25.0,False,True,"['Price is above SMMA20', 'SMMA20 is below SMMA120', 'RSI shows healthy bullish momentum']",2026-08-12 18:18:22
TRANSRAILL,TRANSRAILL-EQ,467.05,467.05,0.0,0.0,0.0,0.0,0.0,0.0,1.0,318603.0,468.17,495.0975879388028,522.3128423277278,43.14595660749508,,,,,,NONE,,SELL,70.0,False,True,"['Price is below SMMA20', 'SMMA20 is below SMMA120', 'RSI shows weak momentum']",2026-08-12 18:18:25
UNIONGOLD,UNIONGOLD-EQ,149.9,149.9,0.0,0.0,0.0,0.0,0.0,0.0,100.0,6567.0,149.05,142.4337995416331,144.43483093974965,75.40983606557367,,,,,,SELL,136.3,HOLD,10.0,False,True,"['Price is above SMMA20', 'SMMA20 is below SMMA120', 'RSI is overbought']",2026-08-12 18:18:27
COASTCORP,COASTCORP-EQ,41.65,41.65,0.0,0.0,0.0,0.0,0.0,0.0,10.0,92744.0,41.91,49.02848362929763,49.115978143863245,19.20684292379471,,,,,,SELL,42.25,SELL,85.0,False,True,"['Price is below SMMA20', 'SMMA20 is below SMMA120', 'RSI is strongly oversold']",2026-08-12 18:18:29
SINTERCOM,SINTERCOM-EQ,82.95,82.95,0.0,0.0,82.95,72.0,0.0,72.0,64.0,20233.0,80.88,80.84069126022368,84.16665675125077,52.71375464684014,,,,,,NONE,,HOLD,10.0,False,True,"['Price is above SMMA20', 'SMMA20 is below SMMA120', 'RSI shows mild bullish momentum']",2026-08-12 18:18:32
WEIZMANIND,WEIZMANIND-EQ,77.94,77.94,77.94,20.0,0.0,0.0,20.0,0.0,28.0,888.0,77.9,79.547325810709,84.24966178610354,52.00823892893924,,,,,,NONE,,SELL,50.0,False,True,"['Price is below SMMA20', 'SMMA20 is below SMMA120', 'RSI shows mild bullish momentum']",2026-08-12 18:18:34
NIF100BEES,NIF100BEES-EQ,271.56,271.56,271.56,5.0,0.0,0.0,5.0,0.0,51.0,34616.0,271.24,267.962685691744,268.0654385671783,67.48366013071904,,,,,,NONE,,HOLD,25.0,False,True,"['Price is above SMMA20', 'SMMA20 is below SMMA120', 'RSI shows healthy bullish momentum']",2026-08-12 18:18:38
INDUSTOWER,INDUSTOWER-EQ,383.4,383.4,383.4,6209.0,0.0,0.0,6209.0,0.0,15.0,10079537.0,376.54,394.2948761387479,419.0922888993945,43.89480275516593,,,,,,NONE,,SELL,70.0,False,True,"['Price is below SMMA20', 'SMMA20 is below SMMA120', 'RSI shows weak momentum']",2026-08-12 18:18:44
AUSOMENT,AUSOMENT-EQ,141.4,141.4,0.0,0.0,141.4,132.0,0.0,132.0,1.0,5842.0,139.97,131.42465758124348,120.30448578086992,72.1572794899044,,,,,,NONE,,HOLD,50.0,False,True,"['Price is above SMMA20', 'SMMA20 is above SMMA120', 'RSI is overbought']",2026-08-12 18:18:46
ZODIACLOTH,ZODIACLOTH-EQ,77.13,77.13,0.0,0.0,0.0,0.0,0.0,0.0,2.0,8032.0,77.32,77.36254841495575,78.42335745969461,56.912028725314144,,,,,,NONE,,HOLD,35.0,False,True,"['Price is below SMMA20', 'SMMA20 is below SMMA120', 'RSI shows healthy bullish momentum']",2026-08-12 18:18:49
DCMSRIND,DCMSRIND-EQ,42.98,42.98,0.0,0.0,42.98,990.0,0.0,990.0,10.0,87842.0,42.89,41.0343461253292,49.65226654535273,64.32532347504616,,,,,,NONE,,HOLD,25.0,False,True,"['Price is above SMMA20', 'SMMA20 is below SMMA120', 'RSI shows healthy bullish momentum']",2026-08-12 18:18:51
MOPSE,MOPSE-EQ,100.27,100.27,0.0,0.0,0.0,0.0,0.0,0.0,1.0,11006.0,100.64,101.39535166287583,102.20228878373021,42.30769230769233,,,,,,SELL,101.02,SELL,70.0,False,True,"['Price is below SMMA20', 'SMMA20 is below SMMA120', 'RSI shows weak momentum']",2026-08-12 18:18:54
BRIGHOTEL,BRIGHOTEL-EQ,59.41,59.41,0.0,0.0,59.41,756.0,0.0,756.0,100.0,46061.0,59.85,61.614809136732525,63.1089348726447,37.277353689567406,,,,,,NONE,,SELL,70.0,False,True,"['Price is below SMMA20', 'SMMA20 is below SMMA120', 'RSI shows weak momentum']",2026-08-12 18:18:56
BSOFT,BSOFT-EQ,313.3,313.3,0.0,0.0,313.3,39.0,0.0,39.0,2.0,1103074.0,315.33,307.45648172215596,359.43303887530345,71.69930511686673,,,,,,NONE,,HOLD,10.0,False,True,"['Price is above SMMA20', 'SMMA20 is below SMMA120', 'RSI is overbought']",2026-08-12 18:18:58
PINELABS,PINELABS-EQ,169.93,169.93,0.0,0.0,169.93,2274.0,0.0,2274.0,200.0,19985559.0,167.9,153.92169248134553,181.93437085582724,67.03079957517829,,,,,,NONE,,HOLD,25.0,False,True,"['Price is above SMMA20', 'SMMA20 is below SMMA120', 'RSI shows healthy bullish momentum']",2026-08-12 18:19:04
HALDER,HALDER-EQ,275.08,275.08,0.0,0.0,0.0,0.0,0.0,0.0,94.0,36579.0,274.95,244.26026897402107,247.47717161213828,89.76424361493127,,,,,,NONE,,HOLD,10.0,False,True,"['Price is above SMMA20', 'SMMA20 is below SMMA120', 'RSI is overbought']",2026-08-12 18:19:09
EMMVEE,EMMVEE-EQ,317.2,317.2,317.2,271.0,0.0,0.0,271.0,0.0,25.0,895867.0,316.22,323.60043371878476,260.47925835618173,48.43462246777163,,,,,,NONE,,HOLD,10.0,False,True,"['Price is below SMMA20', 'SMMA20 is above SMMA120', 'RSI shows weak momentum']",2026-08-12 18:19:13
MOENERGY,MOENERGY-EQ,38.87,38.87,38.87,25.0,0.0,0.0,25.0,0.0,100.0,135976.0,38.45,39.18277992527026,37.80661836235931,46.97674418604662,,,,,,NONE,,HOLD,10.0,False,True,"['Price is below SMMA20', 'SMMA20 is above SMMA120', 'RSI shows weak momentum']",2026-08-12 18:19:15
PASHUPATI,PASHUPATI-EQ,83.9,83.9,83.9,38.0,0.0,0.0,38.0,0.0,112.0,7788.0,84.12,86.67998260960978,88.59928182849958,20.44989775051124,,,,,,SELL,88.19,SELL,85.0,False,True,"['Price is below SMMA20', 'SMMA20 is below SMMA120', 'RSI is strongly oversold']",2026-08-12 18:19:19
AEGISVOPAK,AEGISVOPAK-EQ,273.55,273.55,273.55,4285.0,0.0,0.0,4285.0,0.0,3.0,442476.0,276.15,270.63664183252865,229.0972764656554,38.1636060100167,,,,,,BUY,232.77,HOLD,50.0,False,True,"['Price is above SMMA20', 'SMMA20 is above SMMA120', 'RSI shows weak momentum']",2026-08-12 18:19:21
ARFIN,ARFIN-EQ,84.74,84.74,0.0,0.0,0.0,0.0,0.0,0.0,88.0,1216860.0,84.5,88.26269457499447,83.07133137379583,36.05633802816901,,,,,,NONE,,HOLD,10.0,False,True,"['Price is below SMMA20', 'SMMA20 is above SMMA120', 'RSI shows weak momentum']",2026-08-12 18:19:23
MANAKSTEEL,MANAKSTEEL-EQ,82.75,82.75,0.0,0.0,82.75,10.0,0.0,10.0,20.0,572953.0,86.64,75.29795292822182,66.27453268288801,63.68322399250236,,,,,,NONE,,BUY,85.0,False,True,"['Price is above SMMA20', 'SMMA20 is above SMMA120', 'RSI shows healthy bullish momentum']",2026-08-12 18:19:26
URBANCO,URBANCO-EQ,139.05,139.05,139.05,195.0,0.0,0.0,195.0,0.0,100.0,1683235.0,138.89,134.42169052510428,127.7503931394327,62.85280728376327,,,,,,NONE,,BUY,85.0,False,True,"['Price is above SMMA20', 'SMMA20 is above SMMA120', 'RSI shows healthy bullish momentum']",2026-08-12 18:19:32
GOCOLORS,GOCOLORS-EQ,323.35,323.35,0.0,0.0,323.35,1.0,0.0,1.0,99.0,69589.0,322.84,335.2595333367667,346.52262185269836,51.17618819011041,,,,,,SELL,331.55,SELL,50.0,False,True,"['Price is below SMMA20', 'SMMA20 is below SMMA120', 'RSI shows mild bullish momentum']",2026-08-12 18:19:34
ADVANCE,ADVANCE-EQ,118.01,118.01,0.0,0.0,118.01,604.0,0.0,604.0,4.0,457190.0,120.33,115.76910123983967,114.2410232437484,58.55773619351894,,,,,,BUY,129.78,BUY,85.0,False,True,"['Price is above SMMA20', 'SMMA20 is above SMMA120', 'RSI shows healthy bullish momentum']",2026-08-12 18:19:38
LAMBODHARA,LAMBODHARA-EQ,113.8,113.8,0.0,0.0,0.0,0.0,0.0,0.0,16.0,3518.0,114.43,112.42003448204068,109.55453308389794,51.254646840148716,,,,,,BUY,116.09,BUY,70.0,False,True,"['Price is above SMMA20', 'SMMA20 is above SMMA120', 'RSI shows mild bullish momentum']",2026-08-12 18:19:40
GREENLAM,GREENLAM-EQ,248.5,248.5,0.0,0.0,248.5,1095.0,0.0,1095.0,175.0,519672.0,247.78,251.71472157245162,241.10982647892786,53.75070501974055,,,,,,BUY,255.55,HOLD,10.0,False,True,"['Price is below SMMA20', 'SMMA20 is above SMMA120', 'RSI shows mild bullish momentum']",2026-08-12 18:19:43
TECH,TECH-EQ,34.15,34.15,0.0,0.0,0.0,0.0,0.0,0.0,416.0,5122842.0,34.01,32.532202070945836,34.44331151576064,71.21212121212122,,,,,,NONE,,HOLD,10.0,False,True,"['Price is above SMMA20', 'SMMA20 is below SMMA120', 'RSI is overbought']",2026-08-12 18:19:45
ICDSLTD,ICDSLTD-EQ,39.62,39.62,0.0,0.0,0.0,0.0,0.0,0.0,1.0,248.0,40.72,41.294747605011565,42.99008244056268,50.05931198102017,,,,,,SELL,41.06,SELL,50.0,False,True,"['Price is below SMMA20', 'SMMA20 is below SMMA120', 'RSI shows mild bullish momentum']",2026-08-12 18:19:50
ESENSEX,ESENSEX-EQ,78.99,78.99,0.0,0.0,0.0,0.0,0.0,0.0,500.0,2970.0,78.13,77.97209127058181,79.18365791016352,73.54085603112841,,,,,,NONE,,HOLD,10.0,False,True,"['Price is above SMMA20', 'SMMA20 is below SMMA120', 'RSI is overbought']",2026-08-12 18:19:52
KRITI,KRITI-EQ,67.95,67.95,0.0,0.0,67.95,80.0,0.0,80.0,32.0,21718.0,66.81,69.50864464272067,76.25280858807815,60.12269938650307,,,,,,NONE,,HOLD,35.0,False,True,"['Price is below SMMA20', 'SMMA20 is below SMMA120', 'RSI shows healthy bullish momentum']",2026-08-12 18:19:54
BHARATCOAL,BHARATCOAL-EQ,33.78,33.78,33.78,16198.0,0.0,0.0,16198.0,0.0,543.0,3368883.0,33.84,35.862696318013185,35.88529944308103,33.12101910828022,,,,,,SELL,33.78,SELL,70.0,False,True,"['Price is below SMMA20', 'SMMA20 is below SMMA120', 'RSI shows weak momentum']",2026-08-12 18:19:57
VRLLOG,VRLLOG-EQ,300.9,300.9,0.0,0.0,300.9,5281.0,0.0,5281.0,2.0,581608.0,305.3,258.1329147411977,256.9209961607737,82.59904561092002,,,,,,BUY,300.15,HOLD,50.0,False,True,"['Price is above SMMA20', 'SMMA20 is above SMMA120', 'RSI is overbought']",2026-08-12 18:19:59
SCODATUBES,SCODATUBES-EQ,133.63,133.63,0.0,0.0,133.63,900.0,0.0,900.0,184.0,252583.0,135.3,143.56104613294627,142.07308952032017,36.666666666666664,,,,,,BUY,154.51,HOLD,10.0,False,True,"['Price is below SMMA20', 'SMMA20 is above SMMA120', 'RSI shows weak momentum']",2026-08-12 18:20:02
IOB,IOB-EQ,33.84,33.84,0.0,0.0,0.0,0.0,0.0,0.0,1000.0,3192118.0,34.14,34.11353599295514,34.46329204950374,50.28089887640453,,,,,,NONE,,SELL,50.0,False,True,"['Price is below SMMA20', 'SMMA20 is below SMMA120', 'RSI shows mild bullish momentum']",2026-08-12 18:20:04
MOINFRA,MOINFRA-EQ,60.03,60.03,0.0,0.0,0.0,0.0,0.0,0.0,1.0,3332.0,59.86,61.17809767886636,60.588788261932514,43.42723004694834,,,,,,NONE,,HOLD,10.0,False,True,"['Price is below SMMA20', 'SMMA20 is above SMMA120', 'RSI shows weak momentum']",2026-08-12 18:20:07
MONEYBOXX,MONEYBOXX-EQ,60.0,60.0,60.0,100.0,0.0,0.0,100.0,0.0,98.0,28227.0,60.71,62.33555509435168,64.69884476577553,56.33626097867001,,,,,,SELL,56.33,HOLD,35.0,False,True,"['Price is below SMMA20', 'SMMA20 is below SMMA120', 'RSI shows healthy bullish momentum']",2026-08-12 18:20:11
HILINFRA,HILINFRA-EQ,44.96,44.96,44.96,100.0,0.0,0.0,100.0,0.0,1.0,97591.0,44.93,46.075996350642576,50.77475599944894,55.711610486891416,,,,,,NONE,,HOLD,35.0,False,True,"['Price is below SMMA20', 'SMMA20 is below SMMA120', 'RSI shows healthy bullish momentum']",2026-08-12 18:20:15
STUDDS,STUDDS-EQ,420.55,420.55,420.55,3.0,0.0,0.0,3.0,0.0,10.0,34475.0,420.5,450.5440256059663,484.90008535638975,34.48753462603878,,,,,,NONE,,SELL,70.0,False,True,"['Price is below SMMA20', 'SMMA20 is below SMMA120', 'RSI shows weak momentum']",2026-08-12 18:20:17
TPLPLASTEH,TPLPLASTEH-EQ,76.25,76.25,76.25,441.0,0.0,0.0,441.0,0.0,2.0,128982.0,76.74,76.71077771358381,68.87327302188677,52.71317829457365,,,,,,NONE,,HOLD,10.0,False,True,"['Price is below SMMA20', 'SMMA20 is above SMMA120', 'RSI shows mild bullish momentum']",2026-08-12 18:20:20
NETF,NETF-EQ,265.3,265.3,0.0,0.0,0.0,0.0,0.0,0.0,2.0,2801.0,265.36,262.8833416243804,265.4347374821166,73.18840579710132,,,,,,NONE,,HOLD,10.0,False,True,"['Price is above SMMA20', 'SMMA20 is below SMMA120', 'RSI is overbought']",2026-08-12 18:20:22
EIHOTEL,EIHOTEL-EQ,298.5,298.5,0.0,0.0,0.0,0.0,0.0,0.0,40.0,142176.0,299.02,321.8519130207275,326.81931314532113,33.666904932094326,,,,,,NONE,,SELL,70.0,False,True,"['Price is below SMMA20', 'SMMA20 is below SMMA120', 'RSI shows weak momentum']",2026-08-12 18:20:25
ARVINDFASN,ARVINDFASN-EQ,444.15,444.15,0.0,0.0,444.15,254.0,0.0,254.0,1.0,174110.0,442.86,460.06278546463847,459.87237199571933,27.78877887788782,,,,,,BUY,479.0,HOLD,25.0,False,True,"['Price is below SMMA20', 'SMMA20 is above SMMA120', 'RSI is strongly oversold']",2026-08-12 18:20:27
RVNL,RVNL-EQ,230.0,230.0,0.0,0.0,230.0,260.0,0.0,260.0,100.0,5612306.0,230.19,233.66781295398386,278.7100480321243,58.30161054172769,,,,,,NONE,,HOLD,35.0,False,True,"['Price is below SMMA20', 'SMMA20 is below SMMA120', 'RSI shows healthy bullish momentum']",2026-08-12 18:20:30
BLUSPRING,BLUSPRING-EQ,121.51,121.51,0.0,0.0,121.51,81.0,0.0,81.0,92.0,906199.0,122.18,108.27023659986935,77.74756080621475,72.32606438213917,,,,,,NONE,,HOLD,50.0,False,True,"['Price is above SMMA20', 'SMMA20 is above SMMA120', 'RSI is overbought']",2026-08-12 18:20:33
GLOBECIVIL,GLOBECIVIL-EQ,43.11,43.11,0.0,0.0,0.0,0.0,0.0,0.0,369.0,153450.0,43.92,41.41321287959688,46.943264841233606,63.967611336032405,,,,,,NONE,,HOLD,25.0,False,True,"['Price is above SMMA20', 'SMMA20 is below SMMA120', 'RSI shows healthy bullish momentum']",2026-08-12 18:20:36
SAATVIKGL,SAATVIKGL-EQ,435.35,435.35,0.0,0.0,435.35,118.0,0.0,118.0,25.0,112853.0,435.7,442.2331954148467,422.2718353371001,48.714285714285744,,,,,,NONE,,HOLD,10.0,False,True,"['Price is below SMMA20', 'SMMA20 is above SMMA120', 'RSI shows weak momentum']",2026-08-12 18:20:42
VIKRAMSOLR,VIKRAMSOLR-EQ,159.58,159.58,0.0,0.0,159.58,5464.0,0.0,5464.0,27.0,1311248.0,159.42,183.22806377905331,203.49797661781207,26.036089629189007,,,,,,NONE,,SELL,85.0,False,True,"['Price is below SMMA20', 'SMMA20 is below SMMA120', 'RSI is strongly oversold']",2026-08-12 18:20:45
SHIVATEX,SHIVATEX-EQ,161.18,161.18,0.0,0.0,0.0,0.0,0.0,0.0,1.0,1328.0,162.34,156.58194448194735,159.84971675368246,65.14851485148515,,,,,,NONE,,HOLD,25.0,False,True,"['Price is above SMMA20', 'SMMA20 is below SMMA120', 'RSI shows healthy bullish momentum']",2026-08-12 18:20:47
AWL,AWL-EQ,194.24,194.24,194.24,508.0,0.0,0.0,508.0,0.0,2000.0,1431527.0,193.44,190.723374522947,199.25889998297941,63.783346806790675,,,,,,NONE,,HOLD,25.0,False,True,"['Price is above SMMA20', 'SMMA20 is below SMMA120', 'RSI shows healthy bullish momentum']",2026-08-12 18:20:50
THELEELA,THELEELA-EQ,499.75,499.75,0.0,0.0,499.75,12.0,0.0,12.0,9.0,312729.0,512.04,483.32028122168265,441.90849992254374,62.97709923664122,,,,,,BUY,457.6,BUY,85.0,False,True,"['Price is above SMMA20', 'SMMA20 is above SMMA120', 'RSI shows healthy bullish momentum']",2026-08-12 18:20:52
JAYKAY,JAYKAY-EQ,148.66,148.66,0.0,0.0,148.66,94.0,0.0,94.0,6.0,230844.0,149.66,165.1951655504693,166.97441485869246,35.51193848644276,,,,,,SELL,152.5,SELL,70.0,False,True,"['Price is below SMMA20', 'SMMA20 is below SMMA120', 'RSI shows weak momentum']",2026-08-12 18:20:54
IVALUE,IVALUE-EQ,283.45,283.45,283.45,46.0,0.0,0.0,46.0,0.0,261.0,274259.0,282.42,277.5398651414278,256.6858217986588,54.489544895448944,,,,,,BUY,278.28,BUY,70.0,False,True,"['Price is above SMMA20', 'SMMA20 is above SMMA120', 'RSI shows mild bullish momentum']",2026-08-12 18:20:57
MOMENTUM30,MOMENTUM30-EQ,31.22,31.22,0.0,0.0,0.0,0.0,0.0,0.0,3062.0,92542.0,31.27,30.61742677816407,30.533609256820167,65.94202898550725,,,,,,BUY,30.76,BUY,85.0,False,True,"['Price is above SMMA20', 'SMMA20 is above SMMA120', 'RSI shows healthy bullish momentum']",2026-08-12 18:20:59
PWL,PWL-EQ,123.9,123.9,0.0,0.0,123.9,2619.0,0.0,2619.0,5.0,3295580.0,124.77,126.64324058883713,115.53095969644203,36.37423491693385,,,,,,BUY,125.13,HOLD,10.0,False,True,"['Price is below SMMA20', 'SMMA20 is above SMMA120', 'RSI shows weak momentum']",2026-08-12 18:21:02
DIVIDEND,DIVIDEND-EQ,36.12,36.12,0.0,0.0,0.0,0.0,0.0,0.0,5.0,7857.0,36.21,35.73720999844007,35.90983584724261,73.7991266375546,,,,,,NONE,,HOLD,10.0,False,True,"['Price is above SMMA20', 'SMMA20 is below SMMA120', 'RSI is overbought']",2026-08-12 18:21:04
GKSL,GKSL-EQ,133.16,133.16,133.16,11000.0,0.0,0.0,11000.0,0.0,500.0,100848.0,133.41,130.1495505301868,119.19341464435358,73.93790849673209,,,,,,NONE,,HOLD,50.0,False,True,"['Price is above SMMA20', 'SMMA20 is above SMMA120', 'RSI is overbought']",2026-08-12 18:21:06
NV20BEES,NV20BEES-EQ,142.61,142.61,0.0,0.0,0.0,0.0,0.0,0.0,27.0,16555.0,141.53,141.28524682709195,146.13467841370365,65.22234891676172,,,,,,NONE,,HOLD,25.0,False,True,"['Price is above SMMA20', 'SMMA20 is below SMMA120', 'RSI shows healthy bullish momentum']",2026-08-12 18:21:09
AUTOBEES,AUTOBEES-EQ,304.22,304.22,0.0,0.0,0.0,0.0,0.0,0.0,2.0,272735.0,304.78,287.3435609189759,277.67495770661554,78.00772626931564,,,,,,BUY,281.82,HOLD,50.0,False,True,"['Price is above SMMA20', 'SMMA20 is above SMMA120', 'RSI is overbought']",2026-08-12 18:21:11
SILVERTUC,SILVERTUC-EQ,205.88,205.88,0.0,0.0,205.88,3205.0,0.0,3205.0,480.0,490828.0,205.31,192.19001191343165,151.93176319656087,63.50379156134551,,,,,,NONE,,BUY,85.0,False,True,"['Price is above SMMA20', 'SMMA20 is above SMMA120', 'RSI shows healthy bullish momentum']",2026-08-12 18:21:14
KSOLVES,KSOLVES-EQ,273.3,273.3,0.0,0.0,0.0,0.0,0.0,0.0,1.0,28312.0,273.96,284.9427988521546,288.6542808461835,36.19402985074629,,,,,,SELL,279.45,SELL,70.0,False,True,"['Price is below SMMA20', 'SMMA20 is below SMMA120', 'RSI shows weak momentum']",2026-08-12 18:21:16
STARTECK,STARTECK-EQ,257.25,257.25,0.0,0.0,0.0,0.0,0.0,0.0,15.0,7783.0,256.6,265.55925771607644,265.32935014992813,42.30171073094865,,,,,,BUY,289.35,HOLD,10.0,False,True,"['Price is below SMMA20', 'SMMA20 is above SMMA120', 'RSI shows weak momentum']",2026-08-12 18:21:18
HIKAL,HIKAL-EQ,212.84,212.84,0.0,0.0,212.84,2445.0,0.0,2445.0,28.0,242629.0,213.76,219.12651101712783,205.51139367501122,50.60734270506348,,,,,,BUY,218.96,HOLD,10.0,False,True,"['Price is below SMMA20', 'SMMA20 is above SMMA120', 'RSI shows mild bullish momentum']",2026-08-12 18:21:21
VERANDA,VERANDA-EQ,251.35,251.35,0.0,0.0,251.35,99.0,0.0,99.0,1.0,265678.0,249.58,239.86591529281895,205.56082070737963,61.69976171564733,,,,,,NONE,,BUY,85.0,False,True,"['Price is above SMMA20', 'SMMA20 is above SMMA120', 'RSI shows healthy bullish momentum']",2026-08-12 18:21:23
DREAMFOLKS,DREAMFOLKS-EQ,69.15,69.15,0.0,0.0,0.0,0.0,0.0,0.0,25.0,36476.0,68.55,69.57678885181558,81.19577121062608,60.535714285714285,,,,,,NONE,,HOLD,35.0,False,True,"['Price is below SMMA20', 'SMMA20 is below SMMA120', 'RSI shows healthy bullish momentum']",2026-08-12 18:21:27
EQUITASBNK,EQUITASBNK-EQ,74.57,74.57,0.0,0.0,74.57,1272.0,0.0,1272.0,29.0,1185790.0,74.26,75.85633884677344,68.52448146030424,36.117059243397556,,,,,,NONE,,HOLD,10.0,False,True,"['Price is below SMMA20', 'SMMA20 is above SMMA120', 'RSI shows weak momentum']",2026-08-12 18:21:29
SOUTHWEST,SOUTHWEST-EQ,219.13,219.13,0.0,0.0,219.13,142.0,0.0,142.0,10.0,260525.0,223.14,232.68290660864733,217.77295853207403,34.66379000359582,,,,,,NONE,,HOLD,10.0,False,True,"['Price is below SMMA20', 'SMMA20 is above SMMA120', 'RSI shows weak momentum']",2026-08-12 18:21:32
UFO,UFO-EQ,68.68,68.68,0.0,0.0,68.68,125.0,0.0,125.0,5.0,29848.0,68.05,69.19980264032715,72.48783767441685,54.83468496568932,,,,,,NONE,,SELL,50.0,False,True,"['Price is below SMMA20', 'SMMA20 is below SMMA120', 'RSI shows mild bullish momentum']",2026-08-12 18:21:34
GIPCL,GIPCL-EQ,174.05,174.05,0.0,0.0,174.05,301.0,0.0,301.0,430.0,8115461.0,177.43,161.52201558399045,151.24956906848328,78.0337443218689,,,,,,NONE,,HOLD,50.0,False,True,"['Price is above SMMA20', 'SMMA20 is above SMMA120', 'RSI is overbought']",2026-08-12 18:21:37
INDOBORAX,INDOBORAX-EQ,449.05,449.05,449.05,61.0,0.0,0.0,61.0,0.0,39.0,505140.0,449.23,402.0247687286925,309.0464322979181,68.00095306171075,,,,,,NONE,,BUY,85.0,False,True,"['Price is above SMMA20', 'SMMA20 is above SMMA120', 'RSI shows healthy bullish momentum']",2026-08-12 18:21:39
PONNIERODE,PONNIERODE-EQ,328.3,328.3,0.0,0.0,328.3,183.0,0.0,183.0,25.0,9159.0,328.29,318.607347404892,293.0109467489584,54.91009681881053,,,,,,NONE,,BUY,70.0,False,True,"['Price is above SMMA20', 'SMMA20 is above SMMA120', 'RSI shows mild bullish momentum']",2026-08-12 18:21:41
DHANBANK,DHANBANK-EQ,32.5,32.5,32.5,560.0,0.0,0.0,560.0,0.0,387.0,271833.0,32.55,33.05516919517557,28.555834359059237,38.7409200968523,,,,,,NONE,,HOLD,10.0,False,True,"['Price is below SMMA20', 'SMMA20 is above SMMA120', 'RSI shows weak momentum']",2026-08-12 18:21:47
ANNAPURNA,ANNAPURNA-EQ,147.2,147.2,0.0,0.0,147.2,480.0,0.0,480.0,25.0,66223.0,150.37,138.47369502226394,164.33882278473294,61.264534883720934,,,,,,NONE,,HOLD,25.0,False,True,"['Price is above SMMA20', 'SMMA20 is below SMMA120', 'RSI shows healthy bullish momentum']",2026-08-12 18:21:53
SILVERBEES,SILVERBEES-EQ,225.76,225.76,0.0,0.0,225.76,2078.0,0.0,2078.0,27.0,27311475.0,224.26,216.7635174542147,230.38037631835024,75.48342541436463,,,,,,SELL,215.06,HOLD,10.0,False,True,"['Price is above SMMA20', 'SMMA20 is below SMMA120', 'RSI is overbought']",2026-08-12 18:21:55
RAMAPHO,RAMAPHO-EQ,122.97,122.97,0.0,0.0,0.0,0.0,0.0,0.0,2.0,7832.0,122.89,125.70374204245813,135.5103647655195,46.45378151260505,,,,,,NONE,,SELL,70.0,False,True,"['Price is below SMMA20', 'SMMA20 is below SMMA120', 'RSI shows weak momentum']",2026-08-12 18:22:00
WELSPUNLIV,WELSPUNLIV-EQ,165.23,165.23,165.23,3041.0,0.0,0.0,3041.0,0.0,900.0,2292744.0,163.17,159.54575567384433,139.62253511392092,50.29644268774701,,,,,,NONE,,BUY,70.0,False,True,"['Price is above SMMA20', 'SMMA20 is above SMMA120', 'RSI shows mild bullish momentum']",2026-08-12 18:22:04
SYNGENE,SYNGENE-EQ,408.65,408.65,0.0,0.0,408.65,190.0,0.0,190.0,10.0,591399.0,408.11,417.14096340744834,469.18819526928837,52.854122621564464,,,,,,NONE,,SELL,50.0,False,True,"['Price is below SMMA20', 'SMMA20 is below SMMA120', 'RSI shows mild bullish momentum']",2026-08-12 18:22:06
LFIC,LFIC-EQ,138.07,138.07,138.07,12.0,0.0,0.0,12.0,0.0,48.0,4439.0,138.53,142.46746749993844,143.63567808757833,42.605470560964285,,,,,,SELL,142.1,SELL,70.0,False,True,"['Price is below SMMA20', 'SMMA20 is below SMMA120', 'RSI shows weak momentum']",2026-08-12 18:22:08
NFL,NFL-EQ,71.92,71.92,71.92,98.0,0.0,0.0,98.0,0.0,1.0,346984.0,71.83,72.94117508924283,76.84884129773575,65.23235800344234,,,,,,NONE,,HOLD,35.0,False,True,"['Price is below SMMA20', 'SMMA20 is below SMMA120', 'RSI shows healthy bullish momentum']",2026-08-12 18:22:11
GLOBAL,GLOBAL-EQ,102.94,102.94,0.0,0.0,0.0,0.0,0.0,0.0,17670.0,252665.0,97.73,102.61887529914739,98.19859535336833,50.4933504933505,,,,,,NONE,,BUY,70.0,False,True,"['Price is above SMMA20', 'SMMA20 is above SMMA120', 'RSI shows mild bullish momentum']",2026-08-12 18:22:13
ICIL,ICIL-EQ,404.35,404.35,0.0,0.0,404.35,530.0,0.0,530.0,1.0,2410797.0,413.8,398.37611382738265,315.03390452937737,53.606965174129364,,,,,,NONE,,BUY,70.0,False,True,"['Price is above SMMA20', 'SMMA20 is above SMMA120', 'RSI shows mild bullish momentum']",2026-08-12 18:22:19
TEXINFRA,TEXINFRA-EQ,111.09,111.09,111.09,50.0,0.0,0.0,50.0,0.0,125.0,34260.0,110.9,111.00536160039378,101.75498395492068,37.10174717368961,,,,,,NONE,,HOLD,50.0,False,True,"['Price is above SMMA20', 'SMMA20 is above SMMA120', 'RSI shows weak momentum']",2026-08-12 18:22:21
ELECON,ELECON-EQ,441.45,441.45,441.45,358.0,0.0,0.0,358.0,0.0,5.0,486802.0,435.13,463.38436027698737,460.7248784692165,54.69705391884379,,,,,,NONE,,HOLD,10.0,False,True,"['Price is below SMMA20', 'SMMA20 is above SMMA120', 'RSI shows mild bullish momentum']",2026-08-12 18:22:25
AFSL,AFSL-EQ,213.82,213.82,0.0,0.0,213.82,1.0,0.0,1.0,2.0,69788.0,217.72,202.34459625157746,201.85411567213208,94.36717663421418,,,,,,BUY,213.82,HOLD,50.0,False,True,"['Price is above SMMA20', 'SMMA20 is above SMMA120', 'RSI is overbought']",2026-08-12 18:22:27
CTE,CTE-EQ,37.02,37.02,37.02,50.0,0.0,0.0,50.0,0.0,136.0,4567.0,37.03,33.65620061827283,32.71927592575446,70.60539752005833,,,,,,BUY,37.97,HOLD,50.0,False,True,"['Price is above SMMA20', 'SMMA20 is above SMMA120', 'RSI is overbought']",2026-08-12 18:22:29
PFOCUS,PFOCUS-EQ,268.0,268.0,268.0,1044.0,0.0,0.0,1044.0,0.0,50.0,867452.0,271.37,273.9001895927012,263.687881430479,40.490860546313435,,,,,,BUY,289.23,HOLD,10.0,False,True,"['Price is below SMMA20', 'SMMA20 is above SMMA120', 'RSI shows weak momentum']",2026-08-12 18:22:32
BLKASHYAP,BLKASHYAP-EQ,52.61,52.61,0.0,0.0,52.61,50.0,0.0,50.0,50.0,1038405.0,53.02,54.929304870444035,52.49825821892734,37.63919821826282,,,,,,NONE,,HOLD,10.0,False,True,"['Price is below SMMA20', 'SMMA20 is above SMMA120', 'RSI shows weak momentum']",2026-08-12 18:22:34
DOLATALGO,DOLATALGO-EQ,69.81,69.81,0.0,0.0,0.0,0.0,0.0,0.0,40.0,79161.0,70.09,70.7303189884438,76.46454057554766,56.99626865671642,,,,,,NONE,,HOLD,35.0,False,True,"['Price is below SMMA20', 'SMMA20 is below SMMA120', 'RSI shows healthy bullish momentum']",2026-08-12 18:22:37
GLOBALVECT,GLOBALVECT-EQ,157.53,157.53,0.0,0.0,0.0,0.0,0.0,0.0,1.0,8955.0,157.32,160.94940370259877,171.48122806117217,57.11981566820278,,,,,,NONE,,HOLD,35.0,False,True,"['Price is below SMMA20', 'SMMA20 is below SMMA120', 'RSI shows healthy bullish momentum']",2026-08-12 18:22:39
INDOCO,INDOCO-EQ,217.49,217.49,217.49,505.0,0.0,0.0,505.0,0.0,20.0,68570.0,217.86,229.75380894361638,219.3235061322228,34.57943925233644,,,,,,BUY,239.57,HOLD,10.0,False,True,"['Price is below SMMA20', 'SMMA20 is above SMMA120', 'RSI shows weak momentum']",2026-08-12 18:22:43
RSYSTEMS,RSYSTEMS-EQ,240.1,240.1,240.1,100.0,0.0,0.0,100.0,0.0,1.0,222242.0,241.12,252.60591223274787,297.09344854160196,43.88076812840357,,,,,,NONE,,SELL,70.0,False,True,"['Price is below SMMA20', 'SMMA20 is below SMMA120', 'RSI shows weak momentum']",2026-08-12 18:22:45
HDFCSML250,HDFCSML250-EQ,184.44,184.44,0.0,0.0,184.44,849.0,0.0,849.0,1.0,1346528.0,184.93,180.14573275602976,167.85931870344422,71.55465037338764,,,,,,NONE,,HOLD,50.0,False,True,"['Price is above SMMA20', 'SMMA20 is above SMMA120', 'RSI is overbought']",2026-08-12 18:22:47
BANSWRAS,BANSWRAS-EQ,122.0,122.0,0.0,0.0,0.0,0.0,0.0,0.0,12.0,13965.0,122.2,126.05737529557257,118.36072714496117,39.621240252506475,,,,,,NONE,,HOLD,10.0,False,True,"['Price is below SMMA20', 'SMMA20 is above SMMA120', 'RSI shows weak momentum']",2026-08-12 18:22:50
ALPHAGEO,ALPHAGEO-EQ,306.39,306.39,0.0,0.0,306.39,164.0,0.0,164.0,10.0,359816.0,305.03,222.79222043755144,213.61247850999024,79.11887957653286,,,,,,BUY,233.57,HOLD,50.0,False,True,"['Price is above SMMA20', 'SMMA20 is above SMMA120', 'RSI is overbought']",2026-08-12 18:22:52
SARLAPOLY,SARLAPOLY-EQ,100.44,100.44,0.0,0.0,100.44,10255.0,0.0,10255.0,112.0,34730.0,100.69,100.09389385868691,91.21604572607598,48.30887045309508,,,,,,NONE,,HOLD,50.0,False,True,"['Price is above SMMA20', 'SMMA20 is above SMMA120', 'RSI shows weak momentum']",2026-08-12 18:22:55
HDFCMOMENT,HDFCMOMENT-EQ,31.57,31.57,0.0,0.0,0.0,0.0,0.0,0.0,1196.0,266556.0,31.59,30.887417832815565,30.78077547838116,67.46031746031744,,,,,,BUY,31.22,BUY,85.0,False,True,"['Price is above SMMA20', 'SMMA20 is above SMMA120', 'RSI shows healthy bullish momentum']",2026-08-12 18:22:57
HUBTOWN,HUBTOWN-EQ,178.19,178.19,0.0,0.0,178.19,237.0,0.0,237.0,1.0,357763.0,178.47,194.353810056823,209.85463220663738,25.551515151515176,,,,,,NONE,,SELL,85.0,False,True,"['Price is below SMMA20', 'SMMA20 is below SMMA120', 'RSI is strongly oversold']",2026-08-12 18:22:59
GOACARBON,GOACARBON-EQ,370.15,370.15,370.15,100.0,0.0,0.0,100.0,0.0,3.0,5172.0,371.07,383.2512446501731,377.1404303035002,42.14071856287426,,,,,,NONE,,HOLD,10.0,False,True,"['Price is below SMMA20', 'SMMA20 is above SMMA120', 'RSI shows weak momentum']",2026-08-12 18:23:03
PARACABLES,PARACABLES-EQ,68.22,68.22,0.0,0.0,68.22,288.0,0.0,288.0,90.0,1708709.0,67.28,64.92997064636407,48.68517511126236,67.14780600461894,,,,,,NONE,,BUY,85.0,False,True,"['Price is above SMMA20', 'SMMA20 is above SMMA120', 'RSI shows healthy bullish momentum']",2026-08-12 18:23:06
GEOJITFSL,GEOJITFSL-EQ,77.7,77.7,77.7,630.0,0.0,0.0,630.0,0.0,180.0,412527.0,77.01,77.2934295444871,71.41390185857516,48.34801762114535,,,,,,NONE,,HOLD,50.0,False,True,"['Price is above SMMA20', 'SMMA20 is above SMMA120', 'RSI shows weak momentum']",2026-08-12 18:23:12
WEBELSOLAR,WEBELSOLAR-EQ,85.29,85.29,0.0,0.0,85.29,10106.0,0.0,10106.0,557.0,4071727.0,85.66,98.23800578922314,89.53690808052038,21.975122502826963,,,,,,NONE,,HOLD,25.0,False,True,"['Price is below SMMA20', 'SMMA20 is above SMMA120', 'RSI is strongly oversold']",2026-08-12 18:23:15
TEXMOPIPES,TEXMOPIPES-EQ,42.77,42.77,42.77,430.0,0.0,0.0,430.0,0.0,70.0,28031.0,43.49,43.671912839512615,45.047588049525,49.635036496350445,,,,,,NONE,,SELL,70.0,False,True,"['Price is below SMMA20', 'SMMA20 is below SMMA120', 'RSI shows weak momentum']",2026-08-12 18:23:17
ACL,ACL-EQ,46.15,46.15,0.0,0.0,46.15,671.0,0.0,671.0,102.0,38751.0,46.85,49.440330538797596,55.52444444404808,35.42234332425066,,,,,,NONE,,SELL,70.0,False,True,"['Price is below SMMA20', 'SMMA20 is below SMMA120', 'RSI shows weak momentum']",2026-08-12 18:23:20
ARCHIDPLY,ARCHIDPLY-EQ,92.2,92.2,0.0,0.0,92.2,25.0,0.0,25.0,21.0,14860.0,92.39,83.1887012290405,82.54803953960442,67.89396170839473,,,,,,BUY,92.95,BUY,85.0,False,True,"['Price is above SMMA20', 'SMMA20 is above SMMA120', 'RSI shows healthy bullish momentum']",2026-08-12 18:23:22
BLAL,BLAL-EQ,170.9,170.9,170.9,4399.0,0.0,0.0,4399.0,0.0,1.0,15579.0,170.67,178.38070848582134,186.71338821709423,29.93239090350346,,,,,,NONE,,SELL,85.0,False,True,"['Price is below SMMA20', 'SMMA20 is below SMMA120', 'RSI is strongly oversold']",2026-08-12 18:23:24
MANAPPURAM,MANAPPURAM-EQ,352.6,352.6,352.6,29584.0,0.0,0.0,29584.0,0.0,20.0,31501308.0,358.54,344.7094661415037,306.7919045135997,51.55893536121674,,,,,,NONE,,BUY,70.0,False,True,"['Price is above SMMA20', 'SMMA20 is above SMMA120', 'RSI shows mild bullish momentum']",2026-08-12 18:23:27
SHIVAMILLS,SHIVAMILLS-EQ,59.59,59.59,0.0,0.0,59.59,155.0,0.0,155.0,5.0,6740.0,60.46,61.698872610091556,59.12055811960892,51.4668039114771,,,,,,NONE,,HOLD,10.0,False,True,"['Price is below SMMA20', 'SMMA20 is above SMMA120', 'RSI shows mild bullish momentum']",2026-08-12 18:23:30
INDIANHUME,INDIANHUME-EQ,375.35,375.35,0.0,0.0,0.0,0.0,0.0,0.0,1.0,30664.0,379.11,371.79031925684376,356.678317727927,51.149425287356316,,,,,,BUY,382.1,BUY,70.0,False,True,"['Price is above SMMA20', 'SMMA20 is above SMMA120', 'RSI shows mild bullish momentum']",2026-08-12 18:23:32
DOLPHIN,DOLPHIN-EQ,494.35,494.35,494.35,1556.0,0.0,0.0,1556.0,0.0,1.0,654932.0,458.32,398.54249702765884,407.7433393476076,81.86579378068741,,,,,,NONE,,HOLD,10.0,False,True,"['Price is above SMMA20', 'SMMA20 is below SMMA120', 'RSI is overbought']",2026-08-12 18:23:38
AMNPLST,AMNPLST-EQ,199.6,199.6,0.0,0.0,0.0,0.0,0.0,0.0,19.0,2237.0,199.53,195.79136241497588,180.34694440986559,58.51432168712619,,,,,,NONE,,BUY,85.0,False,True,"['Price is above SMMA20', 'SMMA20 is above SMMA120', 'RSI shows healthy bullish momentum']",2026-08-12 18:23:43
MAHEPC,MAHEPC-EQ,107.52,107.52,0.0,0.0,107.52,100.0,0.0,100.0,70.0,14406.0,108.01,111.42799841613376,117.32785246533378,60.55182699477997,,,,,,NONE,,HOLD,35.0,False,True,"['Price is below SMMA20', 'SMMA20 is below SMMA120', 'RSI shows healthy bullish momentum']",2026-08-12 18:23:46
MHRIL,MHRIL-EQ,224.88,224.88,0.0,0.0,224.88,990.0,0.0,990.0,1.0,57137.0,224.73,227.63318657081322,258.19679295723495,59.85078106784798,,,,,,NONE,,HOLD,35.0,False,True,"['Price is below SMMA20', 'SMMA20 is below SMMA120', 'RSI shows healthy bullish momentum']",2026-08-12 18:23:48
AEROFLEX,AEROFLEX-EQ,446.55,446.55,0.0,0.0,446.55,2692.0,0.0,2692.0,500.0,1802936.0,442.65,428.9554715596776,313.5347818197419,57.59839126687733,,,,,,NONE,,BUY,85.0,False,True,"['Price is above SMMA20', 'SMMA20 is above SMMA120', 'RSI shows healthy bullish momentum']",2026-08-12 18:23:52
JWL,JWL-EQ,259.05,259.05,259.05,756.0,0.0,0.0,756.0,0.0,54.0,459989.0,259.17,260.7540959453428,279.2707339589024,64.59694989106754,,,,,,NONE,,HOLD,35.0,False,True,"['Price is below SMMA20', 'SMMA20 is below SMMA120', 'RSI shows healthy bullish momentum']",2026-08-12 18:23:54
LGHL,LGHL-EQ,200.45,200.45,0.0,0.0,0.0,0.0,0.0,0.0,18.0,10757.0,197.1,211.4523065811239,250.8614335396701,42.83310901749658,,,,,,NONE,,SELL,70.0,False,True,"['Price is below SMMA20', 'SMMA20 is below SMMA120', 'RSI shows weak momentum']",2026-08-12 18:23:57
MANAKSIA,MANAKSIA-EQ,58.42,58.42,0.0,0.0,0.0,0.0,0.0,0.0,41.0,17745.0,58.32,57.50203757833111,59.092883492608856,73.03921568627452,,,,,,NONE,,HOLD,10.0,False,True,"['Price is above SMMA20', 'SMMA20 is below SMMA120', 'RSI is overbought']",2026-08-12 18:23:59
HEALTHX,HEALTHX-EQ,293.9,293.9,0.0,0.0,293.9,1.0,0.0,1.0,36.0,5504.0,297.68,309.8160608374944,297.85967512160784,29.72735268249778,,,,,,BUY,305.6,HOLD,25.0,False,True,"['Price is below SMMA20', 'SMMA20 is above SMMA120', 'RSI is strongly oversold']",2026-08-12 18:24:01
SENSEXADD,SENSEXADD-EQ,80.26,80.26,0.0,0.0,0.0,0.0,0.0,0.0,5.0,707.0,80.12,79.78968118663,81.05576124827985,83.28611898017022,,,,,,NONE,,HOLD,10.0,False,True,"['Price is above SMMA20', 'SMMA20 is below SMMA120', 'RSI is overbought']",2026-08-12 18:24:04
BOROLTD,BOROLTD-EQ,241.57,241.57,0.0,0.0,0.0,0.0,0.0,0.0,47.0,29626.0,242.36,237.70226702212213,246.9425659651937,62.755102040816325,,,,,,NONE,,HOLD,25.0,False,True,"['Price is above SMMA20', 'SMMA20 is below SMMA120', 'RSI shows healthy bullish momentum']",2026-08-12 18:24:06
ARIHANTSUP,ARIHANTSUP-EQ,258.05,258.05,0.0,0.0,0.0,0.0,0.0,0.0,18.0,3719.0,259.33,260.8277116479127,267.7265460660913,50.0,,,,,,NONE,,SELL,50.0,False,True,"['Price is below SMMA20', 'SMMA20 is below SMMA120', 'RSI shows mild bullish momentum']",2026-08-12 18:24:09
GHCLTEXTIL,GHCLTEXTIL-EQ,115.93,115.93,0.0,0.0,115.93,50.0,0.0,50.0,50.0,298267.0,116.73,110.3766553221866,88.86362756226966,52.65822784810127,,,,,,NONE,,BUY,70.0,False,True,"['Price is above SMMA20', 'SMMA20 is above SMMA120', 'RSI shows mild bullish momentum']",2026-08-12 18:24:11
INCREDIBLE,INCREDIBLE-EQ,32.76,32.76,0.0,0.0,0.0,0.0,0.0,0.0,10.0,420.0,32.93,33.34470133018126,35.13960309577983,36.89986282578875,,,,,,NONE,,SELL,70.0,False,True,"['Price is below SMMA20', 'SMMA20 is below SMMA120', 'RSI shows weak momentum']",2026-08-12 18:24:16
ATAM,ATAM-EQ,64.88,64.88,0.0,0.0,0.0,0.0,0.0,0.0,95.0,8256.0,64.62,67.11196534315673,70.19873569203097,45.98257502420138,,,,,,NONE,,SELL,70.0,False,True,"['Price is below SMMA20', 'SMMA20 is below SMMA120', 'RSI shows weak momentum']",2026-08-12 18:24:18
CUPID,CUPID-EQ,289.87,289.87,289.87,4600.0,0.0,0.0,4600.0,0.0,70.0,48203967.0,287.29,217.47631147450366,132.52965553606074,94.2263781667935,,,,,,NONE,,HOLD,50.0,False,True,"['Price is above SMMA20', 'SMMA20 is above SMMA120', 'RSI is overbought']",2026-08-12 18:24:21
NIRAJISPAT,NIRAJISPAT-EQ,211.0,211.0,0.0,0.0,0.0,0.0,0.0,0.0,1.0,0.0,0.0,206.59503569765297,220.04360810032463,62.87964004499438,,,,,,NONE,,HOLD,25.0,False,True,"['Price is above SMMA20', 'SMMA20 is below SMMA120', 'RSI shows healthy bullish momentum']",2026-08-12 18:24:23
BLS,BLS-EQ,262.88,262.88,262.88,2212.0,0.0,0.0,2212.0,0.0,25.0,1254241.0,262.6,249.77465081751347,270.75844415692376,81.70494355780454,,,,,,NONE,,HOLD,10.0,False,True,"['Price is above SMMA20', 'SMMA20 is below SMMA120', 'RSI is overbought']",2026-08-12 18:24:25
PDMJEPAPER,PDMJEPAPER-EQ,90.46,90.46,0.0,0.0,90.46,1140.0,0.0,1140.0,10.0,277013.0,91.67,89.97841756804402,85.56305617710117,44.68654434250765,,,,,,BUY,93.24,HOLD,50.0,False,True,"['Price is above SMMA20', 'SMMA20 is above SMMA120', 'RSI shows weak momentum']",2026-08-12 18:24:28
JITFINFRA,JITFINFRA-EQ,348.4,348.4,0.0,0.0,348.4,10.0,0.0,10.0,1.0,16036.0,349.42,337.3747681947617,312.8963850181798,44.8753462603878,,,,,,BUY,325.1,HOLD,50.0,False,True,"['Price is above SMMA20', 'SMMA20 is above SMMA120', 'RSI shows weak momentum']",2026-08-12 18:24:30
VINYLINDIA,VINYLINDIA-EQ,243.12,243.12,243.12,90.0,0.0,0.0,90.0,0.0,19.0,4792.0,241.56,247.83819711907853,237.3450008977871,51.878992859827136,,,,,,NONE,,HOLD,10.0,False,True,"['Price is below SMMA20', 'SMMA20 is above SMMA120', 'RSI shows mild bullish momentum']",2026-08-12 18:24:34
EGOLD,EGOLD-EQ,152.9,152.9,0.0,0.0,0.0,0.0,0.0,0.0,159.0,67385.0,152.76,145.50312900531853,147.544416398,77.58620689655179,,,,,,SELL,139.6,HOLD,10.0,False,True,"['Price is above SMMA20', 'SMMA20 is below SMMA120', 'RSI is overbought']",2026-08-12 18:24:36
SCHAND,SCHAND-EQ,139.48,139.48,0.0,0.0,139.48,102.0,0.0,102.0,9.0,39265.0,138.24,147.29585049126229,154.7746909689701,24.493827160493865,,,,,,SELL,145.17,SELL,85.0,False,True,"['Price is below SMMA20', 'SMMA20 is below SMMA120', 'RSI is strongly oversold']",2026-08-12 18:24:38
GOLDAXIS,GOLDAXIS-EQ,127.48,127.48,0.0,0.0,0.0,0.0,0.0,0.0,99.0,896221.0,127.28,121.29670018475701,122.98337049242295,77.43055555555557,,,,,,SELL,116.24,HOLD,10.0,False,True,"['Price is above SMMA20', 'SMMA20 is below SMMA120', 'RSI is overbought']",2026-08-12 18:24:41
NATHBIOGEN,NATHBIOGEN-EQ,154.63,154.63,0.0,0.0,0.0,0.0,0.0,0.0,10.0,13153.0,155.08,162.27300747809082,157.67257715361885,51.74434831147084,,,,,,NONE,,HOLD,10.0,False,True,"['Price is below SMMA20', 'SMMA20 is above SMMA120', 'RSI shows mild bullish momentum']",2026-08-12 18:24:43
BBTCL,BBTCL-EQ,224.22,224.22,0.0,0.0,0.0,0.0,0.0,0.0,8.0,2906.0,223.18,218.2817877860337,198.61587895300187,58.13953488372092,,,,,,NONE,,BUY,85.0,False,True,"['Price is above SMMA20', 'SMMA20 is above SMMA120', 'RSI shows healthy bullish momentum']",2026-08-12 18:24:45
IRFC,IRFC-EQ,88.26,88.26,88.26,8602.0,0.0,0.0,8602.0,0.0,98.0,5812334.0,87.9,90.52715982072202,102.19642046818974,56.78059536934955,,,,,,NONE,,HOLD,35.0,False,True,"['Price is below SMMA20', 'SMMA20 is below SMMA120', 'RSI shows healthy bullish momentum']",2026-08-12 18:24:48
XCHANGING,XCHANGING-EQ,67.07,67.07,67.07,3.0,0.0,0.0,3.0,0.0,35.0,84472.0,67.27,65.73469450172534,67.45570052307333,67.4325674325675,,,,,,NONE,,HOLD,25.0,False,True,"['Price is above SMMA20', 'SMMA20 is below SMMA120', 'RSI shows healthy bullish momentum']",2026-08-12 18:24:51
TVSELECT,TVSELECT-EQ,454.1,454.1,0.0,0.0,454.1,18.0,0.0,18.0,2.0,46841.0,453.99,488.27088100798346,446.7170400109163,34.51403887688987,,,,,,NONE,,HOLD,10.0,False,True,"['Price is below SMMA20', 'SMMA20 is above SMMA120', 'RSI shows weak momentum']",2026-08-12 18:24:53
REPRO,REPRO-EQ,316.95,316.95,316.95,198.0,0.0,0.0,198.0,0.0,1.0,42833.0,322.26,366.37255199787154,388.584232658942,30.4044117647059,,,,,,NONE,,SELL,70.0,False,True,"['Price is below SMMA20', 'SMMA20 is below SMMA120', 'RSI shows weak momentum']",2026-08-12 18:24:55
SILVERAXIS,SILVERAXIS-EQ,234.77,234.77,0.0,0.0,234.77,18.0,0.0,18.0,1.0,967657.0,233.4,225.31579358927212,239.37708831296067,75.48922056384741,,,,,,SELL,224.05,HOLD,10.0,False,True,"['Price is above SMMA20', 'SMMA20 is below SMMA120', 'RSI is overbought']",2026-08-12 18:24:58
TVTODAY,TVTODAY-EQ,114.07,114.07,114.07,650.0,0.0,0.0,650.0,0.0,50.0,32582.0,113.44,116.84765549325334,119.41781411590763,43.29037149355568,,,,,,NONE,,SELL,70.0,False,True,"['Price is below SMMA20', 'SMMA20 is below SMMA120', 'RSI shows weak momentum']",2026-08-12 18:25:00
PTC,PTC-EQ,165.41,165.41,165.41,456.0,0.0,0.0,456.0,0.0,75.0,2677463.0,167.29,178.78735994133368,175.73141585924859,48.18037005268962,,,,,,NONE,,HOLD,10.0,False,True,"['Price is below SMMA20', 'SMMA20 is above SMMA120', 'RSI shows weak momentum']",2026-08-12 18:25:04
NTPC,NTPC-EQ,339.45,339.45,339.45,753.0,0.0,0.0,753.0,0.0,3.0,10152704.0,337.65,350.690690203027,361.4144095117561,38.70246085011184,,,,,,SELL,343.7,SELL,70.0,False,True,"['Price is below SMMA20', 'SMMA20 is below SMMA120', 'RSI shows weak momentum']",2026-08-12 18:25:06
JAGRAN,JAGRAN-EQ,63.55,63.55,0.0,0.0,0.0,0.0,0.0,0.0,90.0,144334.0,63.36,63.894677364042856,65.88542703405615,64.31999999999998,,,,,,SELL,64.52,HOLD,35.0,False,True,"['Price is below SMMA20', 'SMMA20 is below SMMA120', 'RSI shows healthy bullish momentum']",2026-08-12 18:25:09
LOYALTEX,LOYALTEX-EQ,228.91,228.91,228.91,188.0,0.0,0.0,188.0,0.0,100.0,15005.0,242.51,209.65602579515047,212.05881183015,65.4226961157654,,,,,,NONE,,HOLD,25.0,False,True,"['Price is above SMMA20', 'SMMA20 is below SMMA120', 'RSI shows healthy bullish momentum']",2026-08-12 18:25:14
HARSHA,HARSHA-EQ,399.9,399.9,399.9,6.0,0.0,0.0,6.0,0.0,26.0,254264.0,401.54,413.42944937133245,390.3171558161915,48.99828277046365,,,,,,NONE,,HOLD,10.0,False,True,"['Price is below SMMA20', 'SMMA20 is above SMMA120', 'RSI shows weak momentum']",2026-08-12 18:25:17
HARRMALAYA,HARRMALAYA-EQ,219.74,219.74,0.0,0.0,0.0,0.0,0.0,0.0,1.0,31265.0,221.18,214.42940167494763,192.56652106329963,50.82579630357845,,,,,,NONE,,BUY,70.0,False,True,"['Price is above SMMA20', 'SMMA20 is above SMMA120', 'RSI shows mild bullish momentum']",2026-08-12 18:25:19
VAIBHAVGBL,VAIBHAVGBL-EQ,232.85,232.85,232.85,200.0,0.0,0.0,200.0,0.0,5.0,410352.0,233.57,247.5405984932328,231.3229201187917,35.37262156448202,,,,,,BUY,242.22,HOLD,10.0,False,True,"['Price is below SMMA20', 'SMMA20 is above SMMA120', 'RSI shows weak momentum']",2026-08-12 18:25:21
NIITLTD,NIITLTD-EQ,93.7,93.7,0.0,0.0,93.7,257.0,0.0,257.0,243.0,190674.0,93.95,94.89974174711922,82.07513813970817,52.892561983471076,,,,,,BUY,98.09,HOLD,10.0,False,True,"['Price is below SMMA20', 'SMMA20 is above SMMA120', 'RSI shows mild bullish momentum']",2026-08-12 18:25:24
ORICONENT,ORICONENT-EQ,52.66,52.66,52.66,50.0,0.0,0.0,50.0,0.0,233.0,21738.0,53.03,55.792791039229655,61.18112424550505,37.65786452353617,,,,,,SELL,58.1,SELL,70.0,False,True,"['Price is below SMMA20', 'SMMA20 is below SMMA120', 'RSI shows weak momentum']",2026-08-12 18:25:26
FINIETF,FINIETF-EQ,33.39,33.39,0.0,0.0,33.39,4.0,0.0,4.0,1.0,376684.0,33.34,32.76282849017571,31.905987289161544,67.90450928381964,,,,,,BUY,32.28,BUY,85.0,False,True,"['Price is above SMMA20', 'SMMA20 is above SMMA120', 'RSI shows healthy bullish momentum']",2026-08-12 18:25:32
RESPONIND,RESPONIND-EQ,167.19,167.19,0.0,0.0,167.19,4.0,0.0,4.0,35.0,140777.0,169.81,179.40997081979077,176.80929483534564,27.752502274795262,,,,,,BUY,195.24,HOLD,25.0,False,True,"['Price is below SMMA20', 'SMMA20 is above SMMA120', 'RSI is strongly oversold']",2026-08-12 18:25:34
STEELCITY,STEELCITY-EQ,79.42,79.42,79.42,37.0,0.0,0.0,37.0,0.0,30.0,12058.0,79.63,78.88170398188458,82.45667246110305,58.35962145110408,,,,,,NONE,,HOLD,25.0,False,True,"['Price is above SMMA20', 'SMMA20 is below SMMA120', 'RSI shows healthy bullish momentum']",2026-08-12 18:25:37
GFLLIMITED,GFLLIMITED-EQ,47.9,47.9,0.0,0.0,0.0,0.0,0.0,0.0,56.0,43103.0,47.84,47.17078493349875,48.23519094472882,61.57894736842105,,,,,,NONE,,HOLD,25.0,False,True,"['Price is above SMMA20', 'SMMA20 is below SMMA120', 'RSI shows healthy bullish momentum']",2026-08-12 18:25:39
HDFCNIFIT,HDFCNIFIT-EQ,33.45,33.45,0.0,0.0,0.0,0.0,0.0,0.0,325.0,109656.0,33.33,31.772104454926016,33.72829951148098,79.77099236641227,,,,,,NONE,,HOLD,10.0,False,True,"['Price is above SMMA20', 'SMMA20 is below SMMA120', 'RSI is overbought']",2026-08-12 18:25:41
SURYALAXMI,SURYALAXMI-EQ,58.43,58.43,0.0,0.0,0.0,0.0,0.0,0.0,67.0,2010.0,58.62,58.83634700348822,57.485156765787416,55.3088133240805,,,,,,NONE,,HOLD,25.0,False,True,"['Price is below SMMA20', 'SMMA20 is above SMMA120', 'RSI shows healthy bullish momentum']",2026-08-12 18:25:44
VIYASH,VIYASH-EQ,262.75,262.75,262.75,260.0,0.0,0.0,260.0,0.0,165.0,2076289.0,262.27,263.28358978169075,229.0336650084224,56.805157593123205,,,,,,NONE,,HOLD,25.0,False,True,"['Price is below SMMA20', 'SMMA20 is above SMMA120', 'RSI shows healthy bullish momentum']",2026-08-12 18:25:46
ITC,ITC-EQ,276.15,276.15,276.15,11257.0,0.0,0.0,11257.0,0.0,20.0,12630816.0,277.27,285.3307045700518,311.480301896433,42.8358208955224,,,,,,NONE,,SELL,70.0,False,True,"['Price is below SMMA20', 'SMMA20 is below SMMA120', 'RSI shows weak momentum']",2026-08-12 18:25:49
CIEINDIA,CIEINDIA-EQ,411.7,411.7,411.7,212.0,0.0,0.0,212.0,0.0,3.0,520775.0,417.49,436.37834246988143,444.5342887249633,43.77133105802046,,,,,,SELL,410.6,SELL,70.0,False,True,"['Price is below SMMA20', 'SMMA20 is below SMMA120', 'RSI shows weak momentum']",2026-08-12 18:25:51
CENTRALBK,CENTRALBK-EQ,31.28,31.28,31.28,15020.0,0.0,0.0,15020.0,0.0,305.0,8874627.0,31.35,31.76715712467406,34.57954307971593,55.631399317406164,,,,,,NONE,,HOLD,35.0,False,True,"['Price is below SMMA20', 'SMMA20 is below SMMA120', 'RSI shows healthy bullish momentum']",2026-08-12 18:25:54
PSUBNKBEES,PSUBNKBEES-EQ,98.27,98.27,98.27,113.0,0.0,0.0,113.0,0.0,36.0,3997530.0,98.03,94.76707494390794,95.94051865543695,76.39569049951038,,,,,,NONE,,HOLD,10.0,False,True,"['Price is above SMMA20', 'SMMA20 is below SMMA120', 'RSI is overbought']",2026-08-12 18:25:58
JIOFIN,JIOFIN-EQ,256.05,256.05,0.0,0.0,256.05,10314.0,0.0,10314.0,3.0,13290344.0,252.05,246.13480829773502,252.76511347340357,70.22429906542055,,,,,,NONE,,HOLD,10.0,False,True,"['Price is above SMMA20', 'SMMA20 is below SMMA120', 'RSI is overbought']",2026-08-12 18:26:00
BAJAJELEC,BAJAJELEC-EQ,363.95,363.95,0.0,0.0,363.95,346.0,0.0,346.0,2.0,333056.0,364.46,341.3792168172565,375.84640619629283,70.39438141545114,,,,,,NONE,,HOLD,10.0,False,True,"['Price is above SMMA20', 'SMMA20 is below SMMA120', 'RSI is overbought']",2026-08-12 18:26:03
PRINCEPIPE,PRINCEPIPE-EQ,269.6,269.6,0.0,0.0,269.6,131.0,0.0,131.0,51.0,124999.0,268.9,269.06125324393486,257.9044197985303,61.59574468085109,,,,,,NONE,,BUY,85.0,False,True,"['Price is above SMMA20', 'SMMA20 is above SMMA120', 'RSI shows healthy bullish momentum']",2026-08-12 18:26:05
PSUBANKADD,PSUBANKADD-EQ,88.82,88.82,0.0,0.0,88.82,9.0,0.0,9.0,178.0,60562.0,88.78,85.69724442648436,86.7808139810449,74.77973568281928,,,,,,NONE,,HOLD,10.0,False,True,"['Price is above SMMA20', 'SMMA20 is below SMMA120', 'RSI is overbought']",2026-08-12 18:26:08
UTTAMSUGAR,UTTAMSUGAR-EQ,253.53,253.53,0.0,0.0,0.0,0.0,0.0,0.0,27.0,74239.0,252.1,239.34524493707872,233.81734834397653,69.24270639354438,,,,,,NONE,,BUY,85.0,False,True,"['Price is above SMMA20', 'SMMA20 is above SMMA120', 'RSI shows healthy bullish momentum']",2026-08-12 18:26:10
GOLDBEES,GOLDBEES-EQ,126.45,126.45,126.45,53996.0,0.0,0.0,53996.0,0.0,17.0,18273875.0,126.19,120.31114182756676,122.04745801735541,78.44574780058647,,,,,,SELL,115.46,HOLD,10.0,False,True,"['Price is above SMMA20', 'SMMA20 is below SMMA120', 'RSI is overbought']",2026-08-12 18:26:12
ADVANIHOTR,ADVANIHOTR-EQ,50.17,50.17,0.0,0.0,0.0,0.0,0.0,0.0,51.0,14978.0,50.18,51.77304371900162,53.82573077508466,41.85082872928179,,,,,,NONE,,SELL,70.0,False,True,"['Price is below SMMA20', 'SMMA20 is below SMMA120', 'RSI shows weak momentum']",2026-08-12 18:26:16
BIRLAMONEY,BIRLAMONEY-EQ,133.45,133.45,0.0,0.0,0.0,0.0,0.0,0.0,86.0,25717.0,132.65,136.38679963208543,134.96640598756542,53.72670807453419,,,,,,NONE,,HOLD,10.0,False,True,"['Price is below SMMA20', 'SMMA20 is above SMMA120', 'RSI shows mild bullish momentum']",2026-08-12 18:26:18
VGUARD,VGUARD-EQ,331.75,331.75,331.75,603.0,0.0,0.0,603.0,0.0,3.0,1980024.0,332.42,309.92735474576233,317.88810823681507,77.76951672862461,,,,,,NONE,,HOLD,10.0,False,True,"['Price is above SMMA20', 'SMMA20 is below SMMA120', 'RSI is overbought']",2026-08-12 18:26:21
TVSSCS,TVSSCS-EQ,129.03,129.03,129.03,4044.0,0.0,0.0,4044.0,0.0,295.0,3139526.0,132.1,132.60820413179536,117.79391683600205,44.041070773744046,,,,,,NONE,,HOLD,10.0,False,True,"['Price is below SMMA20', 'SMMA20 is above SMMA120', 'RSI shows weak momentum']",2026-08-12 18:26:23
QNIFTY,QNIFTY-EQ,268.21,268.21,0.0,0.0,0.0,0.0,0.0,0.0,3.0,798.0,268.15,266.2547384257829,268.6032497777915,71.00396301188894,,,,,,NONE,,HOLD,10.0,False,True,"['Price is above SMMA20', 'SMMA20 is below SMMA120', 'RSI is overbought']",2026-08-12 18:26:31
IDBI,IDBI-EQ,82.46,82.46,82.46,2647.0,0.0,0.0,2647.0,0.0,100.0,3078680.0,82.67,83.17355254206134,87.85866934863293,30.82595870206488,,,,,,NONE,,SELL,70.0,False,True,"['Price is below SMMA20', 'SMMA20 is below SMMA120', 'RSI shows weak momentum']",2026-08-12 18:26:33
GUJAPOLLO,GUJAPOLLO-EQ,347.3,347.3,0.0,0.0,0.0,0.0,0.0,0.0,4.0,3094.0,347.4,361.6276403297924,391.58973512274235,52.8130671506352,,,,,,NONE,,SELL,50.0,False,True,"['Price is below SMMA20', 'SMMA20 is below SMMA120', 'RSI shows mild bullish momentum']",2026-08-12 18:26:50
ORIENTBELL,ORIENTBELL-EQ,361.95,361.95,361.95,1.0,0.0,0.0,1.0,0.0,1.0,104366.0,361.22,322.5894963220016,301.55409981914744,78.78217200251095,,,,,,NONE,,HOLD,50.0,False,True,"['Price is above SMMA20', 'SMMA20 is above SMMA120', 'RSI is overbought']",2026-08-12 18:26:54
TARIL,TARIL-EQ,292.45,292.45,292.45,14.0,0.0,0.0,14.0,0.0,95.0,692010.0,294.05,311.1276201908354,298.98692591718435,48.41168996188056,,,,,,NONE,,HOLD,10.0,False,True,"['Price is below SMMA20', 'SMMA20 is above SMMA120', 'RSI shows weak momentum']",2026-08-12 18:27:00
HGM,HGM-EQ,48.11,48.11,0.0,0.0,0.0,0.0,0.0,0.0,100.0,5290.0,47.93,50.739130109938934,56.04551412915091,59.27051671732523,,,,,,NONE,,HOLD,35.0,False,True,"['Price is below SMMA20', 'SMMA20 is below SMMA120', 'RSI shows healthy bullish momentum']",2026-08-12 18:27:02
DBL,DBL-EQ,414.95,414.95,414.95,110.0,0.0,0.0,110.0,0.0,35.0,280623.0,415.37,432.43743967881466,442.1554740365327,57.5597554196776,,,,,,NONE,,HOLD,35.0,False,True,"['Price is below SMMA20', 'SMMA20 is below SMMA120', 'RSI shows healthy bullish momentum']",2026-08-12 18:27:05
GILLANDERS,GILLANDERS-EQ,90.21,90.21,0.0,0.0,0.0,0.0,0.0,0.0,100.0,2199.0,90.99,89.82353203358358,92.15924153829305,61.43977191731997,,,,,,NONE,,HOLD,25.0,False,True,"['Price is above SMMA20', 'SMMA20 is below SMMA120', 'RSI shows healthy bullish momentum']",2026-08-12 18:27:08
MMTC,MMTC-EQ,64.43,64.43,64.43,290.0,0.0,0.0,290.0,0.0,250.0,1977239.0,65.07,64.40843510698807,63.34356991153661,63.69636963696381,,,,,,NONE,,BUY,85.0,False,True,"['Price is above SMMA20', 'SMMA20 is above SMMA120', 'RSI shows healthy bullish momentum']",2026-08-12 18:27:10
ASIANTILES,ASIANTILES-EQ,53.12,53.12,53.12,3200.0,0.0,0.0,3200.0,0.0,1.0,8536751.0,53.75,54.035925997895845,62.94489643619934,52.71691498685363,,,,,,NONE,,SELL,50.0,False,True,"['Price is below SMMA20', 'SMMA20 is below SMMA120', 'RSI shows mild bullish momentum']",2026-08-12 18:27:12
HINDPETRO,HINDPETRO-EQ,390.0,390.0,390.0,4754.0,0.0,0.0,4754.0,0.0,5.0,10513694.0,388.9,392.77296391734114,405.9204666366693,54.69924812030075,,,,,,NONE,,SELL,50.0,False,True,"['Price is below SMMA20', 'SMMA20 is below SMMA120', 'RSI shows mild bullish momentum']",2026-08-12 18:27:16
FLAIR,FLAIR-EQ,249.45,249.45,0.0,0.0,249.45,26.0,0.0,26.0,2.0,196484.0,248.79,261.3497577643344,293.4755945382286,55.172413793103416,,,,,,SELL,285.05,HOLD,35.0,False,True,"['Price is below SMMA20', 'SMMA20 is below SMMA120', 'RSI shows healthy bullish momentum']",2026-08-12 18:27:19
GICHSGFIN,GICHSGFIN-EQ,149.41,149.41,0.0,0.0,0.0,0.0,0.0,0.0,72.0,80467.0,149.75,150.9448708793874,155.60367658205467,57.571428571428584,,,,,,NONE,,HOLD,35.0,False,True,"['Price is below SMMA20', 'SMMA20 is below SMMA120', 'RSI shows healthy bullish momentum']",2026-08-12 18:27:21
HDFCNEXT50,HDFCNEXT50-EQ,76.0,76.0,0.0,0.0,76.0,140.0,0.0,140.0,9.0,279736.0,75.97,74.06094791750901,71.02356045363688,79.38596491228077,,,,,,NONE,,HOLD,50.0,False,True,"['Price is above SMMA20', 'SMMA20 is above SMMA120', 'RSI is overbought']",2026-08-12 18:27:23
DBOL,DBOL-EQ,114.11,114.11,0.0,0.0,0.0,0.0,0.0,0.0,195.0,36778.0,114.56,109.27626120939222,102.93426086557352,68.78595216469877,,,,,,NONE,,BUY,85.0,False,True,"['Price is above SMMA20', 'SMMA20 is above SMMA120', 'RSI shows healthy bullish momentum']",2026-08-12 18:27:26
IDFNIFTYET,IDFNIFTYET-EQ,272.96,272.96,272.96,58.0,0.0,0.0,58.0,0.0,66.0,394.0,270.86,267.5379150596941,270.7387692943133,70.46537193111016,,,,,,NONE,,HOLD,10.0,False,True,"['Price is above SMMA20', 'SMMA20 is below SMMA120', 'RSI is overbought']",2026-08-12 18:27:28
EMAMIREAL,EMAMIREAL-EQ,76.82,76.82,0.0,0.0,76.82,180.0,0.0,180.0,15.0,7929.0,76.69,79.77470885956292,77.79884460850714,39.067894131185255,,,,,,NONE,,HOLD,10.0,False,True,"['Price is below SMMA20', 'SMMA20 is above SMMA120', 'RSI shows weak momentum']",2026-08-12 18:27:34
GANDHAR,GANDHAR-EQ,236.28,236.28,236.28,1292.0,0.0,0.0,1292.0,0.0,10.0,930996.0,237.88,215.41873899611227,164.79433149387165,31.17322120537554,,,,,,NONE,,HOLD,50.0,False,True,"['Price is above SMMA20', 'SMMA20 is above SMMA120', 'RSI shows weak momentum']",2026-08-12 18:27:36
GENESYS,GENESYS-EQ,208.0,208.0,0.0,0.0,208.0,35.0,0.0,35.0,7.0,183143.0,209.12,211.35202534738082,212.21997751897123,52.204775220477515,,,,,,SELL,204.99,SELL,50.0,False,True,"['Price is below SMMA20', 'SMMA20 is below SMMA120', 'RSI shows mild bullish momentum']",2026-08-12 18:27:42
WAAREEINDO,WAAREEINDO-EQ,299.1,299.1,299.1,102.0,0.0,0.0,102.0,0.0,2.0,78992.0,300.42,354.24055672001913,402.55125660849734,30.8182784272051,,,,,,NONE,,SELL,70.0,False,True,"['Price is below SMMA20', 'SMMA20 is below SMMA120', 'RSI shows weak momentum']",2026-08-12 18:27:44
GOLDIETF,GOLDIETF-EQ,131.06,131.06,131.06,7.0,0.0,0.0,7.0,0.0,4.0,4669000.0,130.76,124.65914210477122,126.4375673475319,78.57142857142857,,,,,,SELL,119.54,HOLD,10.0,False,True,"['Price is above SMMA20', 'SMMA20 is below SMMA120', 'RSI is overbought']",2026-08-12 18:27:50
SHREEPUSHK,SHREEPUSHK-EQ,400.9,400.9,400.9,253.0,0.0,0.0,253.0,0.0,6.0,35145.0,408.29,399.69530324621445,364.8286149204623,56.521739130434796,,,,,,NONE,,BUY,85.0,False,True,"['Price is above SMMA20', 'SMMA20 is above SMMA120', 'RSI shows healthy bullish momentum']",2026-08-12 18:27:52
SPANDANA,SPANDANA-EQ,245.0,245.0,0.0,0.0,245.0,265.0,0.0,265.0,20.0,204596.0,246.73,267.3724924392764,252.826299547564,17.869415807560088,,,,,,NONE,,HOLD,25.0,False,True,"['Price is below SMMA20', 'SMMA20 is above SMMA120', 'RSI is strongly oversold']",2026-08-12 18:27:55
MOM50,MOM50-EQ,255.88,255.88,0.0,0.0,255.88,142.0,0.0,142.0,1.0,10312.0,255.43,252.99832033417147,255.31341418115338,68.1557846506299,,,,,,NONE,,HOLD,25.0,False,True,"['Price is above SMMA20', 'SMMA20 is below SMMA120', 'RSI shows healthy bullish momentum']",2026-08-12 18:27:57
CANBK,CANBK-EQ,132.0,132.0,0.0,0.0,132.0,2832.0,0.0,2832.0,150.0,26542679.0,131.88,128.58717616195077,138.0889796068879,66.82194616977226,,,,,,NONE,,HOLD,25.0,False,True,"['Price is above SMMA20', 'SMMA20 is below SMMA120', 'RSI shows healthy bullish momentum']",2026-08-12 18:28:00
GRMOVER,GRMOVER-EQ,91.38,91.38,0.0,0.0,0.0,0.0,0.0,0.0,1.0,1610382.0,91.83,98.21806114868389,139.03537039094957,53.60381861575177,,,,,,NONE,,SELL,50.0,False,True,"['Price is below SMMA20', 'SMMA20 is below SMMA120', 'RSI shows mild bullish momentum']",2026-08-12 18:28:02
IITL,IITL-EQ,146.68,146.68,0.0,0.0,0.0,0.0,0.0,0.0,13.0,101140.0,145.76,138.03822075476037,144.27292159067494,65.05702858835728,,,,,,SELL,138.03,HOLD,25.0,False,True,"['Price is above SMMA20', 'SMMA20 is below SMMA120', 'RSI shows healthy bullish momentum']",2026-08-12 18:28:05
UNIONBANK,UNIONBANK-EQ,187.0,187.0,0.0,0.0,187.0,89812.0,0.0,89812.0,40.0,22005359.0,186.01,173.34753950186592,172.1619558487583,81.63265306122447,,,,,,BUY,181.14,HOLD,50.0,False,True,"['Price is above SMMA20', 'SMMA20 is above SMMA120', 'RSI is overbought']",2026-08-12 18:28:08
SJVN,SJVN-EQ,67.11,67.11,0.0,0.0,67.11,3204.0,0.0,3204.0,4.0,1127777.0,67.16,69.83751594584072,72.88624759734451,45.53990610328632,,,,,,SELL,73.67,SELL,70.0,False,True,"['Price is below SMMA20', 'SMMA20 is below SMMA120', 'RSI shows weak momentum']",2026-08-12 18:28:10
SECMARK,SECMARK-EQ,127.77,127.77,0.0,0.0,0.0,0.0,0.0,0.0,14.0,2691.0,124.75,125.5127524794445,119.09249287772782,47.420367877972176,,,,,,NONE,,HOLD,50.0,False,True,"['Price is above SMMA20', 'SMMA20 is above SMMA120', 'RSI shows weak momentum']",2026-08-12 18:28:13
UNIENTER,UNIENTER-EQ,97.08,97.08,0.0,0.0,0.0,0.0,0.0,0.0,1.0,3945.0,96.84,101.08637933087996,111.34270826352642,44.189016602809716,,,,,,NONE,,SELL,70.0,False,True,"['Price is below SMMA20', 'SMMA20 is below SMMA120', 'RSI shows weak momentum']",2026-08-12 18:28:15
CGCL,CGCL-EQ,228.75,228.75,228.75,347.0,0.0,0.0,347.0,0.0,21.0,2592162.0,229.96,230.78288730842542,196.15767694773143,41.482578000455476,,,,,,NONE,,HOLD,10.0,False,True,"['Price is below SMMA20', 'SMMA20 is above SMMA120', 'RSI shows weak momentum']",2026-08-12 18:28:17
TERASOFT,TERASOFT-EQ,370.65,370.65,370.65,295.0,0.0,0.0,295.0,0.0,5.0,126604.0,370.43,397.3905822476237,387.58726691233795,46.24035989717222,,,,,,BUY,437.65,HOLD,10.0,False,True,"['Price is below SMMA20', 'SMMA20 is above SMMA120', 'RSI shows weak momentum']",2026-08-12 18:28:21
KCP,KCP-EQ,152.99,152.99,0.0,0.0,0.0,0.0,0.0,0.0,2.0,73619.0,152.33,161.91069425800538,165.49986879055263,30.489671002295395,,,,,,SELL,152.97,SELL,70.0,False,True,"['Price is below SMMA20', 'SMMA20 is below SMMA120', 'RSI shows weak momentum']",2026-08-12 18:28:23
PFC,PFC-EQ,376.5,376.5,376.5,2209.0,0.0,0.0,2209.0,0.0,400.0,12028949.0,377.39,414.5194354070544,409.1147835897722,26.71755725190843,,,,,,NONE,,HOLD,25.0,False,True,"['Price is below SMMA20', 'SMMA20 is above SMMA120', 'RSI is strongly oversold']",2026-08-12 18:28:26
PSUBANK,PSUBANK-EQ,88.21,88.21,0.0,0.0,0.0,0.0,0.0,0.0,584.0,200641.0,87.9,84.89397814448022,86.0531332483033,78.0458383594693,,,,,,NONE,,HOLD,10.0,False,True,"['Price is above SMMA20', 'SMMA20 is below SMMA120', 'RSI is overbought']",2026-08-12 18:28:28
GSEC10YEAR,GSEC10YEAR-EQ,30.65,30.65,0.0,0.0,0.0,0.0,0.0,0.0,1100.0,2483.0,30.63,30.373041600761372,29.895766164643828,51.30890052356013,,,,,,NONE,,BUY,70.0,False,True,"['Price is above SMMA20', 'SMMA20 is above SMMA120', 'RSI shows mild bullish momentum']",2026-08-12 18:28:30
GMRAIRPORT,GMRAIRPORT-EQ,104.55,104.55,0.0,0.0,104.55,1548.0,0.0,1548.0,700.0,18618816.0,103.45,107.03575675342714,100.85275583915828,36.61071143085528,,,,,,BUY,100.32,HOLD,10.0,False,True,"['Price is below SMMA20', 'SMMA20 is above SMMA120', 'RSI shows weak momentum']",2026-08-12 18:28:33
DWARKESH,DWARKESH-EQ,41.56,41.56,41.56,1069.0,0.0,0.0,1069.0,0.0,100.0,683122.0,41.67,42.05046556248409,40.8716832513752,47.355003186743154,,,,,,NONE,,HOLD,10.0,False,True,"['Price is below SMMA20', 'SMMA20 is above SMMA120', 'RSI shows weak momentum']",2026-08-12 18:28:38
FMGOETZE,FMGOETZE-EQ,487.2,487.2,0.0,0.0,487.2,2.0,0.0,2.0,1.0,28850.0,487.0,471.57448610134225,445.39277742211067,59.88083416087388,,,,,,NONE,,BUY,85.0,False,True,"['Price is above SMMA20', 'SMMA20 is above SMMA120', 'RSI shows healthy bullish momentum']",2026-08-12 18:28:41
BVCL,BVCL-EQ,41.25,41.25,0.0,0.0,41.25,796.0,0.0,796.0,63.0,7283.0,41.21,41.69103999372315,42.27312620061153,50.20408163265307,,,,,,NONE,,SELL,50.0,False,True,"['Price is below SMMA20', 'SMMA20 is below SMMA120', 'RSI shows mild bullish momentum']",2026-08-12 18:28:43
NSLNISP,NSLNISP-EQ,44.0,44.0,0.0,0.0,44.0,54589.0,0.0,54589.0,11.0,2802778.0,44.13,43.779725642602465,42.26207338244246,66.43356643356641,,,,,,NONE,,BUY,85.0,False,True,"['Price is above SMMA20', 'SMMA20 is above SMMA120', 'RSI shows healthy bullish momentum']",2026-08-12 18:28:50
LAOPALA,LAOPALA-EQ,189.83,189.83,0.0,0.0,189.83,197.0,0.0,197.0,3.0,212255.0,189.08,185.7848734857987,187.8806859959374,52.108262108262096,,,,,,NONE,,HOLD,10.0,False,True,"['Price is above SMMA20', 'SMMA20 is below SMMA120', 'RSI shows mild bullish momentum']",2026-08-12 18:28:59
HDFCBSE500,HDFCBSE500-EQ,38.22,38.22,0.0,0.0,38.22,500.0,0.0,500.0,4475.0,879737.0,38.05,37.54894412022341,36.943532533953295,73.47670250896061,,,,,,BUY,37.72,HOLD,50.0,False,True,"['Price is above SMMA20', 'SMMA20 is above SMMA120', 'RSI is overbought']",2026-08-12 18:29:06
HIMATSEIDE,HIMATSEIDE-EQ,76.16,76.16,0.0,0.0,0.0,0.0,0.0,0.0,50.0,417971.0,76.7,81.84949702523902,91.70929888464192,31.732776617954045,,,,,,NONE,,SELL,70.0,False,True,"['Price is below SMMA20', 'SMMA20 is below SMMA120', 'RSI shows weak momentum']",2026-08-12 18:29:08
AEROENTER,AEROENTER-EQ,129.29,129.29,0.0,0.0,129.29,6611.0,0.0,6611.0,939.0,1019988.0,131.01,122.36540413785409,97.19791413581106,57.59679572763685,,,,,,NONE,,BUY,85.0,False,True,"['Price is above SMMA20', 'SMMA20 is above SMMA120', 'RSI shows healthy bullish momentum']",2026-08-12 18:29:10
NITCO,NITCO-EQ,96.81,96.81,96.81,85.0,0.0,0.0,85.0,0.0,85.0,647580.0,95.59,103.41129131461719,92.81491448175201,40.08687558175613,,,,,,NONE,,HOLD,10.0,False,True,"['Price is below SMMA20', 'SMMA20 is above SMMA120', 'RSI shows weak momentum']",2026-08-12 18:29:16
EMKAY,EMKAY-EQ,246.85,246.85,0.0,0.0,246.85,2986.0,0.0,2986.0,29.0,48493.0,241.39,249.00002016035555,247.21453748732444,59.22266139657446,,,,,,BUY,290.69,HOLD,25.0,False,True,"['Price is below SMMA20', 'SMMA20 is above SMMA120', 'RSI shows healthy bullish momentum']",2026-08-12 18:29:18
RUCHIRA,RUCHIRA-EQ,105.89,105.89,0.0,0.0,105.89,198.0,0.0,198.0,280.0,105207.0,107.26,108.9580350922298,112.65547672379564,43.13627254509019,,,,,,SELL,110.52,SELL,70.0,False,True,"['Price is below SMMA20', 'SMMA20 is below SMMA120', 'RSI shows weak momentum']",2026-08-12 18:29:21
HGS,HGS-EQ,406.75,406.75,406.75,52.0,0.0,0.0,52.0,0.0,50.0,19030.0,407.94,420.7396163213558,412.42561539066395,33.705932932072244,,,,,,BUY,427.2,HOLD,10.0,False,True,"['Price is below SMMA20', 'SMMA20 is above SMMA120', 'RSI shows weak momentum']",2026-08-12 18:29:23
THEMISMED,THEMISMED-EQ,108.64,108.64,0.0,0.0,108.64,3055.0,0.0,3055.0,200.0,83197.0,110.86,109.73331189420082,97.61275514070651,51.10995037868896,,,,,,NONE,,HOLD,10.0,False,True,"['Price is below SMMA20', 'SMMA20 is above SMMA120', 'RSI shows mild bullish momentum']",2026-08-12 18:29:29
MANOMAY,MANOMAY-EQ,216.56,216.56,0.0,0.0,216.56,2169.0,0.0,2169.0,1.0,73452.0,216.01,200.27724680015825,205.78069437748894,76.32743362831852,,,,,,NONE,,HOLD,10.0,False,True,"['Price is above SMMA20', 'SMMA20 is below SMMA120', 'RSI is overbought']",2026-08-12 18:29:31
MAANALU,MAANALU-EQ,125.01,125.01,125.01,50.0,0.0,0.0,50.0,0.0,8.0,148917.0,127.57,123.35861370277989,137.31468489937686,64.52787895769126,,,,,,NONE,,HOLD,25.0,False,True,"['Price is above SMMA20', 'SMMA20 is below SMMA120', 'RSI shows healthy bullish momentum']",2026-08-12 18:29:34
GOLDIAM,GOLDIAM-EQ,372.85,372.85,372.85,227.0,0.0,0.0,227.0,0.0,6.0,898754.0,374.52,352.36823332108617,295.9633242942198,62.47582205029016,,,,,,NONE,,BUY,85.0,False,True,"['Price is above SMMA20', 'SMMA20 is above SMMA120', 'RSI shows healthy bullish momentum']",2026-08-12 18:29:36
CSBBANK,CSBBANK-EQ,319.2,319.2,0.0,0.0,0.0,0.0,0.0,0.0,4.0,247247.0,318.92,342.47999215543234,383.6653367356076,33.06808134394345,,,,,,NONE,,SELL,70.0,False,True,"['Price is below SMMA20', 'SMMA20 is below SMMA120', 'RSI shows weak momentum']",2026-08-12 18:29:38
GPTINFRA,GPTINFRA-EQ,118.87,118.87,0.0,0.0,118.87,1.0,0.0,1.0,1.0,104185.0,118.0,119.03781269673502,114.323612926029,54.872881355932215,,,,,,NONE,,HOLD,10.0,False,True,"['Price is below SMMA20', 'SMMA20 is above SMMA120', 'RSI shows mild bullish momentum']",2026-08-12 18:29:41
SENSEXETF,SENSEXETF-EQ,80.44,80.44,0.0,0.0,0.0,0.0,0.0,0.0,43.0,25034.0,80.28,79.82940131059878,81.0759944288761,60.813308687615525,,,,,,NONE,,HOLD,25.0,False,True,"['Price is above SMMA20', 'SMMA20 is below SMMA120', 'RSI shows healthy bullish momentum']",2026-08-12 18:29:44
COALINDIA,COALINDIA-EQ,409.3,409.3,0.0,0.0,409.3,4409.0,0.0,4409.0,4.0,4089147.0,409.91,427.05236012397944,434.76062506708433,29.109589041095944,,,,,,SELL,410.05,SELL,85.0,False,True,"['Price is below SMMA20', 'SMMA20 is below SMMA120', 'RSI is strongly oversold']",2026-08-12 18:29:46
BHAGYANGR,BHAGYANGR-EQ,379.1,379.1,0.0,0.0,379.1,80.0,0.0,80.0,7.0,76254.0,380.13,374.1214944236118,253.19406448417845,41.517561298873424,,,,,,NONE,,HOLD,50.0,False,True,"['Price is above SMMA20', 'SMMA20 is above SMMA120', 'RSI shows weak momentum']",2026-08-12 18:29:48
MASFIN,MASFIN-EQ,302.85,302.85,0.0,0.0,0.0,0.0,0.0,0.0,306.0,80187.0,302.79,313.1081141644224,315.6220845965689,41.150442477876105,,,,,,SELL,307.2,SELL,70.0,False,True,"['Price is below SMMA20', 'SMMA20 is below SMMA120', 'RSI shows weak momentum']",2026-08-12 18:29:51
LICNFNHGP,LICNFNHGP-EQ,280.95,280.95,0.0,0.0,0.0,0.0,0.0,0.0,10.0,199.0,279.97,276.67722118034106,276.70449734520497,61.98704103671702,,,,,,NONE,,HOLD,25.0,False,True,"['Price is above SMMA20', 'SMMA20 is below SMMA120', 'RSI shows healthy bullish momentum']",2026-08-12 18:29:53
MARATHON,MARATHON-EQ,373.3,373.3,373.3,13.0,0.0,0.0,13.0,0.0,1.0,34628.0,375.9,398.7090478842305,450.6500071700999,43.448275862068975,,,,,,NONE,,SELL,70.0,False,True,"['Price is below SMMA20', 'SMMA20 is below SMMA120', 'RSI shows weak momentum']",2026-08-12 18:29:59
EIHAHOTELS,EIHAHOTELS-EQ,292.85,292.85,0.0,0.0,292.85,36.0,0.0,36.0,17.0,9539.0,293.72,312.4707574429434,323.86811907624417,36.616161616161634,,,,,,NONE,,SELL,70.0,False,True,"['Price is below SMMA20', 'SMMA20 is below SMMA120', 'RSI shows weak momentum']",2026-08-12 18:30:04
VPRPL,VPRPL-EQ,37.25,37.25,0.0,0.0,37.25,11418.0,0.0,11418.0,40.0,2270413.0,37.1,30.37285195274246,40.30513560250778,72.56800368833564,,,,,,NONE,,HOLD,10.0,False,True,"['Price is above SMMA20', 'SMMA20 is below SMMA120', 'RSI is overbought']",2026-08-12 18:30:07
NACLIND,NACLIND-EQ,171.27,171.27,171.27,263.0,0.0,0.0,263.0,0.0,1.0,503552.0,172.44,190.54567122184773,167.5808979022594,31.364922206506364,,,,,,NONE,,HOLD,10.0,False,True,"['Price is below SMMA20', 'SMMA20 is above SMMA120', 'RSI shows weak momentum']",2026-08-12 18:30:09
KANPRPLA,KANPRPLA-EQ,232.45,232.45,0.0,0.0,232.45,19.0,0.0,19.0,120.0,101318.0,227.27,205.97613397632298,192.9350348905188,65.83400483481063,,,,,,NONE,,BUY,85.0,False,True,"['Price is above SMMA20', 'SMMA20 is above SMMA120', 'RSI shows healthy bullish momentum']",2026-08-12 18:30:15
IREDA,IREDA-EQ,117.8,117.8,117.8,1893.0,0.0,0.0,1893.0,0.0,100.0,4344077.0,117.68,122.23461642549435,126.71754917180711,43.25757575757575,,,,,,NONE,,SELL,70.0,False,True,"['Price is below SMMA20', 'SMMA20 is below SMMA120', 'RSI shows weak momentum']",2026-08-12 18:30:17
BECTORFOOD,BECTORFOOD-EQ,242.35,242.35,0.0,0.0,242.35,1152.0,0.0,1152.0,205.0,2242467.0,238.76,202.8332278259402,204.01154071407112,79.30235726938275,,,,,,NONE,,HOLD,10.0,False,True,"['Price is above SMMA20', 'SMMA20 is below SMMA120', 'RSI is overbought']",2026-08-12 18:30:20
JLHL,JLHL-EQ,306.25,306.25,0.0,0.0,306.25,1251.0,0.0,1251.0,9.0,195568.0,309.65,304.3770334377663,272.6707980014948,42.93193717277488,,,,,,BUY,265.2,HOLD,50.0,False,True,"['Price is above SMMA20', 'SMMA20 is above SMMA120', 'RSI shows weak momentum']",2026-08-12 18:30:22
ITBEES,ITBEES-EQ,34.65,34.65,34.65,4530.0,0.0,0.0,4530.0,0.0,500.0,13117804.0,34.71,33.01930485480469,35.06133271668353,74.37185929648246,,,,,,NONE,,HOLD,10.0,False,True,"['Price is above SMMA20', 'SMMA20 is below SMMA120', 'RSI is overbought']",2026-08-12 18:30:25
IONEXCHANG,IONEXCHANG-EQ,376.85,376.85,376.85,634.0,0.0,0.0,634.0,0.0,1.0,266067.0,377.7,405.6259628282644,381.84244753865283,34.891089108910876,,,,,,NONE,,HOLD,10.0,False,True,"['Price is below SMMA20', 'SMMA20 is above SMMA120', 'RSI shows weak momentum']",2026-08-12 18:30:27
AHLADA,AHLADA-EQ,41.45,41.45,41.45,11.0,0.0,0.0,11.0,0.0,4.0,35520.0,40.91,38.698764200215784,43.51401627796277,69.03499469777307,,,,,,NONE,,HOLD,25.0,False,True,"['Price is above SMMA20', 'SMMA20 is below SMMA120', 'RSI shows healthy bullish momentum']",2026-08-12 18:30:29
ANIKINDS,ANIKINDS-EQ,40.09,40.09,40.09,801.0,0.0,0.0,801.0,0.0,167.0,41347.0,41.07,43.09761331256989,45.108615072293354,46.98703279938978,,,,,,NONE,,SELL,70.0,False,True,"['Price is below SMMA20', 'SMMA20 is below SMMA120', 'RSI shows weak momentum']",2026-08-12 18:30:32
COHANCE,COHANCE-EQ,444.35,444.35,0.0,0.0,444.35,1648.0,0.0,1648.0,1.0,517907.0,450.54,435.8964780966943,412.95842806180127,62.45103525461667,,,,,,NONE,,BUY,85.0,False,True,"['Price is above SMMA20', 'SMMA20 is above SMMA120', 'RSI shows healthy bullish momentum']",2026-08-12 18:30:34
LTGILTBEES,LTGILTBEES-EQ,30.05,30.05,30.05,22.0,0.0,0.0,22.0,0.0,4978.0,613477.0,30.04,29.859608985451978,29.401675286094253,69.09090909090926,,,,,,BUY,29.49,BUY,85.0,False,True,"['Price is above SMMA20', 'SMMA20 is above SMMA120', 'RSI shows healthy bullish momentum']",2026-08-12 18:30:36
RGL,RGL-EQ,110.14,110.14,0.0,0.0,110.14,2701.0,0.0,2701.0,100.0,918270.0,111.18,116.3615676019554,112.84764890699121,39.50421940928271,,,,,,BUY,119.43,HOLD,10.0,False,True,"['Price is below SMMA20', 'SMMA20 is above SMMA120', 'RSI shows weak momentum']",2026-08-12 18:30:39
KOKUYOCMLN,KOKUYOCMLN-EQ,81.87,81.87,0.0,0.0,0.0,0.0,0.0,0.0,19.0,32420.0,81.72,85.74616974866606,85.89128522830451,43.41346153846154,,,,,,SELL,81.51,SELL,70.0,False,True,"['Price is below SMMA20', 'SMMA20 is below SMMA120', 'RSI shows weak momentum']",2026-08-12 18:30:41
RVHL,RVHL-EQ,42.93,42.93,0.0,0.0,42.93,22.0,0.0,22.0,15.0,3059.0,42.92,44.42910618260566,44.09028917488952,31.639722863741298,,,,,,BUY,46.69,HOLD,10.0,False,True,"['Price is below SMMA20', 'SMMA20 is above SMMA120', 'RSI shows weak momentum']",2026-08-12 18:30:44
KABRAEXTRU,KABRAEXTRU-EQ,494.9,494.9,0.0,0.0,494.9,1007.0,0.0,1007.0,25.0,170668.0,505.82,365.2356583626336,262.4342439714353,72.12736502076602,,,,,,NONE,,HOLD,50.0,False,True,"['Price is above SMMA20', 'SMMA20 is above SMMA120', 'RSI is overbought']",2026-08-12 18:30:46
BSLGOLDETF,BSLGOLDETF-EQ,134.53,134.53,0.0,0.0,0.0,0.0,0.0,0.0,91.0,2790558.0,134.31,127.9659153085297,129.8329728696527,78.90909090909086,,,,,,SELL,122.77,HOLD,10.0,False,True,"['Price is above SMMA20', 'SMMA20 is below SMMA120', 'RSI is overbought']",2026-08-12 18:30:48
BALUFORGE,BALUFORGE-EQ,463.0,463.0,463.0,667.0,0.0,0.0,667.0,0.0,5.0,1012793.0,463.79,453.4928820015739,479.0360536648836,67.74744027303753,,,,,,NONE,,HOLD,25.0,False,True,"['Price is above SMMA20', 'SMMA20 is below SMMA120', 'RSI shows healthy bullish momentum']",2026-08-12 18:30:51
CAPACITE,CAPACITE-EQ,209.05,209.05,0.0,0.0,209.05,4506.0,0.0,4506.0,60.0,161399.0,209.47,224.2713804422212,234.45081209281955,44.629104175111486,,,,,,SELL,225.1,SELL,70.0,False,True,"['Price is below SMMA20', 'SMMA20 is below SMMA120', 'RSI shows weak momentum']",2026-08-12 18:30:53
DCAL,DCAL-EQ,191.15,191.15,191.15,494.0,0.0,0.0,494.0,0.0,1.0,233026.0,190.17,187.98436211877774,194.0645618826807,63.47589952477935,,,,,,NONE,,HOLD,25.0,False,True,"['Price is above SMMA20', 'SMMA20 is below SMMA120', 'RSI shows healthy bullish momentum']",2026-08-12 18:30:56
SCILAL,SCILAL-EQ,40.6,40.6,40.6,600.0,0.0,0.0,600.0,0.0,400.0,126870.0,40.76,42.408622244121695,44.41538284754089,39.66597077244257,,,,,,SELL,43.79,SELL,70.0,False,True,"['Price is below SMMA20', 'SMMA20 is below SMMA120', 'RSI shows weak momentum']",2026-08-12 18:31:01
APEX,APEX-EQ,366.75,366.75,0.0,0.0,366.75,6.0,0.0,6.0,3.0,101850.0,366.68,392.4123946916954,380.06331001844313,38.403614457831324,,,,,,NONE,,HOLD,10.0,False,True,"['Price is below SMMA20', 'SMMA20 is above SMMA120', 'RSI shows weak momentum']",2026-08-12 18:31:03
SMALLCAP,SMALLCAP-EQ,48.55,48.55,0.0,0.0,0.0,0.0,0.0,0.0,10.0,1237553.0,48.54,46.98562985738651,44.04628272290323,71.5328467153285,,,,,,NONE,,HOLD,50.0,False,True,"['Price is above SMMA20', 'SMMA20 is above SMMA120', 'RSI is overbought']",2026-08-12 18:31:09
MODIRUBBER,MODIRUBBER-EQ,120.85,120.85,0.0,0.0,0.0,0.0,0.0,0.0,1.0,789.0,120.34,125.6958583885411,124.27923438876437,47.436321534899115,,,,,,NONE,,HOLD,10.0,False,True,"['Price is below SMMA20', 'SMMA20 is above SMMA120', 'RSI shows weak momentum']",2026-08-12 18:31:11
PALASHSECU,PALASHSECU-EQ,89.62,89.62,0.0,0.0,0.0,0.0,0.0,0.0,50.0,10054.0,89.88,90.83563232301847,95.36632604906171,47.633262260127935,,,,,,NONE,,SELL,70.0,False,True,"['Price is below SMMA20', 'SMMA20 is below SMMA120', 'RSI shows weak momentum']",2026-08-12 18:31:14
DYNPRO,DYNPRO-EQ,262.1,262.1,0.0,0.0,0.0,0.0,0.0,0.0,1.0,9164.0,262.96,246.23513558109707,236.89828312876352,72.90563687324826,,,,,,BUY,238.22,HOLD,50.0,False,True,"['Price is above SMMA20', 'SMMA20 is above SMMA120', 'RSI is overbought']",2026-08-12 18:31:16
HFCL,HFCL-EQ,221.52,221.52,0.0,0.0,221.52,12606.0,0.0,12606.0,100.0,28062533.0,220.06,200.73629755004555,126.83449280819913,58.37663087403303,,,,,,NONE,,BUY,85.0,False,True,"['Price is above SMMA20', 'SMMA20 is above SMMA120', 'RSI shows healthy bullish momentum']",2026-08-12 18:31:22
BFINVEST,BFINVEST-EQ,457.0,457.0,0.0,0.0,457.0,29.0,0.0,29.0,10.0,38808.0,460.53,459.30693189804094,419.10731184222357,52.76995305164318,,,,,,NONE,,HOLD,10.0,False,True,"['Price is below SMMA20', 'SMMA20 is above SMMA120', 'RSI shows mild bullish momentum']",2026-08-12 18:31:28
GANGESSECU,GANGESSECU-EQ,118.31,118.31,0.0,0.0,0.0,0.0,0.0,0.0,1.0,5927.0,116.78,118.49309606057902,123.64234161526176,56.5807962529274,,,,,,NONE,,HOLD,35.0,False,True,"['Price is below SMMA20', 'SMMA20 is below SMMA120', 'RSI shows healthy bullish momentum']",2026-08-12 18:31:30
NIFTYBETF,NIFTYBETF-EQ,250.72,250.72,0.0,0.0,0.0,0.0,0.0,0.0,3.0,7618.0,249.96,248.678923582993,251.0326529724185,69.99351911860005,,,,,,NONE,,HOLD,25.0,False,True,"['Price is above SMMA20', 'SMMA20 is below SMMA120', 'RSI shows healthy bullish momentum']",2026-08-12 18:31:32
KRONOX,KRONOX-EQ,173.93,173.93,0.0,0.0,173.93,547.0,0.0,547.0,50.0,717477.0,173.98,154.28684787184653,136.3816688092223,74.82694970004613,,,,,,NONE,,HOLD,50.0,False,True,"['Price is above SMMA20', 'SMMA20 is above SMMA120', 'RSI is overbought']",2026-08-12 18:31:35
MANCREDIT,MANCREDIT-EQ,243.44,243.44,243.44,2095.0,0.0,0.0,2095.0,0.0,5.0,41301.0,245.11,229.41457385601356,190.00146807937546,62.01939729823345,,,,,,NONE,,BUY,85.0,False,True,"['Price is above SMMA20', 'SMMA20 is above SMMA120', 'RSI shows healthy bullish momentum']",2026-08-12 18:31:37
LICNMID100,LICNMID100-EQ,64.51,64.51,0.0,0.0,0.0,0.0,0.0,0.0,39.0,3853.0,64.34,62.91079089989908,60.43514269514357,78.20224719101132,,,,,,NONE,,HOLD,50.0,False,True,"['Price is above SMMA20', 'SMMA20 is above SMMA120', 'RSI is overbought']",2026-08-12 18:31:40
MIDSMALL,MIDSMALL-EQ,52.49,52.49,0.0,0.0,0.0,0.0,0.0,0.0,567.0,577422.0,52.44,51.07621314604674,48.80423882781546,86.25730994152048,,,,,,NONE,,HOLD,50.0,False,True,"['Price is above SMMA20', 'SMMA20 is above SMMA120', 'RSI is overbought']",2026-08-12 18:31:42
PANAMAPET,PANAMAPET-EQ,480.55,480.55,480.55,2310.0,0.0,0.0,2310.0,0.0,500.0,11231024.0,528.04,445.98154702136446,337.6156020689818,45.984095427435385,,,,,,NONE,,HOLD,50.0,False,True,"['Price is above SMMA20', 'SMMA20 is above SMMA120', 'RSI shows weak momentum']",2026-08-12 18:31:44
BCLIND,BCLIND-EQ,37.48,37.48,37.48,17045.0,0.0,0.0,17045.0,0.0,200.0,606256.0,36.98,35.86905534423709,32.586451986796085,66.36245110821379,,,,,,NONE,,BUY,85.0,False,True,"['Price is above SMMA20', 'SMMA20 is above SMMA120', 'RSI shows healthy bullish momentum']",2026-08-12 18:31:47
ADL,ADL-EQ,70.21,70.21,0.0,0.0,0.0,0.0,0.0,0.0,37.0,845.0,71.05,71.40861371173426,72.21306747200805,51.2112676056338,,,,,,SELL,71.0,SELL,50.0,False,True,"['Price is below SMMA20', 'SMMA20 is below SMMA120', 'RSI shows mild bullish momentum']",2026-08-12 18:31:49
IXIGO,IXIGO-EQ,178.37,178.37,0.0,0.0,178.37,665.0,0.0,665.0,9.0,465902.0,179.89,191.3269697078843,194.30189849887446,44.68379944570421,,,,,,NONE,,SELL,70.0,False,True,"['Price is below SMMA20', 'SMMA20 is below SMMA120', 'RSI shows weak momentum']",2026-08-12 18:31:52
NCC,NCC-EQ,143.41,143.41,143.41,323.0,0.0,0.0,323.0,0.0,100.0,1041362.0,143.69,144.8716952587863,150.24458907019167,63.246610480029325,,,,,,SELL,149.51,HOLD,35.0,False,True,"['Price is below SMMA20', 'SMMA20 is below SMMA120', 'RSI shows healthy bullish momentum']",2026-08-12 18:31:54
UEL,UEL-EQ,259.47,259.47,0.0,0.0,259.47,3096.0,0.0,3096.0,1.0,13502.0,259.47,169.04954258715105,154.44421611117684,91.07405014974456,,,,,,BUY,257.79,HOLD,50.0,False,True,"['Price is above SMMA20', 'SMMA20 is above SMMA120', 'RSI is overbought']",2026-08-12 18:31:56
MUTHOOTMF,MUTHOOTMF-EQ,213.06,213.06,213.06,295.0,0.0,0.0,295.0,0.0,10.0,450472.0,214.96,224.85887590390016,191.8377406375712,31.06172178337127,,,,,,NONE,,HOLD,10.0,False,True,"['Price is below SMMA20', 'SMMA20 is above SMMA120', 'RSI shows weak momentum']",2026-08-12 18:31:59
CPSEETF,CPSEETF-EQ,93.86,93.86,93.86,9603.0,0.0,0.0,9603.0,0.0,1.0,1031400.0,93.6,96.2724590198393,98.55843036885895,21.83235867446382,,,,,,SELL,96.22,SELL,85.0,False,True,"['Price is below SMMA20', 'SMMA20 is below SMMA120', 'RSI is strongly oversold']",2026-08-12 18:32:01
ELGIRUBCO,ELGIRUBCO-EQ,58.81,58.81,0.0,0.0,58.81,10.0,0.0,10.0,117.0,83761.0,59.47,56.58138946970628,48.100926663322845,54.186521443158604,,,,,,NONE,,BUY,70.0,False,True,"['Price is above SMMA20', 'SMMA20 is above SMMA120', 'RSI shows mild bullish momentum']",2026-08-12 18:32:04
NIFTYAXIS,NIFTYAXIS-EQ,270.5,270.5,0.0,0.0,0.0,0.0,0.0,0.0,93.0,4328.0,270.04,267.44087830237476,269.97276691440425,70.06464445549457,,,,,,NONE,,HOLD,10.0,False,True,"['Price is above SMMA20', 'SMMA20 is below SMMA120', 'RSI is overbought']",2026-08-12 18:32:06
SBISILVER,SBISILVER-EQ,231.39,231.39,231.39,89.0,0.0,0.0,89.0,0.0,540.0,1320008.0,230.19,222.1239918664356,235.94190611580365,75.11612475116125,,,,,,SELL,220.2,HOLD,10.0,False,True,"['Price is above SMMA20', 'SMMA20 is below SMMA120', 'RSI is overbought']",2026-08-12 18:32:10
NAVNETEDUL,NAVNETEDUL-EQ,134.9,134.9,0.0,0.0,134.9,460.0,0.0,460.0,68.0,254987.0,133.76,139.49522133310492,142.65272692525957,39.721254355400724,,,,,,SELL,132.18,SELL,70.0,False,True,"['Price is below SMMA20', 'SMMA20 is below SMMA120', 'RSI shows weak momentum']",2026-08-12 18:32:12
BANDHANBNK,BANDHANBNK-EQ,176.0,176.0,176.0,5963.0,0.0,0.0,5963.0,0.0,500.0,7049218.0,175.47,186.7955918435551,176.33358109314844,69.18625678119346,,,,,,NONE,,HOLD,25.0,False,True,"['Price is below SMMA20', 'SMMA20 is above SMMA120', 'RSI shows healthy bullish momentum']",2026-08-12 18:32:15
TSFINV,TSFINV-EQ,417.65,417.65,0.0,0.0,0.0,0.0,0.0,0.0,9.0,96739.0,420.17,440.0149532732721,421.406887331704,42.6948051948052,,,,,,BUY,461.95,HOLD,10.0,False,True,"['Price is below SMMA20', 'SMMA20 is above SMMA120', 'RSI shows weak momentum']",2026-08-12 18:32:17
KITEX,KITEX-EQ,134.63,134.63,134.63,195.0,0.0,0.0,195.0,0.0,125.0,503454.0,133.58,148.91120979224107,165.37189774308487,29.085116067364567,,,,,,NONE,,SELL,85.0,False,True,"['Price is below SMMA20', 'SMMA20 is below SMMA120', 'RSI is strongly oversold']",2026-08-12 18:32:20
WONDERLA,WONDERLA-EQ,470.05,470.05,0.0,0.0,470.05,336.0,0.0,336.0,3.0,142721.0,471.42,481.71895594547266,500.9789944359321,52.43195002231147,,,,,,NONE,,SELL,50.0,False,True,"['Price is below SMMA20', 'SMMA20 is below SMMA120', 'RSI shows mild bullish momentum']",2026-08-12 18:32:22
GODAVARIB,GODAVARIB-EQ,261.6,261.6,261.6,26.0,0.0,0.0,26.0,0.0,35.0,416516.0,262.98,269.95736256478693,283.18505798659965,42.90674603174605,,,,,,SELL,264.75,SELL,70.0,False,True,"['Price is below SMMA20', 'SMMA20 is below SMMA120', 'RSI shows weak momentum']",2026-08-12 18:32:25
JTEKTINDIA,JTEKTINDIA-EQ,139.46,139.46,0.0,0.0,0.0,0.0,0.0,0.0,287.0,90753.0,139.88,137.69425200897595,136.67481652679555,69.56313010081618,,,,,,BUY,140.77,BUY,85.0,False,True,"['Price is above SMMA20', 'SMMA20 is above SMMA120', 'RSI shows healthy bullish momentum']",2026-08-12 18:32:27
MOCAPITAL,MOCAPITAL-EQ,53.64,53.64,53.64,1000.0,0.0,0.0,1000.0,0.0,1000.0,809037.0,53.5,53.66185697634719,50.48233834914227,57.37373737373733,,,,,,NONE,,HOLD,25.0,False,True,"['Price is below SMMA20', 'SMMA20 is above SMMA120', 'RSI shows healthy bullish momentum']",2026-08-12 18:32:29
SELECTIPO,SELECTIPO-EQ,48.57,48.57,0.0,0.0,0.0,0.0,0.0,0.0,432.0,41535.0,48.4,46.38913584986982,44.06831171515398,86.66666666666647,,,,,,BUY,45.0,HOLD,50.0,False,True,"['Price is above SMMA20', 'SMMA20 is above SMMA120', 'RSI is overbought']",2026-08-12 18:32:32
SREEL,SREEL-EQ,239.12,239.12,239.12,48.0,0.0,0.0,48.0,0.0,2.0,34299.0,237.35,214.6915426689825,204.48008914392906,65.53094832481545,,,,,,BUY,214.28,BUY,85.0,False,True,"['Price is above SMMA20', 'SMMA20 is above SMMA120', 'RSI shows healthy bullish momentum']",2026-08-12 18:32:34
IT,IT-EQ,34.66,34.66,0.0,0.0,0.0,0.0,0.0,0.0,1.0,294307.0,34.76,32.995701120640845,35.012915047723496,74.38016528925608,,,,,,NONE,,HOLD,10.0,False,True,"['Price is above SMMA20', 'SMMA20 is below SMMA120', 'RSI is overbought']",2026-08-12 18:32:37
STARPAPER,STARPAPER-EQ,153.69,153.69,0.0,0.0,0.0,0.0,0.0,0.0,2.0,8494.0,153.76,145.93974752394115,144.66785366362208,58.72773536895677,,,,,,BUY,152.53,BUY,85.0,False,True,"['Price is above SMMA20', 'SMMA20 is above SMMA120', 'RSI shows healthy bullish momentum']",2026-08-12 18:32:39
MANBA,MANBA-EQ,131.44,131.44,0.0,0.0,0.0,0.0,0.0,0.0,11.0,33354.0,131.51,132.69765397944155,125.60208174801164,40.97261039686975,,,,,,BUY,138.3,HOLD,10.0,False,True,"['Price is below SMMA20', 'SMMA20 is above SMMA120', 'RSI shows weak momentum']",2026-08-12 18:32:41
SCI,SCI-EQ,298.8,298.8,0.0,0.0,298.8,7865.0,0.0,7865.0,1.0,2156081.0,297.9,292.7523798165115,268.1935017700413,71.3881019830028,,,,,,NONE,,HOLD,50.0,False,True,"['Price is above SMMA20', 'SMMA20 is above SMMA120', 'RSI is overbought']",2026-08-12 18:32:44
ESTER,ESTER-EQ,96.27,96.27,96.27,7009.0,0.0,0.0,7009.0,0.0,600.0,595516.0,99.04,90.97958418029478,94.11537857690134,60.425043078690386,,,,,,NONE,,HOLD,25.0,False,True,"['Price is above SMMA20', 'SMMA20 is below SMMA120', 'RSI shows healthy bullish momentum']",2026-08-12 18:32:46
DIFFNKG,DIFFNKG-EQ,362.6,362.6,0.0,0.0,0.0,0.0,0.0,0.0,500.0,445456.0,366.99,388.8276594325549,322.8635784255086,43.98717263495457,,,,,,NONE,,HOLD,10.0,False,True,"['Price is below SMMA20', 'SMMA20 is above SMMA120', 'RSI shows weak momentum']",2026-08-12 18:32:49
MOMENTUM50,MOMENTUM50-EQ,54.72,54.72,54.72,1.0,0.0,0.0,1.0,0.0,50.0,713320.0,54.62,52.95936062397018,51.72519939305001,78.72807017543872,,,,,,NONE,,HOLD,50.0,False,True,"['Price is above SMMA20', 'SMMA20 is above SMMA120', 'RSI is overbought']",2026-08-12 18:32:51
INDOTHAI,INDOTHAI-EQ,85.4,85.4,0.0,0.0,85.4,93624.0,0.0,93624.0,1.0,71897.0,85.4,188.6399603781545,254.38020159813337,3.0987917555081737,,,,,,NONE,,SELL,85.0,False,True,"['Price is below SMMA20', 'SMMA20 is below SMMA120', 'RSI is strongly oversold']",2026-08-12 18:32:53
JINDALSAW,JINDALSAW-EQ,269.55,269.55,269.55,83.0,0.0,0.0,83.0,0.0,492.0,898986.0,271.58,259.7519316782326,216.43876561619177,57.80399274047187,,,,,,NONE,,BUY,85.0,False,True,"['Price is above SMMA20', 'SMMA20 is above SMMA120', 'RSI shows healthy bullish momentum']",2026-08-12 18:32:56
SILGO,SILGO-EQ,69.8,69.8,69.8,10.0,0.0,0.0,10.0,0.0,2.0,204438.0,68.99,72.78458410202452,74.1661492864509,22.457627118644027,,,,,,SELL,69.79,SELL,85.0,False,True,"['Price is below SMMA20', 'SMMA20 is below SMMA120', 'RSI is strongly oversold']",2026-08-12 18:32:58
VEDL,VEDL-EQ,275.8,275.8,275.8,3542.0,0.0,0.0,3542.0,0.0,20.0,10568708.0,276.02,276.47475209794413,269.6412839327093,60.10152284263961,,,,,,NONE,,HOLD,25.0,False,True,"['Price is below SMMA20', 'SMMA20 is above SMMA120', 'RSI shows healthy bullish momentum']",2026-08-12 18:33:01
WINDMACHIN,WINDMACHIN-EQ,305.1,305.1,0.0,0.0,0.0,0.0,0.0,0.0,46.0,203775.0,304.1,296.2939194091377,276.7602670995305,60.37087912087913,,,,,,NONE,,BUY,85.0,False,True,"['Price is above SMMA20', 'SMMA20 is above SMMA120', 'RSI shows healthy bullish momentum']",2026-08-12 18:33:03
ZUARI,ZUARI-EQ,219.45,219.45,219.45,412.0,0.0,0.0,412.0,0.0,20.0,111345.0,221.1,228.8588525120768,242.00329443244343,48.424502142677085,,,,,,NONE,,SELL,70.0,False,True,"['Price is below SMMA20', 'SMMA20 is below SMMA120', 'RSI shows weak momentum']",2026-08-12 18:33:05
ZENITHEXPO,ZENITHEXPO-EQ,238.52,238.52,0.0,0.0,238.52,43.0,0.0,43.0,10.0,1223.0,247.64,207.3120581738855,205.98055138920725,70.84385521885523,,,,,,BUY,238.52,HOLD,50.0,False,True,"['Price is above SMMA20', 'SMMA20 is above SMMA120', 'RSI is overbought']",2026-08-12 18:33:08
ARTNIRMAN,ARTNIRMAN-EQ,42.39,42.39,0.0,0.0,0.0,0.0,0.0,0.0,45.0,2851.0,42.13,40.40560173521712,41.665638196759396,60.35058430717863,,,,,,NONE,,HOLD,25.0,False,True,"['Price is above SMMA20', 'SMMA20 is below SMMA120', 'RSI shows healthy bullish momentum']",2026-08-12 18:33:10
RITES,RITES-EQ,223.55,223.55,223.55,1142.0,0.0,0.0,1142.0,0.0,241.0,447470.0,224.78,219.6101929057695,216.8427949196907,59.48324283841975,,,,,,BUY,227.35,BUY,85.0,False,True,"['Price is above SMMA20', 'SMMA20 is above SMMA120', 'RSI shows healthy bullish momentum']",2026-08-12 18:33:13
KRISHIVAL,KRISHIVAL-EQ,405.7,405.7,0.0,0.0,0.0,0.0,0.0,0.0,58.0,18653.0,408.49,393.6446764629218,365.4055165452399,62.88372093023258,,,,,,NONE,,BUY,85.0,False,True,"['Price is above SMMA20', 'SMMA20 is above SMMA120', 'RSI shows healthy bullish momentum']",2026-08-12 18:33:15
VLSFINANCE,VLSFINANCE-EQ,270.35,270.35,0.0,0.0,0.0,0.0,0.0,0.0,36.0,56004.0,270.73,254.07646740810023,254.48600453046436,72.93640054127187,,,,,,NONE,,HOLD,10.0,False,True,"['Price is above SMMA20', 'SMMA20 is below SMMA120', 'RSI is overbought']",2026-08-12 18:33:17
TOKYOPLAST,TOKYOPLAST-EQ,79.99,79.99,0.0,0.0,79.99,931.0,0.0,931.0,69.0,1161.0,78.13,82.04648328222828,89.01006952265428,45.42772861356932,,,,,,NONE,,SELL,70.0,False,True,"['Price is below SMMA20', 'SMMA20 is below SMMA120', 'RSI shows weak momentum']",2026-08-12 18:33:20
EXIDEIND,EXIDEIND-EQ,490.65,490.65,490.65,275.0,0.0,0.0,275.0,0.0,6.0,4593999.0,488.3,434.9516136459227,368.7533761539138,71.3149078726968,,,,,,NONE,,HOLD,50.0,False,True,"['Price is above SMMA20', 'SMMA20 is above SMMA120', 'RSI is overbought']",2026-08-12 18:33:26
TMCV,TMCV-EQ,457.05,457.05,457.05,15104.0,0.0,0.0,15104.0,0.0,67.0,8148968.0,454.36,425.9081842452268,424.49429925874693,76.15753060138374,,,,,,BUY,450.05,HOLD,50.0,False,True,"['Price is above SMMA20', 'SMMA20 is above SMMA120', 'RSI is overbought']",2026-08-12 18:33:36
BOMDYEING,BOMDYEING-EQ,116.23,116.23,116.23,573.0,0.0,0.0,573.0,0.0,637.0,373580.0,116.44,122.84807928080116,120.6688955798417,36.16456536164563,,,,,,NONE,,HOLD,10.0,False,True,"['Price is below SMMA20', 'SMMA20 is above SMMA120', 'RSI shows weak momentum']",2026-08-12 18:33:39
BHEL,BHEL-EQ,420.0,420.0,420.0,200.0,0.0,0.0,200.0,0.0,30.0,14607097.0,412.89,404.0204620645721,333.70462488122286,57.951070336391425,,,,,,NONE,,BUY,85.0,False,True,"['Price is above SMMA20', 'SMMA20 is above SMMA120', 'RSI shows healthy bullish momentum']",2026-08-12 18:33:41
CHAMBLFERT,CHAMBLFERT-EQ,442.3,442.3,442.3,4639.0,0.0,0.0,4639.0,0.0,21.0,165429.0,442.69,453.04841054884656,450.7341573766478,56.76375404530743,,,,,,NONE,,HOLD,25.0,False,True,"['Price is below SMMA20', 'SMMA20 is above SMMA120', 'RSI shows healthy bullish momentum']",2026-08-12 18:33:43
MOALPHA50,MOALPHA50-EQ,56.4,56.4,0.0,0.0,0.0,0.0,0.0,0.0,7.0,13908.0,56.57,54.00672464917301,51.121098325531115,72.58522727272732,,,,,,NONE,,HOLD,50.0,False,True,"['Price is above SMMA20', 'SMMA20 is above SMMA120', 'RSI is overbought']",2026-08-12 18:33:46
MOL,MOL-EQ,57.29,57.29,57.29,3924.0,0.0,0.0,3924.0,0.0,98.0,2268227.0,57.99,52.438755812377835,52.8606311414251,55.41481950601647,,,,,,NONE,,HOLD,25.0,False,True,"['Price is above SMMA20', 'SMMA20 is below SMMA120', 'RSI shows healthy bullish momentum']",2026-08-12 18:33:48
NATIONALUM,NATIONALUM-EQ,420.0,420.0,0.0,0.0,420.0,64993.0,0.0,64993.0,3.0,34388331.0,416.63,367.33988923477034,368.4198703203539,88.03552769070012,,,,,,SELL,361.5,HOLD,10.0,False,True,"['Price is above SMMA20', 'SMMA20 is below SMMA120', 'RSI is overbought']",2026-08-12 18:33:50
GROWW,GROWW-EQ,197.28,197.28,197.28,1600.0,0.0,0.0,1600.0,0.0,50.0,25335276.0,195.64,196.96478170704643,181.91579613301508,40.26119402985074,,,,,,NONE,,HOLD,50.0,False,True,"['Price is above SMMA20', 'SMMA20 is above SMMA120', 'RSI shows weak momentum']",2026-08-12 18:33:53
VISAKAIND,VISAKAIND-EQ,98.76,98.76,98.76,777.0,0.0,0.0,777.0,0.0,801.0,498772.0,99.79,84.24870039013959,70.94476077527955,77.5103980986334,,,,,,NONE,,HOLD,50.0,False,True,"['Price is above SMMA20', 'SMMA20 is above SMMA120', 'RSI is overbought']",2026-08-12 18:33:55
GANESHCP,GANESHCP-EQ,162.26,162.26,162.26,190.0,0.0,0.0,190.0,0.0,50.0,51839.0,161.53,178.75691236652116,193.45004150831818,39.380421313506815,,,,,,SELL,190.91,SELL,70.0,False,True,"['Price is below SMMA20', 'SMMA20 is below SMMA120', 'RSI shows weak momentum']",2026-08-12 18:33:58
TRUALT,TRUALT-EQ,465.1,465.1,0.0,0.0,465.1,928.0,0.0,928.0,42.0,213395.0,467.52,452.09962411364995,431.68624741730895,61.804384485666084,,,,,,NONE,,BUY,85.0,False,True,"['Price is above SMMA20', 'SMMA20 is above SMMA120', 'RSI shows healthy bullish momentum']",2026-08-12 18:34:00
SKMEGGPROD,SKMEGGPROD-EQ,257.38,257.38,0.0,0.0,257.38,1189.0,0.0,1189.0,1.0,451587.0,258.91,269.55160495527093,214.3894088204066,27.587402885682565,,,,,,NONE,,HOLD,25.0,False,True,"['Price is below SMMA20', 'SMMA20 is above SMMA120', 'RSI is strongly oversold']",2026-08-12 18:34:02
NUVOCO,NUVOCO-EQ,333.9,333.9,0.0,0.0,0.0,0.0,0.0,0.0,10.0,338524.0,330.43,337.28582154144215,328.4241072657531,27.18367346938777,,,,,,BUY,359.7,HOLD,25.0,False,True,"['Price is below SMMA20', 'SMMA20 is above SMMA120', 'RSI is strongly oversold']",2026-08-12 18:34:05
HEALTHAXIS,HEALTHAXIS-EQ,168.95,168.95,0.0,0.0,0.0,0.0,0.0,0.0,15.0,10322.0,168.72,166.17317312508382,154.60651222275084,72.89156626506019,,,,,,NONE,,HOLD,50.0,False,True,"['Price is above SMMA20', 'SMMA20 is above SMMA120', 'RSI is overbought']",2026-08-12 18:34:07
MON50EQUAL,MON50EQUAL-EQ,34.08,34.08,0.0,0.0,0.0,0.0,0.0,0.0,320.0,17776.0,33.93,33.53009175092172,32.92717313122142,84.6473029045644,,,,,,BUY,33.53,HOLD,50.0,False,True,"['Price is above SMMA20', 'SMMA20 is above SMMA120', 'RSI is overbought']",2026-08-12 18:34:10
INDRAMEDCO,INDRAMEDCO-EQ,376.95,376.95,376.95,1015.0,0.0,0.0,1015.0,0.0,20.0,200127.0,377.93,376.58658850111067,398.3219158446772,56.4053537284895,,,,,,NONE,,HOLD,25.0,False,True,"['Price is above SMMA20', 'SMMA20 is below SMMA120', 'RSI shows healthy bullish momentum']",2026-08-12 18:34:12
JSWCEMENT,JSWCEMENT-EQ,130.55,130.55,130.55,175.0,0.0,0.0,175.0,0.0,140.0,836481.0,130.79,133.15996915604964,125.38584371535285,39.876923076923084,,,,,,NONE,,HOLD,10.0,False,True,"['Price is below SMMA20', 'SMMA20 is above SMMA120', 'RSI shows weak momentum']",2026-08-12 18:34:14
J&KBANK,J&KBANK-EQ,157.48,157.48,0.0,0.0,157.48,8993.0,0.0,8993.0,50.0,1408763.0,156.9,162.08133547730597,132.20081741212417,32.62813522355505,,,,,,NONE,,HOLD,10.0,False,True,"['Price is below SMMA20', 'SMMA20 is above SMMA120', 'RSI shows weak momentum']",2026-08-12 18:34:17
NORBTEAEXP,NORBTEAEXP-EQ,62.34,62.34,0.0,0.0,0.0,0.0,0.0,0.0,61.0,2002.0,62.39,69.19268465014287,79.07604554635206,34.08423114593535,,,,,,NONE,,SELL,70.0,False,True,"['Price is below SMMA20', 'SMMA20 is below SMMA120', 'RSI shows weak momentum']",2026-08-12 18:34:19
TFCILTD,TFCILTD-EQ,115.13,115.13,115.13,15500.0,0.0,0.0,15500.0,0.0,8.0,8796573.0,115.27,93.29383249003506,75.17502979475232,92.9090909090909,,,,,,NONE,,HOLD,50.0,False,True,"['Price is above SMMA20', 'SMMA20 is above SMMA120', 'RSI is overbought']",2026-08-12 18:34:22
MADRASFERT,MADRASFERT-EQ,65.49,65.49,0.0,0.0,0.0,0.0,0.0,0.0,1.0,29416.0,65.87,67.36963160706631,69.35868769261442,36.898395721925105,,,,,,NONE,,SELL,70.0,False,True,"['Price is below SMMA20', 'SMMA20 is below SMMA120', 'RSI shows weak momentum']",2026-08-12 18:34:24
MAFANG,MAFANG-EQ,208.88,208.88,208.88,435.0,0.0,0.0,435.0,0.0,15.0,590048.0,209.57,196.08454316628266,178.29800978683042,64.89675516224187,,,,,,NONE,,BUY,85.0,False,True,"['Price is above SMMA20', 'SMMA20 is above SMMA120', 'RSI shows healthy bullish momentum']",2026-08-12 18:34:26
SHRADHA,SHRADHA-EQ,33.73,33.73,0.0,0.0,33.73,500.0,0.0,500.0,106.0,19492.0,33.99,34.448470571164805,36.191443340812356,40.00000000000004,,,,,,NONE,,SELL,70.0,False,True,"['Price is below SMMA20', 'SMMA20 is below SMMA120', 'RSI shows weak momentum']",2026-08-12 18:34:32
SILVERBND,SILVERBND-EQ,236.53,236.53,0.0,0.0,0.0,0.0,0.0,0.0,75.0,17946.0,236.15,227.3920998681649,243.7404533604212,75.09632224168129,,,,,,SELL,231.6,HOLD,10.0,False,True,"['Price is above SMMA20', 'SMMA20 is below SMMA120', 'RSI is overbought']",2026-08-12 18:34:35
KNAGRI,KNAGRI-EQ,201.28,201.28,0.0,0.0,0.0,0.0,0.0,0.0,37.0,3651.0,202.05,205.64255026590854,193.59141349082608,44.95201535508638,,,,,,NONE,,HOLD,10.0,False,True,"['Price is below SMMA20', 'SMMA20 is above SMMA120', 'RSI shows weak momentum']",2026-08-12 18:34:38
PDSL,PDSL-EQ,379.4,379.4,0.0,0.0,379.4,50.0,0.0,50.0,14.0,107810.0,374.25,353.666675549926,327.08410268848354,62.51366120218578,,,,,,BUY,350.1,BUY,85.0,False,True,"['Price is above SMMA20', 'SMMA20 is above SMMA120', 'RSI shows healthy bullish momentum']",2026-08-12 18:34:41
RICOAUTO,RICOAUTO-EQ,127.99,127.99,0.0,0.0,127.99,7855.0,0.0,7855.0,860.0,8766179.0,132.3,137.40130338039216,125.26145784585485,44.34993924665856,,,,,,BUY,133.58,HOLD,10.0,False,True,"['Price is below SMMA20', 'SMMA20 is above SMMA120', 'RSI shows weak momentum']",2026-08-12 18:34:44
MSCIINDIA,MSCIINDIA-EQ,30.37,30.37,0.0,0.0,0.0,0.0,0.0,0.0,22.0,17351.0,30.3,29.89675448031462,29.77105422146287,73.01587301587298,,,,,,BUY,30.28,HOLD,50.0,False,True,"['Price is above SMMA20', 'SMMA20 is above SMMA120', 'RSI is overbought']",2026-08-12 18:34:46
SBIBPB,SBIBPB-EQ,50.71,50.71,50.71,12.0,0.0,0.0,12.0,0.0,1.0,171464.0,50.81,49.076519003725736,49.85291574722386,75.33980582524268,,,,,,NONE,,HOLD,10.0,False,True,"['Price is above SMMA20', 'SMMA20 is below SMMA120', 'RSI is overbought']",2026-08-12 18:34:48
BAJAJINDEF,BAJAJINDEF-EQ,233.62,233.62,233.62,100.0,0.0,0.0,100.0,0.0,5.0,26892.0,231.15,239.97916580395167,271.03262253939135,50.78935498421292,,,,,,NONE,,SELL,50.0,False,True,"['Price is below SMMA20', 'SMMA20 is below SMMA120', 'RSI shows mild bullish momentum']",2026-08-12 18:34:51
BIOFILCHEM,BIOFILCHEM-EQ,32.67,32.67,0.0,0.0,0.0,0.0,0.0,0.0,1.0,2988.0,32.79,33.274722102604514,33.29334429713886,50.09416195856879,,,,,,SELL,32.45,SELL,50.0,False,True,"['Price is below SMMA20', 'SMMA20 is below SMMA120', 'RSI shows mild bullish momentum']",2026-08-12 18:34:53
PRECWIRE,PRECWIRE-EQ,422.3,422.3,0.0,0.0,422.3,761.0,0.0,761.0,1.0,652034.0,421.02,392.4620779426551,337.2515145735495,69.1496837666901,,,,,,NONE,,BUY,85.0,False,True,"['Price is above SMMA20', 'SMMA20 is above SMMA120', 'RSI shows healthy bullish momentum']",2026-08-12 18:34:56
KOTHARIPET,KOTHARIPET-EQ,150.63,150.63,150.63,2727.0,0.0,0.0,2727.0,0.0,1256.0,171773.0,148.81,135.70061261311443,125.4540432270138,67.50354322737395,,,,,,NONE,,BUY,85.0,False,True,"['Price is above SMMA20', 'SMMA20 is above SMMA120', 'RSI shows healthy bullish momentum']",2026-08-12 18:35:08
KEYFINSERV,KEYFINSERV-EQ,261.85,261.85,261.85,10.0,0.0,0.0,10.0,0.0,50.0,1626.0,260.78,259.1935007652204,274.55705400567325,55.98194130925508,,,,,,NONE,,HOLD,25.0,False,True,"['Price is above SMMA20', 'SMMA20 is below SMMA120', 'RSI shows healthy bullish momentum']",2026-08-12 18:35:10
ANUHPHR,ANUHPHR-EQ,77.18,77.18,0.0,0.0,77.18,330.0,0.0,330.0,46.0,64961.0,77.53,79.12424766958377,78.1861243547571,37.31843575418998,,,,,,NONE,,HOLD,10.0,False,True,"['Price is below SMMA20', 'SMMA20 is above SMMA120', 'RSI shows weak momentum']",2026-08-12 18:35:14
BHARATSE,BHARATSE-EQ,235.29,235.29,235.29,975.0,0.0,0.0,975.0,0.0,1.0,635306.0,240.62,218.98563425287853,187.3530910888662,63.33826098642656,,,,,,NONE,,BUY,85.0,False,True,"['Price is above SMMA20', 'SMMA20 is above SMMA120', 'RSI shows healthy bullish momentum']",2026-08-12 18:35:16
TMPV,TMPV-EQ,343.0,343.0,343.0,3287.0,0.0,0.0,3287.0,0.0,3.0,22384343.0,340.05,344.5490938445218,351.5963058222323,68.9102564102564,,,,,,SELL,333.0,HOLD,35.0,False,True,"['Price is below SMMA20', 'SMMA20 is below SMMA120', 'RSI shows healthy bullish momentum']",2026-08-12 18:35:19
RAJSREESUG,RAJSREESUG-EQ,31.09,31.09,0.0,0.0,0.0,0.0,0.0,0.0,29.0,17996.0,30.97,31.240783645493032,31.610675198219386,55.061179087875416,,,,,,SELL,29.23,HOLD,35.0,False,True,"['Price is below SMMA20', 'SMMA20 is below SMMA120', 'RSI shows healthy bullish momentum']",2026-08-12 18:35:21
BALMLAWRIE,BALMLAWRIE-EQ,174.43,174.43,0.0,0.0,174.43,71.0,0.0,71.0,29.0,174627.0,172.73,177.141231349525,177.16857252547294,47.25366876310274,,,,,,SELL,174.43,SELL,70.0,False,True,"['Price is below SMMA20', 'SMMA20 is below SMMA120', 'RSI shows weak momentum']",2026-08-12 18:35:23
MAHAPEXLTD,MAHAPEXLTD-EQ,56.84,56.84,56.84,45.0,0.0,0.0,45.0,0.0,155.0,147048.0,56.9,46.74289704271425,50.30863188993369,81.92231075697211,,,,,,NONE,,HOLD,10.0,False,True,"['Price is above SMMA20', 'SMMA20 is below SMMA120', 'RSI is overbought']",2026-08-12 18:35:26
ACMESOLAR,ACMESOLAR-EQ,372.6,372.6,372.6,6.0,0.0,0.0,6.0,0.0,25.0,647813.0,371.94,363.19338024368017,290.5676304185133,56.362425049966696,,,,,,NONE,,BUY,85.0,False,True,"['Price is above SMMA20', 'SMMA20 is above SMMA120', 'RSI shows healthy bullish momentum']",2026-08-12 18:35:28
ISHANCH,ISHANCH-EQ,50.18,50.18,50.18,100.0,0.0,0.0,100.0,0.0,23.0,8980.0,50.07,53.697580385341155,58.623911781771355,38.154613466334155,,,,,,SELL,57.92,SELL,70.0,False,True,"['Price is below SMMA20', 'SMMA20 is below SMMA120', 'RSI shows weak momentum']",2026-08-12 18:35:31
TEMBO,TEMBO-EQ,61.25,61.25,0.0,0.0,61.25,4383.0,0.0,4383.0,5281.0,3117022.0,63.03,57.70522509146944,57.83534838313752,66.88396349413298,,,,,,SELL,54.56,HOLD,25.0,False,True,"['Price is above SMMA20', 'SMMA20 is below SMMA120', 'RSI shows healthy bullish momentum']",2026-08-12 18:35:33
WIPRO,WIPRO-EQ,183.94,183.94,183.94,1750.0,0.0,0.0,1750.0,0.0,55.0,8624548.0,183.05,182.66456969205976,207.08300225557838,64.45136725510557,,,,,,NONE,,HOLD,25.0,False,True,"['Price is above SMMA20', 'SMMA20 is below SMMA120', 'RSI shows healthy bullish momentum']",2026-08-12 18:35:35
GREENPLY,GREENPLY-EQ,276.65,276.65,0.0,0.0,0.0,0.0,0.0,0.0,16.0,41681.0,277.74,292.67421375404217,257.10969660734924,17.28837876614061,,,,,,NONE,,HOLD,25.0,False,True,"['Price is below SMMA20', 'SMMA20 is above SMMA120', 'RSI is strongly oversold']",2026-08-12 18:35:38
LAXMIDENTL,LAXMIDENTL-EQ,200.3,200.3,200.3,9.0,0.0,0.0,9.0,0.0,1.0,482580.0,202.75,217.46970855361502,215.39908508150765,32.1317736930055,,,,,,NONE,,HOLD,10.0,False,True,"['Price is below SMMA20', 'SMMA20 is above SMMA120', 'RSI shows weak momentum']",2026-08-12 18:35:40
FCL,FCL-EQ,42.65,42.65,42.65,32177.0,0.0,0.0,32177.0,0.0,9345.0,20028758.0,43.53,39.26764199090291,29.90543641358486,52.63157894736843,,,,,,NONE,,BUY,70.0,False,True,"['Price is above SMMA20', 'SMMA20 is above SMMA120', 'RSI shows mild bullish momentum']",2026-08-12 18:35:42
SHANTIGOLD,SHANTIGOLD-EQ,230.2,230.2,230.2,1237.0,0.0,0.0,1237.0,0.0,50.0,1488878.0,225.77,218.49786987440652,207.31087553498156,76.00000000000001,,,,,,NONE,,HOLD,50.0,False,True,"['Price is above SMMA20', 'SMMA20 is above SMMA120', 'RSI is overbought']",2026-08-12 18:35:45
MARKOLINES,MARKOLINES-EQ,175.12,175.12,175.12,100.0,0.0,0.0,100.0,0.0,459.0,115552.0,176.32,173.9214155993866,161.10003295204254,47.8658536585366,,,,,,NONE,,HOLD,50.0,False,True,"['Price is above SMMA20', 'SMMA20 is above SMMA120', 'RSI shows weak momentum']",2026-08-12 18:35:47
ENERGY,ENERGY-EQ,38.92,38.92,0.0,0.0,0.0,0.0,0.0,0.0,559.0,125233.0,38.84,39.23167996140795,37.778732171321806,44.270833333333364,,,,,,NONE,,HOLD,10.0,False,True,"['Price is below SMMA20', 'SMMA20 is above SMMA120', 'RSI shows weak momentum']",2026-08-12 18:35:50
MOMNC,MOMNC-EQ,33.8,33.8,0.0,0.0,0.0,0.0,0.0,0.0,1.0,4447.0,33.8,32.775307104826155,31.229536248397846,75.56390977443624,,,,,,NONE,,HOLD,50.0,False,True,"['Price is above SMMA20', 'SMMA20 is above SMMA120', 'RSI is overbought']",2026-08-12 18:35:52
TATACAP,TATACAP-EQ,367.05,367.05,0.0,0.0,0.0,0.0,0.0,0.0,1.0,1040104.0,367.67,354.8415340941757,338.0275443330968,68.74084919472917,,,,,,BUY,365.9,BUY,85.0,False,True,"['Price is above SMMA20', 'SMMA20 is above SMMA120', 'RSI shows healthy bullish momentum']",2026-08-12 18:35:54
IGARASHI,IGARASHI-EQ,447.85,447.85,0.0,0.0,447.85,253.0,0.0,253.0,100.0,80073.0,451.26,449.4979764152481,401.7011378303088,51.50115473441109,,,,,,BUY,414.3,HOLD,10.0,False,True,"['Price is below SMMA20', 'SMMA20 is above SMMA120', 'RSI shows mild bullish momentum']",2026-08-12 18:35:57
SHIVAUM,SHIVAUM-EQ,449.55,449.55,0.0,0.0,449.55,52.0,0.0,52.0,27.0,6877.0,446.14,407.54954262380147,344.19362872234683,64.85612673779502,,,,,,NONE,,BUY,85.0,False,True,"['Price is above SMMA20', 'SMMA20 is above SMMA120', 'RSI shows healthy bullish momentum']",2026-08-12 18:35:59
MOSILVER,MOSILVER-EQ,233.02,233.02,0.0,0.0,0.0,0.0,0.0,0.0,240.0,101634.0,231.89,224.14302478865756,238.3316579084862,74.11347517730496,,,,,,SELL,222.66,HOLD,10.0,False,True,"['Price is above SMMA20', 'SMMA20 is below SMMA120', 'RSI is overbought']",2026-08-12 18:36:02
VIKRAN,VIKRAN-EQ,66.12,66.12,0.0,0.0,66.12,23520.0,0.0,23520.0,5.0,7668032.0,67.47,72.02343510405983,75.70028498074208,34.71030042918457,,,,,,NONE,,SELL,70.0,False,True,"['Price is below SMMA20', 'SMMA20 is below SMMA120', 'RSI shows weak momentum']",2026-08-12 18:36:04
IRIS,IRIS-EQ,251.13,251.13,0.0,0.0,0.0,0.0,0.0,0.0,11.0,39761.0,246.12,250.57754218413075,257.847619131873,57.75620496397118,,,,,,NONE,,HOLD,25.0,False,True,"['Price is above SMMA20', 'SMMA20 is below SMMA120', 'RSI shows healthy bullish momentum']",2026-08-12 18:36:06
ALPHA,ALPHA-EQ,54.4,54.4,54.4,14.0,0.0,0.0,14.0,0.0,10.0,1008904.0,54.31,51.910495192810785,49.126883020939474,81.99233716475108,,,,,,NONE,,HOLD,50.0,False,True,"['Price is above SMMA20', 'SMMA20 is above SMMA120', 'RSI is overbought']",2026-08-12 18:36:09
AEQUS,AEQUS-EQ,236.76,236.76,0.0,0.0,236.76,36.0,0.0,36.0,54.0,1480520.0,236.68,229.31379859562284,177.82903859356955,65.0705344724816,,,,,,NONE,,BUY,85.0,False,True,"['Price is above SMMA20', 'SMMA20 is above SMMA120', 'RSI shows healthy bullish momentum']",2026-08-12 18:36:11
SHRINGARMS,SHRINGARMS-EQ,229.71,229.71,0.0,0.0,229.71,2802.0,0.0,2802.0,2198.0,829910.0,231.65,223.68547440909865,216.7632562794508,70.63246351172052,,,,,,BUY,224.08,HOLD,50.0,False,True,"['Price is above SMMA20', 'SMMA20 is above SMMA120', 'RSI is overbought']",2026-08-12 18:36:14
SOUTHBANK,SOUTHBANK-EQ,46.22,46.22,46.22,11295.0,0.0,0.0,11295.0,0.0,1.0,6627720.0,46.22,45.94079327986166,41.99909859638628,41.511936339522514,,,,,,NONE,,HOLD,50.0,False,True,"['Price is above SMMA20', 'SMMA20 is above SMMA120', 'RSI shows weak momentum']",2026-08-12 18:36:16
MOIPO,MOIPO-EQ,48.49,48.49,0.0,0.0,0.0,0.0,0.0,0.0,292.0,1563.0,48.47,46.51644198124738,44.19237389376329,81.20481927710854,,,,,,BUY,45.41,HOLD,50.0,False,True,"['Price is above SMMA20', 'SMMA20 is above SMMA120', 'RSI is overbought']",2026-08-12 18:36:18
ABMINTLLTD,ABMINTLLTD-EQ,63.07,63.07,63.07,14852.0,0.0,0.0,14852.0,0.0,187.0,29243.0,63.06,44.04668752938424,43.07210399197459,82.20858895705521,,,,,,BUY,52.56,HOLD,50.0,False,True,"['Price is above SMMA20', 'SMMA20 is above SMMA120', 'RSI is overbought']",2026-08-12 18:36:21
DIGITIDE,DIGITIDE-EQ,103.86,103.86,0.0,0.0,103.86,6987.0,0.0,6987.0,70.0,354509.0,102.35,98.87414314668408,101.7590675992863,56.070528967254404,,,,,,NONE,,HOLD,25.0,False,True,"['Price is above SMMA20', 'SMMA20 is below SMMA120', 'RSI shows healthy bullish momentum']",2026-08-12 18:36:37
KWIL,KWIL-EQ,36.4,36.4,0.0,0.0,36.4,77532.0,0.0,77532.0,677.0,33564531.0,35.93,32.898188728182255,29.433,72.72727272727275,,,,,,NONE,,HOLD,50.0,False,True,"['Price is above SMMA20', 'SMMA20 is above SMMA120', 'RSI is overbought']",2026-08-12 18:36:39
VIDYAWIRES,VIDYAWIRES-EQ,92.81,92.81,0.0,0.0,92.81,32686.0,0.0,32686.0,12.0,1171868.0,93.64,93.72798969505463,73.24611306975966,61.25827814569537,,,,,,NONE,,HOLD,25.0,False,True,"['Price is below SMMA20', 'SMMA20 is above SMMA120', 'RSI shows healthy bullish momentum']",2026-08-12 18:36:42
UGROCAP,UGROCAP-EQ,93.27,93.27,0.0,0.0,0.0,0.0,0.0,0.0,99.0,229604.0,93.94,96.43416159058472,115.81935366304872,48.477611940298495,,,,,,NONE,,SELL,70.0,False,True,"['Price is below SMMA20', 'SMMA20 is below SMMA120', 'RSI shows weak momentum']",2026-08-12 18:36:44
DIGJAMLMTD,DIGJAMLMTD-EQ,48.92,48.92,0.0,0.0,0.0,0.0,0.0,0.0,1.0,7275.0,48.73,46.16348032356002,46.39085984376759,75.36534446764092,,,,,,NONE,,HOLD,10.0,False,True,"['Price is above SMMA20', 'SMMA20 is below SMMA120', 'RSI is overbought']",2026-08-12 18:36:46
ABSLNN50ET,ABSLNN50ET-EQ,78.43,78.43,0.0,0.0,0.0,0.0,0.0,0.0,48.0,18337.0,78.34,76.35816270113985,73.06514650297692,80.89430894308948,,,,,,NONE,,HOLD,50.0,False,True,"['Price is above SMMA20', 'SMMA20 is above SMMA120', 'RSI is overbought']",2026-08-12 18:36:49
JKIPL,JKIPL-EQ,99.95,99.95,0.0,0.0,0.0,0.0,0.0,0.0,21.0,41023.0,97.78,98.0564044189322,85.83337778137549,51.32133282267329,,,,,,NONE,,BUY,70.0,False,True,"['Price is above SMMA20', 'SMMA20 is above SMMA120', 'RSI shows mild bullish momentum']",2026-08-12 18:36:51
ADVENTHTL,ADVENTHTL-EQ,143.21,143.21,0.0,0.0,0.0,0.0,0.0,0.0,86.0,76067.0,142.32,145.8855910671577,170.21393409946216,48.57881136950905,,,,,,NONE,,SELL,70.0,False,True,"['Price is below SMMA20', 'SMMA20 is below SMMA120', 'RSI shows weak momentum']",2026-08-12 18:36:54
PANSARI,PANSARI-EQ,322.5,322.5,0.0,0.0,322.5,5.0,0.0,5.0,52.0,906.0,321.83,327.5374376960277,303.13127634805795,33.9023233760076,,,,,,BUY,355.05,HOLD,10.0,False,True,"['Price is below SMMA20', 'SMMA20 is above SMMA120', 'RSI shows weak momentum']",2026-08-12 18:36:56
MANORG,MANORG-EQ,450.05,450.05,0.0,0.0,0.0,0.0,0.0,0.0,2.0,22206.0,452.67,506.3116482893811,482.9871344316844,21.493294671982568,,,,,,NONE,,HOLD,25.0,False,True,"['Price is below SMMA20', 'SMMA20 is above SMMA120', 'RSI is strongly oversold']",2026-08-12 18:36:58
WAKEFIT,WAKEFIT-EQ,122.87,122.87,122.87,855.0,0.0,0.0,855.0,0.0,100.0,589186.0,123.33,127.84090768734612,152.46962153851695,30.74565883554645,,,,,,NONE,,SELL,70.0,False,True,"['Price is below SMMA20', 'SMMA20 is below SMMA120', 'RSI shows weak momentum']",2026-08-12 18:37:01
LATENTVIEW,LATENTVIEW-EQ,290.05,290.05,0.0,0.0,290.05,6.0,0.0,6.0,3.0,423620.0,291.85,300.531929201317,341.2984520499176,47.38273283480628,,,,,,NONE,,SELL,70.0,False,True,"['Price is below SMMA20', 'SMMA20 is below SMMA120', 'RSI shows weak momentum']",2026-08-12 18:37:03
CRAMC,CRAMC-EQ,258.4,258.4,0.0,0.0,0.0,0.0,0.0,0.0,596.0,249804.0,258.07,257.9466020773081,259.89316092435456,36.189516129032334,,,,,,NONE,,HOLD,10.0,False,True,"['Price is above SMMA20', 'SMMA20 is below SMMA120', 'RSI shows weak momentum']",2026-08-12 18:37:06
LTGILTCASE,LTGILTCASE-EQ,30.64,30.64,30.64,520.0,0.0,0.0,520.0,0.0,3000.0,27236.0,30.63,30.418487656430436,29.959216733569725,67.27272727272737,,,,,,BUY,30.03,BUY,85.0,False,True,"['Price is above SMMA20', 'SMMA20 is above SMMA120', 'RSI shows healthy bullish momentum']",2026-08-12 18:37:08
MEDICO,MEDICO-EQ,47.45,47.45,0.0,0.0,47.45,357.0,0.0,357.0,730.0,525021.0,46.52,43.607169343906506,44.25820839481045,74.37431991294888,,,,,,NONE,,HOLD,10.0,False,True,"['Price is above SMMA20', 'SMMA20 is below SMMA120', 'RSI is overbought']",2026-08-12 18:37:10
MHLXMIRU,MHLXMIRU-EQ,171.42,171.42,171.42,16100.0,0.0,0.0,16100.0,0.0,50.0,147574.0,170.63,150.2636423300738,174.37749588915582,78.62769123052685,,,,,,NONE,,HOLD,10.0,False,True,"['Price is above SMMA20', 'SMMA20 is below SMMA120', 'RSI is overbought']",2026-08-12 18:37:13
MONARCH,MONARCH-EQ,377.75,377.75,0.0,0.0,377.75,646.0,0.0,646.0,625.0,165266.0,381.5,365.9733058117928,315.9993548783767,60.70541480377547,,,,,,NONE,,BUY,85.0,False,True,"['Price is above SMMA20', 'SMMA20 is above SMMA120', 'RSI shows healthy bullish momentum']",2026-08-12 18:37:23
WEL,WEL-EQ,135.04,135.04,135.04,9885.0,0.0,0.0,9885.0,0.0,13.0,1436570.0,136.32,111.90239600896993,120.32890893820415,87.4804731086811,,,,,,NONE,,HOLD,10.0,False,True,"['Price is above SMMA20', 'SMMA20 is below SMMA120', 'RSI is overbought']",2026-08-12 18:37:27
INOXWIND,INOXWIND-EQ,74.0,74.0,0.0,0.0,74.0,11743.0,0.0,11743.0,54.0,8299658.0,74.04,80.86131976502354,95.06543482650275,43.80257992148067,,,,,,NONE,,SELL,70.0,False,True,"['Price is below SMMA20', 'SMMA20 is below SMMA120', 'RSI shows weak momentum']",2026-08-12 18:37:31
PNBGILTS,PNBGILTS-EQ,80.41,80.41,0.0,0.0,80.41,1.0,0.0,1.0,4.0,231524.0,80.77,84.50846419301993,79.95347170731117,33.54531001589825,,,,,,BUY,94.45,HOLD,10.0,False,True,"['Price is below SMMA20', 'SMMA20 is above SMMA120', 'RSI shows weak momentum']",2026-08-12 18:37:36
ELECTCAST,ELECTCAST-EQ,73.56,73.56,73.56,2374.0,0.0,0.0,2374.0,0.0,126.0,1539684.0,73.16,74.39520372172224,75.58260629332746,66.42182581322143,,,,,,SELL,71.97,HOLD,35.0,False,True,"['Price is below SMMA20', 'SMMA20 is below SMMA120', 'RSI shows healthy bullish momentum']",2026-08-12 18:37:40
BCONCEPTS,BCONCEPTS-EQ,170.13,170.13,170.13,43.0,0.0,0.0,43.0,0.0,80.0,21205.0,169.43,189.08293113942068,239.0614941886698,31.904560810810807,,,,,,NONE,,SELL,70.0,False,True,"['Price is below SMMA20', 'SMMA20 is below SMMA120', 'RSI shows weak momentum']",2026-08-12 18:37:42
MID150BEES,MID150BEES-EQ,242.77,242.77,0.0,0.0,242.77,48.0,0.0,48.0,20.0,520360.0,242.4,237.91275214960575,228.52544972570942,82.8137490007996,,,,,,NONE,,HOLD,50.0,False,True,"['Price is above SMMA20', 'SMMA20 is above SMMA120', 'RSI is overbought']",2026-08-12 18:37:50
EPL,EPL-EQ,243.64,243.64,0.0,0.0,243.64,10066.0,0.0,10066.0,30.0,15355500.0,248.61,231.24366260981122,218.75632879710105,59.78220745662605,,,,,,NONE,,BUY,85.0,False,True,"['Price is above SMMA20', 'SMMA20 is above SMMA120', 'RSI shows healthy bullish momentum']",2026-08-12 18:38:01
SILVERIETF,SILVERIETF-EQ,235.61,235.61,235.61,672.0,0.0,0.0,672.0,0.0,200.0,4320270.0,234.35,226.26580953186536,240.40453432126378,75.5163224516989,,,,,,SELL,224.83,HOLD,10.0,False,True,"['Price is above SMMA20', 'SMMA20 is below SMMA120', 'RSI is overbought']",2026-08-12 18:38:05
PARADEEP,PARADEEP-EQ,147.18,147.18,147.18,713.0,0.0,0.0,713.0,0.0,5.0,3085716.0,148.92,141.5887052787043,133.53492730544798,62.03923259323126,,,,,,BUY,146.59,BUY,85.0,False,True,"['Price is above SMMA20', 'SMMA20 is above SMMA120', 'RSI shows healthy bullish momentum']",2026-08-12 18:38:07
IRISDOREME,IRISDOREME-EQ,56.83,56.83,0.0,0.0,0.0,0.0,0.0,0.0,76.0,789276.0,56.78,47.6380442937085,37.79422143251328,97.49999999999997,,,,,,NONE,,HOLD,50.0,False,True,"['Price is above SMMA20', 'SMMA20 is above SMMA120', 'RSI is overbought']",2026-08-12 18:38:10
THEINVEST,THEINVEST-EQ,97.23,97.23,0.0,0.0,0.0,0.0,0.0,0.0,29.0,4478.0,96.87,98.36469933782979,103.2573661280963,51.55677655677657,,,,,,NONE,,SELL,50.0,False,True,"['Price is below SMMA20', 'SMMA20 is below SMMA120', 'RSI shows mild bullish momentum']",2026-08-12 18:38:12
BANKBETF,BANKBETF-EQ,58.9,58.9,0.0,0.0,0.0,0.0,0.0,0.0,2.0,14796.0,58.72,58.17824360089196,58.07354533001152,68.35016835016825,,,,,,BUY,58.96,BUY,85.0,False,True,"['Price is above SMMA20', 'SMMA20 is above SMMA120', 'RSI shows healthy bullish momentum']",2026-08-12 18:38:15
HARIOMPIPE,HARIOMPIPE-EQ,392.7,392.7,0.0,0.0,0.0,0.0,0.0,0.0,2.0,112617.0,391.02,392.84906843021383,369.56310977064334,57.548579970104605,,,,,,BUY,405.35,HOLD,25.0,False,True,"['Price is below SMMA20', 'SMMA20 is above SMMA120', 'RSI shows healthy bullish momentum']",2026-08-12 18:38:17
NLCINDIA,NLCINDIA-EQ,276.75,276.75,0.0,0.0,276.75,68000.0,0.0,68000.0,25.0,2980168.0,279.29,302.1648991738872,286.8414535392668,37.77388255915864,,,,,,NONE,,HOLD,10.0,False,True,"['Price is below SMMA20', 'SMMA20 is above SMMA120', 'RSI shows weak momentum']",2026-08-12 18:38:19
GPTHEALTH,GPTHEALTH-EQ,157.28,157.28,0.0,0.0,157.28,189.0,0.0,189.0,11.0,71280.0,157.31,156.6652513672935,140.7292605398197,49.94127319708714,,,,,,NONE,,HOLD,50.0,False,True,"['Price is above SMMA20', 'SMMA20 is above SMMA120', 'RSI shows weak momentum']",2026-08-12 18:38:23
TAJGVK,TAJGVK-EQ,352.85,352.85,0.0,0.0,352.85,1.0,0.0,1.0,12.0,76036.0,352.72,353.740095150743,350.6381152717356,39.292929292929294,,,,,,BUY,363.25,HOLD,10.0,False,True,"['Price is below SMMA20', 'SMMA20 is above SMMA120', 'RSI shows weak momentum']",2026-08-12 18:38:25
LIQUIDCASE,LIQUIDCASE-EQ,115.43,115.43,0.0,0.0,115.43,499134.0,0.0,499134.0,866.0,14897272.0,115.42,115.02230818336177,113.67049076163475,100.0,,,,,,NONE,,HOLD,50.0,False,True,"['Price is above SMMA20', 'SMMA20 is above SMMA120', 'RSI is overbought']",2026-08-12 18:38:28
DELHIVERY,DELHIVERY-EQ,470.25,470.25,0.0,0.0,470.25,4154.0,0.0,4154.0,2.0,6123936.0,468.4,476.0426969253247,446.3752889261952,52.05408216328653,,,,,,NONE,,HOLD,10.0,False,True,"['Price is below SMMA20', 'SMMA20 is above SMMA120', 'RSI shows mild bullish momentum']",2026-08-12 18:38:30
MRPL,MRPL-EQ,175.38,175.38,0.0,0.0,175.38,18048.0,0.0,18048.0,102.0,10085904.0,177.76,165.28928378939588,166.46642805971365,49.57871396895787,,,,,,NONE,,HOLD,10.0,False,True,"['Price is above SMMA20', 'SMMA20 is below SMMA120', 'RSI shows weak momentum']",2026-08-12 18:38:33
MCL,MCL-EQ,58.58,58.58,58.58,1500.0,0.0,0.0,1500.0,0.0,500.0,101885.0,58.04,56.121300973493476,62.141530566521915,76.96526508226692,,,,,,NONE,,HOLD,10.0,False,True,"['Price is above SMMA20', 'SMMA20 is below SMMA120', 'RSI is overbought']",2026-08-12 18:38:36
AUTOIETF,AUTOIETF-EQ,30.49,30.49,30.49,2.0,0.0,0.0,2.0,0.0,1.0,721892.0,30.48,28.759083688167244,27.812673774823843,80.76923076923087,,,,,,BUY,28.4,HOLD,50.0,False,True,"['Price is above SMMA20', 'SMMA20 is above SMMA120', 'RSI is overbought']",2026-08-12 18:38:39
MSUMI,MSUMI-EQ,41.04,41.04,41.04,1251.0,0.0,0.0,1251.0,0.0,198.0,9094596.0,40.95,40.36221382247088,41.43039506823032,57.784011220196355,,,,,,NONE,,HOLD,25.0,False,True,"['Price is above SMMA20', 'SMMA20 is below SMMA120', 'RSI shows healthy bullish momentum']",2026-08-12 18:38:41
MOIL,MOIL-EQ,280.55,280.55,0.0,0.0,280.55,6789.0,0.0,6789.0,50.0,1135494.0,283.39,280.6094381087713,304.4196307251716,65.03496503496501,,,,,,NONE,,HOLD,35.0,False,True,"['Price is below SMMA20', 'SMMA20 is below SMMA120', 'RSI shows healthy bullish momentum']",2026-08-12 18:38:43
RBZJEWEL,RBZJEWEL-EQ,141.21,141.21,141.21,4.0,0.0,0.0,4.0,0.0,1.0,227286.0,143.01,144.52674916997438,136.9375021184264,50.37322417529497,,,,,,BUY,143.89,HOLD,10.0,False,True,"['Price is below SMMA20', 'SMMA20 is above SMMA120', 'RSI shows mild bullish momentum']",2026-08-12 18:38:49
JAYNECOIND,JAYNECOIND-EQ,90.67,90.67,0.0,0.0,90.67,2869.0,0.0,2869.0,125.0,2518788.0,91.04,90.10403030070815,86.48268193833627,66.47785787847579,,,,,,NONE,,BUY,85.0,False,True,"['Price is above SMMA20', 'SMMA20 is above SMMA120', 'RSI shows healthy bullish momentum']",2026-08-12 18:38:55
JNKINDIA,JNKINDIA-EQ,407.25,407.25,407.25,2.0,0.0,0.0,2.0,0.0,1.0,601506.0,416.59,446.4431287144974,336.474366876615,31.541340592038097,,,,,,NONE,,HOLD,10.0,False,True,"['Price is below SMMA20', 'SMMA20 is above SMMA120', 'RSI shows weak momentum']",2026-08-12 18:38:57
PLATIND,PLATIND-EQ,220.59,220.59,220.59,11.0,0.0,0.0,11.0,0.0,60.0,101415.0,218.94,227.54515789169392,228.09683683206575,44.090689821514715,,,,,,SELL,215.49,SELL,70.0,False,True,"['Price is below SMMA20', 'SMMA20 is below SMMA120', 'RSI shows weak momentum']",2026-08-12 18:39:09
SILVER,SILVER-EQ,235.69,235.69,0.0,0.0,235.69,5.0,0.0,5.0,5.0,1159061.0,234.36,226.30737030233126,240.39961184199112,75.58653519211153,,,,,,SELL,224.65,HOLD,10.0,False,True,"['Price is above SMMA20', 'SMMA20 is below SMMA120', 'RSI is overbought']",2026-08-12 18:39:12
CROWN,CROWN-EQ,107.29,107.29,0.0,0.0,107.29,127.0,0.0,127.0,322.0,5045.0,106.73,113.57776417035889,121.4818741914434,21.64179104477607,,,,,,NONE,,SELL,85.0,False,True,"['Price is below SMMA20', 'SMMA20 is below SMMA120', 'RSI is strongly oversold']",2026-08-12 18:39:14
TOTAL,TOTAL-EQ,65.08,65.08,0.0,0.0,0.0,0.0,0.0,0.0,133.0,6465.0,64.88,55.83884771276577,59.77184446706949,74.31693989071039,,,,,,NONE,,HOLD,10.0,False,True,"['Price is above SMMA20', 'SMMA20 is below SMMA120', 'RSI is overbought']",2026-08-12 18:39:19
MOREPENLAB,MOREPENLAB-EQ,73.46,73.46,73.46,221.0,0.0,0.0,221.0,0.0,75.0,13287951.0,74.98,61.45863516003917,46.54616438053049,76.15135673388099,,,,,,NONE,,HOLD,50.0,False,True,"['Price is above SMMA20', 'SMMA20 is above SMMA120', 'RSI is overbought']",2026-08-12 18:39:23
PVP,PVP-EQ,34.15,34.15,0.0,0.0,34.15,4599.0,0.0,4599.0,60.0,994773.0,34.39,29.700244821685466,29.968885450181695,80.52580331061343,,,,,,NONE,,HOLD,10.0,False,True,"['Price is above SMMA20', 'SMMA20 is below SMMA120', 'RSI is overbought']",2026-08-12 18:39:25
BSE500IETF,BSE500IETF-EQ,39.97,39.97,0.0,0.0,39.97,70.0,0.0,70.0,5.0,81900.0,39.93,39.32264712422361,38.78232018992495,76.85185185185182,,,,,,BUY,39.34,HOLD,50.0,False,True,"['Price is above SMMA20', 'SMMA20 is above SMMA120', 'RSI is overbought']",2026-08-12 18:39:28
AVANTEL,AVANTEL-EQ,158.23,158.23,0.0,0.0,158.23,567.0,0.0,567.0,10.0,617572.0,159.13,166.7460976927908,156.58081138225404,36.25550660792952,,,,,,NONE,,HOLD,10.0,False,True,"['Price is below SMMA20', 'SMMA20 is above SMMA120', 'RSI shows weak momentum']",2026-08-12 18:39:32
INDOSTAR,INDOSTAR-EQ,246.5,246.5,0.0,0.0,246.5,30.0,0.0,30.0,318.0,78676.0,246.46,249.80201853775057,230.51324660567732,40.474741326841134,,,,,,BUY,242.45,HOLD,10.0,False,True,"['Price is below SMMA20', 'SMMA20 is above SMMA120', 'RSI shows weak momentum']",2026-08-12 18:39:35
VMM,VMM-EQ,108.0,108.0,0.0,0.0,108.0,13822.0,0.0,13822.0,100.0,11426190.0,107.35,112.7207721645469,119.20159898001803,44.01084010840106,,,,,,NONE,,SELL,70.0,False,True,"['Price is below SMMA20', 'SMMA20 is below SMMA120', 'RSI shows weak momentum']",2026-08-12 18:39:37
NATCAPSUQ,NATCAPSUQ-EQ,159.08,159.08,0.0,0.0,0.0,0.0,0.0,0.0,3.0,21717.0,160.62,151.7510985025884,159.3404924635944,55.77575675308808,,,,,,NONE,,HOLD,25.0,False,True,"['Price is above SMMA20', 'SMMA20 is below SMMA120', 'RSI shows healthy bullish momentum']",2026-08-12 18:39:40
NIACL,NIACL-EQ,181.09,181.09,0.0,0.0,181.09,3374.0,0.0,3374.0,150.0,2560837.0,182.66,174.67741146576344,159.23672521838495,58.13576494427559,,,,,,NONE,,BUY,85.0,False,True,"['Price is above SMMA20', 'SMMA20 is above SMMA120', 'RSI shows healthy bullish momentum']",2026-08-12 18:39:42
IGIL,IGIL-EQ,343.25,343.25,343.25,30.0,0.0,0.0,30.0,0.0,70.0,301469.0,343.22,351.07551054938415,339.1343294776459,49.62311557788943,,,,,,NONE,,HOLD,10.0,False,True,"['Price is below SMMA20', 'SMMA20 is above SMMA120', 'RSI shows weak momentum']",2026-08-12 18:39:44
MOTHERSON,MOTHERSON-EQ,169.5,169.5,169.5,1550.0,0.0,0.0,1550.0,0.0,50.0,15747026.0,169.96,149.83892361074902,131.01243471123777,79.51070336391442,,,,,,NONE,,HOLD,50.0,False,True,"['Price is above SMMA20', 'SMMA20 is above SMMA120', 'RSI is overbought']",2026-08-12 18:39:47
PRAJIND,PRAJIND-EQ,324.35,324.35,0.0,0.0,324.35,374.0,0.0,374.0,3.0,296523.0,326.17,334.2687501846428,334.78622033902127,51.55855096882901,,,,,,SELL,329.9,SELL,50.0,False,True,"['Price is below SMMA20', 'SMMA20 is below SMMA120', 'RSI shows mild bullish momentum']",2026-08-12 18:39:50
CINELINE,CINELINE-EQ,89.34,89.34,0.0,0.0,89.34,588.0,0.0,588.0,1.0,23195.0,89.83,83.55393736383377,84.03847643624003,65.77825159914714,,,,,,NONE,,HOLD,25.0,False,True,"['Price is above SMMA20', 'SMMA20 is below SMMA120', 'RSI shows healthy bullish momentum']",2026-08-12 18:39:53
SURYAROSNI,SURYAROSNI-EQ,224.55,224.55,224.55,111.0,0.0,0.0,111.0,0.0,400.0,1627671.0,227.9,245.03961189823522,243.8551476879207,38.896775501926605,,,,,,BUY,258.17,HOLD,10.0,False,True,"['Price is below SMMA20', 'SMMA20 is above SMMA120', 'RSI shows weak momentum']",2026-08-12 18:39:55
SHREDIGCEM,SHREDIGCEM-EQ,71.12,71.12,0.0,0.0,0.0,0.0,0.0,0.0,20.0,24941.0,71.45,73.1847559477221,74.6354269531916,36.37020968908172,,,,,,NONE,,SELL,70.0,False,True,"['Price is below SMMA20', 'SMMA20 is below SMMA120', 'RSI shows weak momentum']",2026-08-12 18:39:58
DIVOPPBEES,DIVOPPBEES-EQ,79.25,79.25,79.25,75.0,0.0,0.0,75.0,0.0,75.0,38315.0,79.23,78.02756001113201,79.6257326260366,76.03305785123968,,,,,,NONE,,HOLD,10.0,False,True,"['Price is above SMMA20', 'SMMA20 is below SMMA120', 'RSI is overbought']",2026-08-12 18:40:00
NTPCGREEN,NTPCGREEN-EQ,92.46,92.46,0.0,0.0,92.46,60.0,0.0,60.0,500.0,1946814.0,92.22,93.99304634876411,95.857457098906,28.044280442804435,,,,,,SELL,91.3,SELL,85.0,False,True,"['Price is below SMMA20', 'SMMA20 is below SMMA120', 'RSI is strongly oversold']",2026-08-12 18:40:04
VINEETLAB,VINEETLAB-EQ,38.98,38.98,0.0,0.0,0.0,0.0,0.0,0.0,1.0,73758.0,39.16,36.76315172865023,34.43001275987431,56.09195402298851,,,,,,NONE,,BUY,85.0,False,True,"['Price is above SMMA20', 'SMMA20 is above SMMA120', 'RSI shows healthy bullish momentum']",2026-08-12 18:40:09
QUADFUTURE,QUADFUTURE-EQ,355.8,355.8,0.0,0.0,355.8,1344.0,0.0,1344.0,25.0,317489.0,356.15,375.87245010100247,332.08339376381485,40.899280575539564,,,,,,NONE,,HOLD,10.0,False,True,"['Price is below SMMA20', 'SMMA20 is above SMMA120', 'RSI shows weak momentum']",2026-08-12 18:40:12
VSSL,VSSL-EQ,331.1,331.1,331.1,109.0,0.0,0.0,109.0,0.0,100.0,123427.0,331.26,301.55698706813007,273.04529386975656,73.13019390581721,,,,,,NONE,,HOLD,50.0,False,True,"['Price is above SMMA20', 'SMMA20 is above SMMA120', 'RSI is overbought']",2026-08-12 18:40:14
SILINV,SILINV-EQ,424.35,424.35,0.0,0.0,0.0,0.0,0.0,0.0,6.0,1448.0,424.14,425.1355070799799,443.18883392094176,53.851217906517455,,,,,,NONE,,SELL,50.0,False,True,"['Price is below SMMA20', 'SMMA20 is below SMMA120', 'RSI shows mild bullish momentum']",2026-08-12 18:40:17
LEMONTREE,LEMONTREE-EQ,109.16,109.16,0.0,0.0,0.0,0.0,0.0,0.0,10.0,2941490.0,108.8,112.44683653475322,121.8082118361506,47.62419006479479,,,,,,NONE,,SELL,70.0,False,True,"['Price is below SMMA20', 'SMMA20 is below SMMA120', 'RSI shows weak momentum']",2026-08-12 18:40:19
PCBL,PCBL-EQ,316.45,316.45,0.0,0.0,316.45,15438.0,0.0,15438.0,100.0,848789.0,318.14,317.8241754803495,295.77693313637246,48.94188780651662,,,,,,BUY,290.25,HOLD,10.0,False,True,"['Price is below SMMA20', 'SMMA20 is above SMMA120', 'RSI shows weak momentum']",2026-08-12 18:40:21
WALCHANNAG,WALCHANNAG-EQ,232.26,232.26,232.26,16052.0,0.0,0.0,16052.0,0.0,1892.0,1300831.0,236.31,240.79010457837958,207.86266049544753,48.6868686868687,,,,,,NONE,,HOLD,10.0,False,True,"['Price is below SMMA20', 'SMMA20 is above SMMA120', 'RSI shows weak momentum']",2026-08-12 18:40:24
VRAJ,VRAJ-EQ,123.34,123.34,0.0,0.0,123.34,375.0,0.0,375.0,1.0,19611.0,124.25,124.61501440767074,124.16570224425277,30.09238891333041,,,,,,BUY,131.64,HOLD,10.0,False,True,"['Price is below SMMA20', 'SMMA20 is above SMMA120', 'RSI shows weak momentum']",2026-08-12 18:40:26
SHANTIGEAR,SHANTIGEAR-EQ,399.2,399.2,0.0,0.0,0.0,0.0,0.0,0.0,29.0,11092.0,398.53,423.8172364338765,446.0409263803391,36.84210526315788,,,,,,NONE,,SELL,70.0,False,True,"['Price is below SMMA20', 'SMMA20 is below SMMA120', 'RSI shows weak momentum']",2026-08-12 18:40:29
TAINWALCHM,TAINWALCHM-EQ,203.94,203.94,0.0,0.0,203.94,42.0,0.0,42.0,12.0,4404.0,201.68,204.35496637334558,194.38058368427056,50.874918988982515,,,,,,NONE,,HOLD,10.0,False,True,"['Price is below SMMA20', 'SMMA20 is above SMMA120', 'RSI shows mild bullish momentum']",2026-08-12 18:40:31
INNOVANA,INNOVANA-EQ,327.35,327.35,0.0,0.0,0.0,0.0,0.0,0.0,1.0,806.0,325.25,330.9718016171339,365.17261174091584,49.896587383660815,,,,,,NONE,,SELL,70.0,False,True,"['Price is below SMMA20', 'SMMA20 is below SMMA120', 'RSI shows weak momentum']",2026-08-12 18:40:33
GODIGIT,GODIGIT-EQ,262.8,262.8,0.0,0.0,262.8,858.0,0.0,858.0,15.0,221410.0,262.52,281.93398738538974,313.8126805038565,39.989350372736936,,,,,,NONE,,SELL,70.0,False,True,"['Price is below SMMA20', 'SMMA20 is below SMMA120', 'RSI shows weak momentum']",2026-08-12 18:40:36
HERANBA,HERANBA-EQ,171.82,171.82,0.0,0.0,0.0,0.0,0.0,0.0,461.0,25124.0,172.32,180.8690152399764,200.6993275181971,43.205177007993925,,,,,,NONE,,SELL,70.0,False,True,"['Price is below SMMA20', 'SMMA20 is below SMMA120', 'RSI shows weak momentum']",2026-08-12 18:40:39
KROSS,KROSS-EQ,204.77,204.77,0.0,0.0,204.77,183.0,0.0,183.0,1.0,948369.0,206.91,196.19738265461447,192.21428748885657,49.670901576611065,,,,,,BUY,206.13,HOLD,50.0,False,True,"['Price is above SMMA20', 'SMMA20 is above SMMA120', 'RSI shows weak momentum']",2026-08-12 18:40:41
BANARBEADS,BANARBEADS-EQ,113.33,113.33,0.0,0.0,0.0,0.0,0.0,0.0,10.0,5587.0,114.43,112.59177430799211,114.00568750120131,47.440944881889784,,,,,,NONE,,HOLD,10.0,False,True,"['Price is above SMMA20', 'SMMA20 is below SMMA120', 'RSI shows weak momentum']",2026-08-12 18:40:43
SURYODAY,SURYODAY-EQ,160.89,160.89,0.0,0.0,160.89,193.0,0.0,193.0,41.0,417814.0,160.89,170.8345989518652,151.84855003096047,10.459062943681943,,,,,,NONE,,HOLD,25.0,False,True,"['Price is below SMMA20', 'SMMA20 is above SMMA120', 'RSI is strongly oversold']",2026-08-12 18:40:46
RALLIS,RALLIS-EQ,209.41,209.41,209.41,73.0,0.0,0.0,73.0,0.0,40.0,1372270.0,209.13,224.15672550681697,248.102009116277,26.1940864291129,,,,,,NONE,,SELL,85.0,False,True,"['Price is below SMMA20', 'SMMA20 is below SMMA120', 'RSI is strongly oversold']",2026-08-12 18:40:48
SONATSOFTW,SONATSOFTW-EQ,323.45,323.45,0.0,0.0,323.45,1528.0,0.0,1528.0,1.0,771417.0,327.62,304.6586169659076,292.02965221041956,63.009743774810545,,,,,,BUY,308.9,BUY,85.0,False,True,"['Price is above SMMA20', 'SMMA20 is above SMMA120', 'RSI shows healthy bullish momentum']",2026-08-12 18:40:51
MOSERVICE,MOSERVICE-EQ,31.34,31.34,0.0,0.0,0.0,0.0,0.0,0.0,1.0,6312.0,31.24,31.18722397162826,31.555279173593213,70.73170731707319,,,,,,NONE,,HOLD,10.0,False,True,"['Price is above SMMA20', 'SMMA20 is below SMMA120', 'RSI is overbought']",2026-08-12 18:40:53
IFGLEXPOR,IFGLEXPOR-EQ,212.93,212.93,0.0,0.0,0.0,0.0,0.0,0.0,66.0,31996.0,217.18,207.16859539457832,187.43924125889254,62.70200387847448,,,,,,BUY,198.2,BUY,85.0,False,True,"['Price is above SMMA20', 'SMMA20 is above SMMA120', 'RSI shows healthy bullish momentum']",2026-08-12 18:40:55
DTIL,DTIL-EQ,140.5,140.5,140.5,25.0,0.0,0.0,25.0,0.0,1.0,20502.0,139.76,135.2193195442085,140.14823278634535,68.37286724927176,,,,,,NONE,,HOLD,25.0,False,True,"['Price is above SMMA20', 'SMMA20 is below SMMA120', 'RSI shows healthy bullish momentum']",2026-08-12 18:40:59
BSL,BSL-EQ,123.08,123.08,0.0,0.0,123.08,611.0,0.0,611.0,1.0,1936.0,123.06,125.63175544054647,130.87533869867863,41.70212765957452,,,,,,NONE,,SELL,70.0,False,True,"['Price is below SMMA20', 'SMMA20 is below SMMA120', 'RSI shows weak momentum']",2026-08-12 18:41:01
CONSUMAXIS,CONSUMAXIS-EQ,125.92,125.92,0.0,0.0,0.0,0.0,0.0,0.0,1.0,4269.0,123.98,121.88174945332939,119.20966760160258,64.4939965694683,,,,,,BUY,120.05,BUY,85.0,False,True,"['Price is above SMMA20', 'SMMA20 is above SMMA120', 'RSI shows healthy bullish momentum']",2026-08-12 18:41:04
NYKAA,NYKAA-EQ,328.05,328.05,0.0,0.0,328.05,180.0,0.0,180.0,3.0,3832007.0,325.52,318.0924832354006,276.3846859468793,51.14068441064639,,,,,,NONE,,BUY,70.0,False,True,"['Price is above SMMA20', 'SMMA20 is above SMMA120', 'RSI shows mild bullish momentum']",2026-08-12 18:41:06
NIFTYADD,NIFTYADD-EQ,258.35,258.35,0.0,0.0,0.0,0.0,0.0,0.0,1.0,23301.0,256.4,254.5268927783768,256.9071998413763,65.75716234652094,,,,,,NONE,,HOLD,25.0,False,True,"['Price is above SMMA20', 'SMMA20 is below SMMA120', 'RSI shows healthy bullish momentum']",2026-08-12 18:41:09
SMARTWORKS,SMARTWORKS-EQ,488.5,488.5,0.0,0.0,0.0,0.0,0.0,0.0,2.0,133870.0,484.77,473.62753760439534,450.05414356611567,55.590452261306524,,,,,,BUY,453.9,BUY,85.0,False,True,"['Price is above SMMA20', 'SMMA20 is above SMMA120', 'RSI shows healthy bullish momentum']",2026-08-12 18:41:11
HPAL,HPAL-EQ,40.42,40.42,0.0,0.0,40.42,17988.0,0.0,17988.0,400.0,1285237.0,41.38,34.94020347393312,36.80741456430052,79.01234567901238,,,,,,NONE,,HOLD,10.0,False,True,"['Price is above SMMA20', 'SMMA20 is below SMMA120', 'RSI is overbought']",2026-08-12 18:41:13
MANAKCOAT,MANAKCOAT-EQ,117.5,117.5,0.0,0.0,0.0,0.0,0.0,0.0,163.0,805369.0,114.5,117.77090827171227,117.11930243339937,29.516129032258107,,,,,,BUY,126.11,HOLD,25.0,False,True,"['Price is below SMMA20', 'SMMA20 is above SMMA120', 'RSI is strongly oversold']",2026-08-12 18:41:16
ROLEXRINGS,ROLEXRINGS-EQ,173.01,173.01,0.0,0.0,173.01,3328.0,0.0,3328.0,3.0,14359357.0,173.79,147.60513562530417,136.5096570445622,82.33812949640284,,,,,,NONE,,HOLD,50.0,False,True,"['Price is above SMMA20', 'SMMA20 is above SMMA120', 'RSI is overbought']",2026-08-12 18:41:18
PROSTARM,PROSTARM-EQ,142.5,142.5,0.0,0.0,142.5,3415.0,0.0,3415.0,50.0,256986.0,144.01,135.29408999680538,147.21146755515974,72.92182924082,,,,,,NONE,,HOLD,10.0,False,True,"['Price is above SMMA20', 'SMMA20 is below SMMA120', 'RSI is overbought']",2026-08-12 18:41:21
LAGNAM,LAGNAM-EQ,80.5,80.5,0.0,0.0,80.5,1.0,0.0,1.0,1.0,6950.0,80.89,83.84089542241381,76.2651064496566,25.819465456379206,,,,,,NONE,,HOLD,25.0,False,True,"['Price is below SMMA20', 'SMMA20 is above SMMA120', 'RSI is strongly oversold']",2026-08-12 18:41:23
CUB,CUB-EQ,215.85,215.85,0.0,0.0,215.85,1768.0,0.0,1768.0,10.0,1867608.0,216.65,212.91884883484562,204.88225700293478,47.30810234541578,,,,,,BUY,220.08,HOLD,50.0,False,True,"['Price is above SMMA20', 'SMMA20 is above SMMA120', 'RSI shows weak momentum']",2026-08-12 18:41:27
KPIGREEN,KPIGREEN-EQ,337.2,337.2,337.2,39.0,0.0,0.0,39.0,0.0,17.0,1775887.0,342.41,389.2624552012809,409.51631524057314,17.30295566502464,,,,,,SELL,409.15,SELL,85.0,False,True,"['Price is below SMMA20', 'SMMA20 is below SMMA120', 'RSI is strongly oversold']",2026-08-12 18:41:29
MSCIADD,MSCIADD-EQ,30.04,30.04,0.0,0.0,0.0,0.0,0.0,0.0,400.0,12396.0,30.0,29.685607877734405,29.481770347243135,68.42105263157896,,,,,,BUY,30.18,BUY,85.0,False,True,"['Price is above SMMA20', 'SMMA20 is above SMMA120', 'RSI shows healthy bullish momentum']",2026-08-12 18:41:31
GROWWMC150,GROWWMC150-EQ,232.18,232.18,0.0,0.0,232.18,300.0,0.0,300.0,50.0,2786.0,233.61,230.16102687554522,221.3789332825534,56.17857142857144,,,,,,NONE,,BUY,85.0,False,True,"['Price is above SMMA20', 'SMMA20 is above SMMA120', 'RSI shows healthy bullish momentum']",2026-08-12 18:41:34
DMCC,DMCC-EQ,299.3,299.3,0.0,0.0,0.0,0.0,0.0,0.0,100.0,120683.0,299.58,272.9440739936798,254.07410986941204,68.97205116058737,,,,,,NONE,,BUY,85.0,False,True,"['Price is above SMMA20', 'SMMA20 is above SMMA120', 'RSI shows healthy bullish momentum']",2026-08-12 18:41:36
JAINREC,JAINREC-EQ,303.0,303.0,0.0,0.0,303.0,767.0,0.0,767.0,50.0,1065167.0,302.62,340.6296879066066,392.2640508290625,29.059829059829042,,,,,,SELL,337.95,SELL,85.0,False,True,"['Price is below SMMA20', 'SMMA20 is below SMMA120', 'RSI is strongly oversold']",2026-08-12 18:41:39
MWL,MWL-EQ,41.59,41.59,41.59,1000.0,0.0,0.0,1000.0,0.0,250.0,259389.0,41.66,38.13552740912574,31.96246268686047,75.4385964912281,,,,,,NONE,,HOLD,50.0,False,True,"['Price is above SMMA20', 'SMMA20 is above SMMA120', 'RSI is overbought']",2026-08-12 18:41:41
CHEMICAL,CHEMICAL-EQ,30.54,30.54,30.54,566.0,0.0,0.0,566.0,0.0,30.0,316689.0,30.52,30.11487626560618,28.749935412793896,56.38629283489098,,,,,,NONE,,BUY,85.0,False,True,"['Price is above SMMA20', 'SMMA20 is above SMMA120', 'RSI shows healthy bullish momentum']",2026-08-12 18:41:44
IRCON,IRCON-EQ,126.18,126.18,126.18,963.0,0.0,0.0,963.0,0.0,1.0,1396832.0,126.79,131.12262137979354,143.12161314532176,51.87436676798381,,,,,,NONE,,SELL,50.0,False,True,"['Price is below SMMA20', 'SMMA20 is below SMMA120', 'RSI shows mild bullish momentum']",2026-08-12 18:41:46
BANKBARODA,BANKBARODA-EQ,251.0,251.0,0.0,0.0,251.0,7573.0,0.0,7573.0,422.0,8298917.0,249.79,252.58184777466408,275.2691530527857,58.70967741935484,,,,,,NONE,,HOLD,35.0,False,True,"['Price is below SMMA20', 'SMMA20 is below SMMA120', 'RSI shows healthy bullish momentum']",2026-08-12 18:41:48
INDIQUBE,INDIQUBE-EQ,183.79,183.79,0.0,0.0,183.79,100.0,0.0,100.0,25.0,34840.0,182.96,173.86979665743405,173.3540599294228,56.54492135430552,,,,,,BUY,184.05,BUY,85.0,False,True,"['Price is above SMMA20', 'SMMA20 is above SMMA120', 'RSI shows healthy bullish momentum']",2026-08-12 18:41:51
NIPPOBATRY,NIPPOBATRY-EQ,327.95,327.95,0.0,0.0,0.0,0.0,0.0,0.0,1.0,2347.0,329.34,335.4802476979595,351.81934343649726,53.74787052810902,,,,,,NONE,,SELL,50.0,False,True,"['Price is below SMMA20', 'SMMA20 is below SMMA120', 'RSI shows mild bullish momentum']",2026-08-12 18:41:53
BAJAJHCARE,BAJAJHCARE-EQ,327.45,327.45,0.0,0.0,0.0,0.0,0.0,0.0,1.0,77004.0,327.77,331.56008806672304,340.85459456316664,60.065645514223164,,,,,,NONE,,HOLD,35.0,False,True,"['Price is below SMMA20', 'SMMA20 is below SMMA120', 'RSI shows healthy bullish momentum']",2026-08-12 18:41:59
EQUAL50,EQUAL50-EQ,337.69,337.69,0.0,0.0,0.0,0.0,0.0,0.0,50.0,8827.0,337.89,333.18737817375074,328.12996305263255,68.3266038582325,,,,,,BUY,333.21,BUY,85.0,False,True,"['Price is above SMMA20', 'SMMA20 is above SMMA120', 'RSI shows healthy bullish momentum']",2026-08-12 18:42:01
MBEL,MBEL-EQ,268.05,268.05,0.0,0.0,268.05,305.0,0.0,305.0,154.0,579001.0,270.85,299.0445653891046,316.7135969943179,32.556445739257114,,,,,,NONE,,SELL,70.0,False,True,"['Price is below SMMA20', 'SMMA20 is below SMMA120', 'RSI shows weak momentum']",2026-08-12 18:42:04
MODIS,MODIS-EQ,404.9,404.9,0.0,0.0,0.0,0.0,0.0,0.0,4.0,16211.0,407.16,376.3584009957946,342.57522040598116,51.75013462574044,,,,,,NONE,,BUY,70.0,False,True,"['Price is above SMMA20', 'SMMA20 is above SMMA120', 'RSI shows mild bullish momentum']",2026-08-12 18:42:06
MEIL,MEIL-EQ,274.95,274.95,0.0,0.0,274.95,25.0,0.0,25.0,40.0,33202.0,274.01,292.0924784147177,297.64074684578804,40.075757575757564,,,,,,SELL,289.0,SELL,70.0,False,True,"['Price is below SMMA20', 'SMMA20 is below SMMA120', 'RSI shows weak momentum']",2026-08-12 18:42:09
ARSSBL,ARSSBL-EQ,495.8,495.8,495.8,56.0,0.0,0.0,56.0,0.0,4.0,165771.0,500.63,526.7507648747248,550.5954905400575,38.67256637168139,,,,,,NONE,,SELL,70.0,False,True,"['Price is below SMMA20', 'SMMA20 is below SMMA120', 'RSI shows weak momentum']",2026-08-12 18:42:11
MAHLIFE,MAHLIFE-EQ,382.85,382.85,0.0,0.0,382.85,1944.0,0.0,1944.0,46.0,69600.0,382.89,373.6641789367221,360.3732913008364,54.31985294117646,,,,,,BUY,377.25,BUY,70.0,False,True,"['Price is above SMMA20', 'SMMA20 is above SMMA120', 'RSI shows mild bullish momentum']",2026-08-12 18:42:16
EXCELSOFT,EXCELSOFT-EQ,75.17,75.17,75.17,30.0,0.0,0.0,30.0,0.0,2.0,328439.0,75.3,79.43461931725496,82.69601027332784,51.24752475247524,,,,,,SELL,77.21,SELL,50.0,False,True,"['Price is below SMMA20', 'SMMA20 is below SMMA120', 'RSI shows mild bullish momentum']",2026-08-12 18:42:24
CAMPUS,CAMPUS-EQ,219.03,219.03,219.03,259.0,0.0,0.0,259.0,0.0,200.0,530672.0,218.14,226.87611489561655,243.5606077390299,49.85047158960203,,,,,,NONE,,SELL,70.0,False,True,"['Price is below SMMA20', 'SMMA20 is below SMMA120', 'RSI shows weak momentum']",2026-08-12 18:42:27
TATAMOTORS,TATAMOTORS-EQ,343.0,343.0,343.0,3287.0,0.0,0.0,3287.0,0.0,3.0,22384343.0,340.05,344.5490938445218,351.5963058222323,68.9102564102564,,,,,,SELL,333.0,HOLD,35.0,False,True,"['Price is below SMMA20', 'SMMA20 is below SMMA120', 'RSI shows healthy bullish momentum']",2026-08-12 18:42:29
RITCO,RITCO-EQ,301.95,301.95,0.0,0.0,0.0,0.0,0.0,0.0,1.0,195859.0,301.64,282.6922918332832,249.48431221584886,54.68438538205981,,,,,,NONE,,BUY,70.0,False,True,"['Price is above SMMA20', 'SMMA20 is above SMMA120', 'RSI shows mild bullish momentum']",2026-08-12 18:42:32
DCW,DCW-EQ,45.97,45.97,0.0,0.0,45.97,2708.0,0.0,2708.0,98.0,643999.0,46.16,47.04203871943749,48.43835994326757,52.04216073781293,,,,,,NONE,,SELL,50.0,False,True,"['Price is below SMMA20', 'SMMA20 is below SMMA120', 'RSI shows mild bullish momentum']",2026-08-12 18:42:34
RELCHEMQ,RELCHEMQ-EQ,119.75,119.75,0.0,0.0,119.75,10.0,0.0,10.0,9.0,16170.0,121.65,128.0176033094943,126.16991690011679,38.2421875,,,,,,BUY,137.76,HOLD,10.0,False,True,"['Price is below SMMA20', 'SMMA20 is above SMMA120', 'RSI shows weak momentum']",2026-08-12 18:42:36
BALAJITELE,BALAJITELE-EQ,91.0,91.0,0.0,0.0,0.0,0.0,0.0,0.0,86.0,153227.0,91.16,87.92861263951022,93.89657098948068,67.32991014120668,,,,,,NONE,,HOLD,25.0,False,True,"['Price is above SMMA20', 'SMMA20 is below SMMA120', 'RSI shows healthy bullish momentum']",2026-08-12 18:42:39
IMAGICAA,IMAGICAA-EQ,47.5,47.5,0.0,0.0,47.5,1.0,0.0,1.0,500.0,503033.0,48.25,47.28507423517664,46.35489290691266,52.312925170068034,,,,,,BUY,47.62,BUY,70.0,False,True,"['Price is above SMMA20', 'SMMA20 is above SMMA120', 'RSI shows mild bullish momentum']",2026-08-12 18:42:41
GSEC5IETF,GSEC5IETF-EQ,66.55,66.55,0.0,0.0,0.0,0.0,0.0,0.0,2950.0,12035.0,66.59,66.05272088662069,64.84874950096791,53.3333333333334,,,,,,NONE,,BUY,70.0,False,True,"['Price is above SMMA20', 'SMMA20 is above SMMA120', 'RSI shows mild bullish momentum']",2026-08-12 18:42:44
GROWWPSE,GROWWPSE-EQ,100.4,100.4,0.0,0.0,0.0,0.0,0.0,0.0,120.0,16587.0,98.93,100.17315441167867,102.0378278288966,50.945775535939504,,,,,,NONE,,HOLD,10.0,False,True,"['Price is above SMMA20', 'SMMA20 is below SMMA120', 'RSI shows mild bullish momentum']",2026-08-12 18:42:47
DALMIASUG,DALMIASUG-EQ,410.1,410.1,410.1,1986.0,0.0,0.0,1986.0,0.0,100.0,210455.0,405.64,371.2441988729637,334.3739305511331,66.54929577464787,,,,,,NONE,,BUY,85.0,False,True,"['Price is above SMMA20', 'SMMA20 is above SMMA120', 'RSI shows healthy bullish momentum']",2026-08-12 18:42:51
UMIYA-MRO,UMIYA-MRO-EQ,89.8,89.8,0.0,0.0,0.0,0.0,0.0,0.0,66.0,1220.0,89.05,89.27908756814118,86.25268633140016,52.39852398523983,,,,,,NONE,,BUY,70.0,False,True,"['Price is above SMMA20', 'SMMA20 is above SMMA120', 'RSI shows mild bullish momentum']",2026-08-12 18:42:53
SHREERAMA,SHREERAMA-EQ,38.38,38.38,38.38,212.0,0.0,0.0,212.0,0.0,288.0,115769.0,39.01,40.89890292819766,49.111732955920004,37.457817772778455,,,,,,NONE,,SELL,70.0,False,True,"['Price is below SMMA20', 'SMMA20 is below SMMA120', 'RSI shows weak momentum']",2026-08-12 18:42:56
